,GeneName,Group
0,AAK1,Other
1,AANAT,Non-kinase
2,AARS2,Non-kinase
3,AATF,Non-kinase
4,AATK,TK
5,ABCA1,Non-kinase
6,ABCB1,Non-kinase
7,ABCC1,Non-kinase
8,ABCF1,Non-kinase
9,ABCG2,Non-kinase
10,ABI1,Non-kinase
11,ABL1,TK
12,ABL2,TK
13,ABR,Atypical
14,ABRAXAS1,Non-kinase
15,ACACA,Non-kinase
16,ACACB,Non-kinase
17,ACADVL,Non-kinase
18,ACAP1,Non-kinase
19,ACAT1,Non-kinase
20,ACBD5,Non-kinase
21,ACD,Non-kinase
22,ACE,Non-kinase
23,ACE2,Non-kinase
24,ACIN1,Non-kinase
25,ACLY,Non-kinase
26,ACO1,Non-kinase
27,ACO2,Non-kinase
28,ACOT4,Non-kinase
29,ACP1,Non-kinase
30,ACSL4,Non-kinase
31,ACSS2,Non-kinase
32,ACTN1,Non-kinase
33,ACTN4,Non-kinase
34,ACTR2,Non-kinase
35,ACVR1,TKL
36,ACVR1B,TKL
37,ACVR1C,TKL
38,ACVR2B,TKL
39,ACVRL1,TKL
40,ADAM15,Non-kinase
41,ADAM17,Non-kinase
42,ADAP1,Non-kinase
43,ADAR,Non-kinase
44,ADARB1,Non-kinase
45,ADCK5,Atypical
46,ADCY3,Non-kinase
47,ADCY6,Non-kinase
48,ADD1,Non-kinase
49,ADD2,Non-kinase
50,ADD3,Non-kinase
51,ADIPOR1,Non-kinase
52,ADRA1B,Non-kinase
53,ADRA1D,Non-kinase
54,ADRA2A,Non-kinase
55,ADRB1,Non-kinase
56,ADRB2,Non-kinase
57,AEBP1,Non-kinase
58,AFAP1,Non-kinase
59,AFAP1L2,Non-kinase
60,AFDN,Non-kinase
61,AGAP2,Non-kinase
62,AGER,Non-kinase
63,AGO2,Non-kinase
64,AGTR1,Non-kinase
65,AHCYL1,Non-kinase
66,AHNAK,Non-kinase
67,AHNAK2,Non-kinase
68,AHR,Non-kinase
69,AHSA1,Non-kinase
70,AICDA,Non-kinase
71,AIFM1,Non-kinase
72,AIMP1,Non-kinase
73,AIMP2,Non-kinase
74,AIP,Non-kinase
75,AIRE,Non-kinase
76,AJUBA,Non-kinase
77,AKAP11,Non-kinase
78,AKAP12,Non-kinase
79,AKAP13,Non-kinase
80,AKAP4,Non-kinase
81,AKAP5,Non-kinase
82,AKAP8,Non-kinase
83,AKAP9,Non-kinase
84,AKIRIN2,Non-kinase
85,AKT1,AGC
86,AKT1S1,Non-kinase
87,AKT2,AGC
88,AKT3,AGC
89,ALDH1A1,Non-kinase
90,ALDH2,Non-kinase
91,ALDH5A1,Non-kinase
92,ALK,TK
93,ALOX5,Non-kinase
94,ALPK1,Atypical
95,ALPK2,Atypical
96,ALPK3,Atypical
97,ALYREF,Non-kinase
98,AMBRA1,Non-kinase
99,AMFR,Non-kinase
100,AMOT,Non-kinase
101,AMOTL1,Non-kinase
102,AMOTL2,Non-kinase
103,AMPH,Non-kinase
104,ANAPC1,Non-kinase
105,ANAPC4,Non-kinase
106,ANAPC7,Non-kinase
107,ANKK1,TKL
108,ANKLE2,Non-kinase
109,ANKRD12,Non-kinase
110,ANKRD17,Non-kinase
111,ANKRD2,Non-kinase
112,ANKRD28,Non-kinase
113,ANP32A,Non-kinase
114,ANP32B,Non-kinase
115,ANXA1,Non-kinase
116,ANXA2,Non-kinase
117,ANXA2P2,Non-kinase
118,AP1B1,Non-kinase
119,AP1M1,Non-kinase
120,AP2B1,Non-kinase
121,AP2M1,Non-kinase
122,AP3B1,Non-kinase
123,APAF1,Non-kinase
124,APBA3,Non-kinase
125,APBB1,Non-kinase
126,APC,Non-kinase
127,APEX1,Non-kinase
128,APLF,Non-kinase
129,APLP2,Non-kinase
130,APOBEC3B,Non-kinase
131,APOBEC3G,Non-kinase
132,APOE,Non-kinase
133,APP,Non-kinase
134,APPL1,Non-kinase
135,APTX,Non-kinase
136,AQP1,Non-kinase
137,AQP2,Non-kinase
138,AQP4,Non-kinase
139,AQP5,Non-kinase
140,AQP9,Non-kinase
141,AR,Non-kinase
142,ARAF,TKL
143,ARAP1,Non-kinase
144,AREL1,Non-kinase
145,ARFGEF1,Non-kinase
146,ARFIP1,Non-kinase
147,ARFIP2,Non-kinase
148,ARHGAP15,Non-kinase
149,ARHGAP17,Non-kinase
150,ARHGAP19,Non-kinase
151,ARHGAP21,Non-kinase
152,ARHGAP22,Non-kinase
153,ARHGAP23,Non-kinase
154,ARHGAP24,Non-kinase
155,ARHGAP26,Non-kinase
156,ARHGAP31,Non-kinase
157,ARHGAP33,Non-kinase
158,ARHGAP35,Non-kinase
159,ARHGAP5,Non-kinase
160,ARHGAP8,Non-kinase
161,ARHGDIA,Non-kinase
162,ARHGDIB,Non-kinase
163,ARHGEF1,Non-kinase
164,ARHGEF15,Non-kinase
165,ARHGEF17,Non-kinase
166,ARHGEF2,Non-kinase
167,ARHGEF4,Non-kinase
168,ARHGEF6,Non-kinase
169,ARHGEF7,Non-kinase
170,ARID1A,Non-kinase
171,ARID4A,Non-kinase
172,ARMC10,Non-kinase
173,ARNT,Non-kinase
174,ARPC1B,Non-kinase
175,ARPC5,Non-kinase
176,ARPP19,Non-kinase
177,ARPP21,Non-kinase
178,ARRB1,Non-kinase
179,ARRB2,Non-kinase
180,ARX,Non-kinase
181,ASAP1,Non-kinase
182,ASAP3,Non-kinase
183,ASB2,Non-kinase
184,ASB8,Non-kinase
185,ASF1A,Non-kinase
186,ASF1B,Non-kinase
187,ASGR2,Non-kinase
188,ASIC1,Non-kinase
189,ASIC3,Non-kinase
190,ATAD5,Non-kinase
191,ATAT1,Non-kinase
192,ATF1,Non-kinase
193,ATF2,Non-kinase
194,ATF4,Non-kinase
195,ATF6,Non-kinase
196,ATF7,Non-kinase
197,ATG101,Non-kinase
198,ATG13,Non-kinase
199,ATG14,Non-kinase
200,ATG16L1,Non-kinase
201,ATG2B,Non-kinase
202,ATG4B,Non-kinase
203,ATG5,Non-kinase
204,ATG9A,Non-kinase
205,ATIC,Non-kinase
206,ATM,Atypical
207,ATN1,Non-kinase
208,ATOH1,Non-kinase
209,ATP1A1,Non-kinase
210,ATP2A2,Non-kinase
211,ATP2B1,Non-kinase
212,ATP2B2,Non-kinase
213,ATP2B4,Non-kinase
214,ATP5F1C,Non-kinase
215,ATP5IF1,Non-kinase
216,ATP7A,Non-kinase
217,ATP7B,Non-kinase
218,ATR,Atypical
219,ATRIP,Non-kinase
220,ATXN1,Non-kinase
221,ATXN10,Non-kinase
222,ATXN2L,Non-kinase
223,ATXN3,Non-kinase
224,AURKA,Other
225,AURKAIP1,Non-kinase
226,AURKB,Other
227,AURKC,Other
228,AVEN,Non-kinase
229,AVPR2,Non-kinase
230,AXIN1,Non-kinase
231,AXIN2,Non-kinase
232,AXL,TK
233,BABAM1,Non-kinase
234,BACE1,Non-kinase
235,BACH2,Non-kinase
236,BAD,Non-kinase
237,BAG2,Non-kinase
238,BAG3,Non-kinase
239,BAG6,Non-kinase
240,BAIAP2,Non-kinase
241,BAIAP2L1,Non-kinase
242,BAK1,Non-kinase
243,BANF1,Non-kinase
244,BANP,Non-kinase
245,BAP18,Non-kinase
246,BARD1,Non-kinase
247,BAX,Non-kinase
248,BAZ1A,Atypical
249,BAZ1B,Atypical
250,BAZ2A,Non-kinase
251,BBC3,Non-kinase
252,BCAM,Non-kinase
253,BCAR1,Non-kinase
254,BCKDHA,Non-kinase
255,BCKDK,Atypical
256,BCL10,Non-kinase
257,BCL11B,Non-kinase
258,BCL2,Non-kinase
259,BCL2L1,Non-kinase
260,BCL2L11,Non-kinase
261,BCL2L12,Non-kinase
262,BCL3,Non-kinase
263,BCL6,Non-kinase
264,BCL9,Non-kinase
265,BCLAF1,Non-kinase
266,BCR,Atypical
267,BDKRB2,Non-kinase
268,BDNF,Non-kinase
269,BECN1,Non-kinase
270,BEST1,Non-kinase
271,BEX1,Non-kinase
272,BHLHE40,Non-kinase
273,BICD1,Non-kinase
274,BID,Non-kinase
275,BIK,Non-kinase
276,BIN1,Non-kinase
277,BIRC5,Non-kinase
278,BLK,TK
279,BLM,Non-kinase
280,BLNK,Non-kinase
281,BLVRA,Atypical
282,BMAL1,Non-kinase
283,BMF,Non-kinase
284,BMI1,Non-kinase
285,BMP2K,Other
286,BMPR1A,TKL
287,BMPR1B,TKL
288,BMX,TK
289,BNC1,Non-kinase
290,BNIP3,Non-kinase
291,BNIP3L,Non-kinase
292,BOD1L1,Non-kinase
293,BORA,Non-kinase
294,BRAF,TKL
295,BRCA1,Non-kinase
296,BRCA2,Non-kinase
297,BRD2,Atypical
298,BRD3,Atypical
299,BRD4,Atypical
300,BRD9,Non-kinase
301,BRDT,Atypical
302,BRF1,Non-kinase
303,BRMS1,Non-kinase
304,BRSK1,CAMK
305,BRSK2,CAMK
306,BSG,Non-kinase
307,BTG1,Non-kinase
308,BTG2,Non-kinase
309,BTK,TK
310,BTLA,Non-kinase
311,BTRC,Non-kinase
312,BUB1,Other
313,BUB1B,Other
314,BUB3,Non-kinase
315,BUD13,Non-kinase
316,C1QBP,Non-kinase
317,C1R,Non-kinase
318,C1orf112,Non-kinase
319,C1orf198,Non-kinase
320,C2CD5,Non-kinase
321,C2orf49,Non-kinase
322,C5AR1,Non-kinase
323,C9orf40,Non-kinase
324,CA9,Non-kinase
325,CAAP1,Non-kinase
326,CABLES1,Non-kinase
327,CABP1,Non-kinase
328,CABYR,Non-kinase
329,CACNA1B,Non-kinase
330,CACNA1C,Non-kinase
331,CACNA1D,Non-kinase
332,CACNA1H,Non-kinase
333,CACNA1S,Non-kinase
334,CACNB1,Non-kinase
335,CACNB2,Non-kinase
336,CACNG2,Non-kinase
337,CAD,Non-kinase
338,CALD1,Non-kinase
339,CALM1,Non-kinase
340,CALM2,Non-kinase
341,CALM3,Non-kinase
342,CALU,Non-kinase
343,CAMK1,CAMK
344,CAMK1D,CAMK
345,CAMK1G,CAMK
346,CAMK2A,CAMK
347,CAMK2B,CAMK
348,CAMK2D,CAMK
349,CAMK2G,CAMK
350,CAMK4,CAMK
351,CAMKK1,Other
352,CAMKK2,Other
353,CAMKV,CAMK
354,CAMSAP1,Non-kinase
355,CAMSAP2,Non-kinase
356,CANX,Non-kinase
357,CAP1,Non-kinase
358,CAPN1,Non-kinase
359,CAPN2,Non-kinase
360,CAPZA1,Non-kinase
361,CAPZB,Non-kinase
362,CARD11,Non-kinase
363,CARD9,Non-kinase
364,CARHSP1,Non-kinase
365,CARM1,Non-kinase
366,CASK,CAMK
367,CASKIN1,Non-kinase
368,CASP1,Non-kinase
369,CASP2,Non-kinase
370,CASP3,Non-kinase
371,CASP6,Non-kinase
372,CASP7,Non-kinase
373,CASP8,Non-kinase
374,CASP9,Non-kinase
375,CASQ2,Non-kinase
376,CASR,Non-kinase
377,CAST,Non-kinase
378,CASTOR1,Non-kinase
379,CAT,Non-kinase
380,CAV1,Non-kinase
381,CAV2,Non-kinase
382,CAVIN1,Non-kinase
383,CBL,Non-kinase
384,CBLB,Non-kinase
385,CBLC,Non-kinase
386,CBS,Non-kinase
387,CBX1,Non-kinase
388,CBX3,Non-kinase
389,CBX4,Non-kinase
390,CBX5,Non-kinase
391,CBX8,Non-kinase
392,CBY1,Non-kinase
393,CC2D1A,Non-kinase
394,CCAR2,Non-kinase
395,CCDC50,Non-kinase
396,CCDC6,Non-kinase
397,CCDC80,Non-kinase
398,CCDC82,Non-kinase
399,CCDC86,Non-kinase
400,CCDC88A,Non-kinase
401,CCDC88C,Non-kinase
402,CCM2,Non-kinase
403,CCNA2,Non-kinase
404,CCNB1,Non-kinase
405,CCND1,Non-kinase
406,CCND2,Non-kinase
407,CCND3,Non-kinase
408,CCNE1,Non-kinase
409,CCNF,Non-kinase
410,CCNH,Non-kinase
411,CCNL2,Non-kinase
412,CCNO,Non-kinase
413,CCNT1,Non-kinase
414,CCNY,Non-kinase
415,CCP110,Non-kinase
416,CCR2,Non-kinase
417,CCR5,Non-kinase
418,CCR7,Non-kinase
419,CCT2,Non-kinase
420,CD163,Non-kinase
421,CD19,Non-kinase
422,CD226,Non-kinase
423,CD247,Non-kinase
424,CD274,Non-kinase
425,CD28,Non-kinase
426,CD300LB,Non-kinase
427,CD300LF,Non-kinase
428,CD33,Non-kinase
429,CD34,Non-kinase
430,CD36,Non-kinase
431,CD3E,Non-kinase
432,CD3G,Non-kinase
433,CD4,Non-kinase
434,CD44,Non-kinase
435,CD46,Non-kinase
436,CD5,Non-kinase
437,CD6,Non-kinase
438,CD72,Non-kinase
439,CD79A,Non-kinase
440,CD79B,Non-kinase
441,CD93,Non-kinase
442,CDC14A,Non-kinase
443,CDC16,Non-kinase
444,CDC20,Non-kinase
445,CDC23,Non-kinase
446,CDC25A,Non-kinase
447,CDC25B,Non-kinase
448,CDC25C,Non-kinase
449,CDC26,Non-kinase
450,CDC27,Non-kinase
451,CDC34,Non-kinase
452,CDC37,Non-kinase
453,CDC42,Non-kinase
454,CDC42BPA,AGC
455,CDC42BPB,AGC
456,CDC42BPG,AGC
457,CDC42EP1,Non-kinase
458,CDC42EP2,Non-kinase
459,CDC42EP4,Non-kinase
460,CDC5L,Non-kinase
461,CDC6,Non-kinase
462,CDC7,Other
463,CDC73,Non-kinase
464,CDCA2,Non-kinase
465,CDCA5,Non-kinase
466,CDCA7,Non-kinase
467,CDCA8,Non-kinase
468,CDCP1,Non-kinase
469,CDH1,Non-kinase
470,CDH2,Non-kinase
471,CDH5,Non-kinase
472,CDK1,CMGC
473,CDK10,CMGC
474,CDK11A,CMGC
475,CDK11B,CMGC
476,CDK12,CMGC
477,CDK13,CMGC
478,CDK14,CMGC
479,CDK15,CMGC
480,CDK16,CMGC
481,CDK17,CMGC
482,CDK18,CMGC
483,CDK19,CMGC
484,CDK2,CMGC
485,CDK20,CMGC
486,CDK2AP1,Non-kinase
487,CDK3,CMGC
488,CDK4,CMGC
489,CDK5,CMGC
490,CDK5R1,Non-kinase
491,CDK5RAP2,Non-kinase
492,CDK6,CMGC
493,CDK7,CMGC
494,CDK8,CMGC
495,CDK9,CMGC
496,CDKL1,CMGC
497,CDKL2,CMGC
498,CDKL3,CMGC
499,CDKL4,CMGC
500,CDKL5,CMGC
501,CDKN1A,Non-kinase
502,CDKN1B,Non-kinase
503,CDKN1C,Non-kinase
504,CDKN2A,Non-kinase
505,CDKN2D,Non-kinase
506,CDT1,Non-kinase
507,CDX2,Non-kinase
508,CEACAM1,Non-kinase
509,CEBPA,Non-kinase
510,CEBPB,Non-kinase
511,CEBPD,Non-kinase
512,CEBPE,Non-kinase
513,CELF1,Non-kinase
514,CENPA,Non-kinase
515,CENPC,Non-kinase
516,CENPE,Non-kinase
517,CENPF,Non-kinase
518,CENPJ,Non-kinase
519,CENPQ,Non-kinase
520,CENPU,Non-kinase
521,CEP131,Non-kinase
522,CEP164,Non-kinase
523,CEP170,Non-kinase
524,CEP170B,Non-kinase
525,CEP192,Non-kinase
526,CEP250,Non-kinase
527,CEP55,Non-kinase
528,CEP68,Non-kinase
529,CEP76,Non-kinase
530,CEP83,Non-kinase
531,CERS4,Non-kinase
532,CERS5,Non-kinase
533,CERS6,Non-kinase
534,CERT1,Atypical
535,CETN1,Non-kinase
536,CETN2,Non-kinase
537,CFL1,Non-kinase
538,CFL2,Non-kinase
539,CFLAR,Non-kinase
540,CFTR,Non-kinase
541,CGAS,Non-kinase
542,CGB3,Non-kinase
543,CGGBP1,Non-kinase
544,CGN,Non-kinase
545,CHAT,Non-kinase
546,CHCHD2,Non-kinase
547,CHCHD3,Non-kinase
548,CHD4,Non-kinase
549,CHD7,Non-kinase
550,CHEK1,CAMK
551,CHEK2,CAMK
552,CHKA,Non-kinase
553,CHKB,Non-kinase
554,CHMP4C,Non-kinase
555,CHMP7,Non-kinase
556,CHN2,Non-kinase
557,CHRM2,Non-kinase
558,CHRNA7,Non-kinase
559,CHTF18,Non-kinase
560,CHTOP,Non-kinase
561,CHUK,Other
562,CIB1,Non-kinase
563,CIC,Non-kinase
564,CIITA,Non-kinase
565,CILK1,CMGC
566,CIP2A,Non-kinase
567,CIT,AGC
568,CITED2,Non-kinase
569,CKAP2,Non-kinase
570,CKMT1A,Non-kinase
571,CLASP2,Non-kinase
572,CLCN3,Non-kinase
573,CLDN1,Non-kinase
574,CLDN11,Non-kinase
575,CLDN3,Non-kinase
576,CLDN4,Non-kinase
577,CLDN7,Non-kinase
578,CLIC5,Non-kinase
579,CLIP1,Non-kinase
580,CLK1,CMGC
581,CLK2,CMGC
582,CLK3,CMGC
583,CLK4,CMGC
584,CLOCK,Non-kinase
585,CLSPN,Non-kinase
586,CLTB,Non-kinase
587,CLTC,Non-kinase
588,CNKSR1,Non-kinase
589,CNN1,Non-kinase
590,CNN2,Non-kinase
591,CNN3,Non-kinase
592,CNOT2,Non-kinase
593,CNP,Non-kinase
594,CNTROB,Non-kinase
595,COBLL1,Non-kinase
596,COIL,Non-kinase
597,COL17A1,Non-kinase
598,COL4A3,Non-kinase
599,COP1,Non-kinase
600,COPS5,Non-kinase
601,COPS6,Non-kinase
602,CORO1A,Non-kinase
603,CORO1B,Non-kinase
604,CORO1C,Non-kinase
605,CORO7,Non-kinase
606,CREB1,Non-kinase
607,CREB3,Non-kinase
608,CREBBP,Non-kinase
609,CREM,Non-kinase
610,CRHR1,Non-kinase
611,CRIP2,Non-kinase
612,CRK,Non-kinase
613,CRKL,Non-kinase
614,CRMP1,Non-kinase
615,CROCC,Non-kinase
616,CRTC1,Non-kinase
617,CRTC2,Non-kinase
618,CRTC3,Non-kinase
619,CRY1,Non-kinase
620,CRY2,Non-kinase
621,CRYAB,Non-kinase
622,CRYBG1,Non-kinase
623,CSF1R,TK
624,CSF2RB,Non-kinase
625,CSF3R,Non-kinase
626,CSK,TK
627,CSNK1A1,CK1
628,CSNK1A1L,CK1
629,CSNK1D,CK1
630,CSNK1E,CK1
631,CSNK1G1,CK1
632,CSNK1G2,CK1
633,CSNK1G3,CK1
634,CSNK2A1,CMGC
635,CSNK2A2,CMGC
636,CSNK2A3,CMGC
637,CSNK2B,Non-kinase
638,CSPG4,Non-kinase
639,CTBP1,Non-kinase
640,CTBP2,Non-kinase
641,CTDP1,Non-kinase
642,CTDSPL2,Non-kinase
643,CTH,Non-kinase
644,CTLA4,Non-kinase
645,CTNNA1,Non-kinase
646,CTNNB1,Non-kinase
647,CTNND1,Non-kinase
648,CTNND2,Non-kinase
649,CTPS1,Non-kinase
650,CTPS2,Non-kinase
651,CTR9,Non-kinase
652,CTTN,Non-kinase
653,CTTNBP2NL,Non-kinase
654,CUEDC2,Non-kinase
655,CUL5,Non-kinase
656,CUX1,Non-kinase
657,CWC25,Non-kinase
658,CXCR4,Non-kinase
659,CYBA,Non-kinase
660,CYCS,Non-kinase
661,CYLD,Non-kinase
662,CYP17A1,Non-kinase
663,CYP19A1,Non-kinase
664,CYP2B6,Non-kinase
665,CYP3A4,Non-kinase
666,CYSLTR1,Non-kinase
667,CYTH1,Non-kinase
668,CYTH2,Non-kinase
669,DAAM1,Non-kinase
670,DAB1,Non-kinase
671,DAB2,Non-kinase
672,DAB2IP,Non-kinase
673,DACT1,Non-kinase
674,DAG1,Non-kinase
675,DAGLA,Non-kinase
676,DAP,Non-kinase
677,DAP3,Non-kinase
678,DAPK1,CAMK
679,DAPK2,CAMK
680,DAPK3,CAMK
681,DAPP1,Non-kinase
682,DAXX,Non-kinase
683,DAZAP1,Non-kinase
684,DAZL,Non-kinase
685,DBF4,Non-kinase
686,DBI,Non-kinase
687,DBN1,Non-kinase
688,DBNL,Non-kinase
689,DCBLD1,Non-kinase
690,DCBLD2,Non-kinase
691,DCC,Non-kinase
692,DCK,Non-kinase
693,DCLK1,CAMK
694,DCLK2,CAMK
695,DCLK3,CAMK
696,DCLRE1C,Non-kinase
697,DCP1A,Non-kinase
698,DCTN1,Non-kinase
699,DCTN6,Non-kinase
700,DCX,Non-kinase
701,DDA1,Non-kinase
702,DDAH2,Non-kinase
703,DDB1,Non-kinase
704,DDHD1,Non-kinase
705,DDIT3,Non-kinase
706,DDR1,TK
707,DDR2,TK
708,DDX1,Non-kinase
709,DDX19A,Non-kinase
710,DDX19B,Non-kinase
711,DDX24,Non-kinase
712,DDX25,Non-kinase
713,DDX3X,Non-kinase
714,DDX3Y,Non-kinase
715,DDX41,Non-kinase
716,DDX5,Non-kinase
717,DDX52,Non-kinase
718,DEF6,Non-kinase
719,DEK,Non-kinase
720,DENND3,Non-kinase
721,DENND4C,Non-kinase
722,DENR,Non-kinase
723,DEPDC1,Non-kinase
724,DEPDC5,Non-kinase
725,DEPTOR,Non-kinase
726,DES,Non-kinase
727,DGCR8,Non-kinase
728,DGKA,Non-kinase
729,DGKD,Non-kinase
730,DGKG,Non-kinase
731,DGKZ,Non-kinase
732,DHFR,Non-kinase
733,DHPS,Non-kinase
734,DHX38,Non-kinase
735,DIABLO,Non-kinase
736,DIAPH1,Non-kinase
737,DIAPH2,Non-kinase
738,DIAPH3,Non-kinase
739,DISC1,Non-kinase
740,DIXDC1,Non-kinase
741,DLC1,Non-kinase
742,DLD,Non-kinase
743,DLG1,Non-kinase
744,DLG2,Non-kinase
745,DLG3,Non-kinase
746,DLG4,Non-kinase
747,DLG5,Non-kinase
748,DLGAP1,Non-kinase
749,DLGAP5,Non-kinase
750,DLX3,Non-kinase
751,DLX5,Non-kinase
752,DMAP1,Non-kinase
753,DMPK,AGC
754,DMTN,Non-kinase
755,DNAJB1,Non-kinase
756,DNAJB2,Non-kinase
757,DNAJC30,Non-kinase
758,DNAJC5,Non-kinase
759,DNAJC6,Non-kinase
760,DNM1,Non-kinase
761,DNM1L,Non-kinase
762,DNM2,Non-kinase
763,DNMT1,Non-kinase
764,DNMT3A,Non-kinase
765,DNPEP,Non-kinase
766,DOC2B,Non-kinase
767,DOCK1,Non-kinase
768,DOCK2,Non-kinase
769,DOCK6,Non-kinase
770,DOCK7,Non-kinase
771,DOCK8,Non-kinase
772,DOK1,Non-kinase
773,DOK2,Non-kinase
774,DPF2,Non-kinase
775,DPF3,Non-kinase
776,DPYSL2,Non-kinase
777,DPYSL3,Non-kinase
778,DPYSL5,Non-kinase
779,DRD2,Non-kinase
780,DRD3,Non-kinase
781,DRG1,Non-kinase
782,DRG2,Non-kinase
783,DROSHA,Non-kinase
784,DSN1,Non-kinase
785,DSP,Non-kinase
786,DSTN,Non-kinase
787,DSTYK,Other
788,DTD1,Non-kinase
789,DTL,Non-kinase
790,DTNB,Non-kinase
791,DTNBP1,Non-kinase
792,DTYMK,Non-kinase
793,DUOX1,Non-kinase
794,DUSP1,Non-kinase
795,DUSP10,Non-kinase
796,DUSP16,Non-kinase
797,DUSP3,Non-kinase
798,DUSP4,Non-kinase
799,DUSP5,Non-kinase
800,DUSP6,Non-kinase
801,DUT,Non-kinase
802,DVL1,Non-kinase
803,DVL2,Non-kinase
804,DVL3,Non-kinase
805,DYNC1I2,Non-kinase
806,DYNC1LI1,Non-kinase
807,DYNLL1,Non-kinase
808,DYNLRB1,Non-kinase
809,DYRK1A,CMGC
810,DYRK1B,CMGC
811,DYRK2,CMGC
812,DYRK3,CMGC
813,DYRK4,CMGC
814,E2F1,Non-kinase
815,E2F3,Non-kinase
816,E2F4,Non-kinase
817,E2F6,Non-kinase
818,E4F1,Non-kinase
819,EBNA1BP2,Non-kinase
820,ECD,Non-kinase
821,ECE1,Non-kinase
822,ECT2,Non-kinase
823,EDC3,Non-kinase
824,EDC4,Non-kinase
825,EDF1,Non-kinase
826,EDNRA,Non-kinase
827,EEA1,Non-kinase
828,EEF1A1,Non-kinase
829,EEF1A2,Non-kinase
830,EEF1B2,Non-kinase
831,EEF1D,Non-kinase
832,EEF2,Non-kinase
833,EEF2K,Atypical
834,EFHD2,Non-kinase
835,EFNB2,Non-kinase
836,EGFR,TK
837,EGLN1,Non-kinase
838,EGLN2,Non-kinase
839,EGR1,Non-kinase
840,EHMT2,Non-kinase
841,EIF2A,Non-kinase
842,EIF2AK1,Other
843,EIF2AK2,Other
844,EIF2AK3,Other
845,EIF2AK4,Other
846,EIF2B5,Non-kinase
847,EIF2S1,Non-kinase
848,EIF2S2,Non-kinase
849,EIF2S3,Non-kinase
850,EIF3A,Non-kinase
851,EIF3F,Non-kinase
852,EIF3J,Non-kinase
853,EIF4A3,Non-kinase
854,EIF4B,Non-kinase
855,EIF4E,Non-kinase
856,EIF4EBP1,Non-kinase
857,EIF4ENIF1,Non-kinase
858,EIF4G1,Non-kinase
859,EIF4G2,Non-kinase
860,EIF4G3,Non-kinase
861,EIF5,Non-kinase
862,EIF6,Non-kinase
863,ELAVL1,Non-kinase
864,ELF3,Non-kinase
865,ELF4,Non-kinase
866,ELK1,Non-kinase
867,ELK3,Non-kinase
868,ELK4,Non-kinase
869,ELL,Non-kinase
870,ELMO1,Non-kinase
871,ELMO2,Non-kinase
872,ELOA,Non-kinase
873,ELP1,Non-kinase
874,ELP3,Non-kinase
875,EMD,Non-kinase
876,EML3,Non-kinase
877,EML4,Non-kinase
878,EMSY,Non-kinase
879,ENDOG,Non-kinase
880,ENG,Non-kinase
881,ENO1,Non-kinase
882,ENOX2,Non-kinase
883,ENSA,Non-kinase
884,EP300,Non-kinase
885,EP400,Non-kinase
886,EPAS1,Non-kinase
887,EPB41,Non-kinase
888,EPB41L3,Non-kinase
889,EPB42,Non-kinase
890,EPHA1,TK
891,EPHA10,TK
892,EPHA2,TK
893,EPHA3,TK
894,EPHA4,TK
895,EPHA5,TK
896,EPHA6,TK
897,EPHA7,TK
898,EPHA8,TK
899,EPHB1,TK
900,EPHB2,TK
901,EPHB3,TK
902,EPHB4,TK
903,EPHB6,TK
904,EPM2A,Non-kinase
905,EPN1,Non-kinase
906,EPOR,Non-kinase
907,EPRS1,Non-kinase
908,EPS15,Non-kinase
909,EPS8,Non-kinase
910,ERAL1,Non-kinase
911,ERBB2,TK
912,ERBB3,TK
913,ERBB4,TK
914,ERCC3,Non-kinase
915,ERCC6,Non-kinase
916,ERCC6L,Non-kinase
917,ERF,Non-kinase
918,ERG,Non-kinase
919,ERH,Non-kinase
920,ERN1,Other
921,ERN2,Other
922,ERRFI1,Non-kinase
923,ESPL1,Non-kinase
924,ESR1,Non-kinase
925,ESR2,Non-kinase
926,ETAA1,Non-kinase
927,ETS1,Non-kinase
928,ETS2,Non-kinase
929,ETV1,Non-kinase
930,ETV3,Non-kinase
931,ETV4,Non-kinase
932,ETV5,Non-kinase
933,ETV6,Non-kinase
934,EWSR1,Non-kinase
935,EXO1,Non-kinase
936,EXOC7,Non-kinase
937,EXOSC9,Non-kinase
938,EYA1,Non-kinase
939,EYA3,Non-kinase
940,EZH2,Non-kinase
941,EZR,Non-kinase
942,F11R,Non-kinase
943,F3,Non-kinase
944,F5,Non-kinase
945,FABP4,Non-kinase
946,FADD,Non-kinase
947,FAF1,Non-kinase
948,FAM168B,Non-kinase
949,FAM83G,Non-kinase
950,FANCA,Non-kinase
951,FANCD2,Non-kinase
952,FANCE,Non-kinase
953,FANCG,Non-kinase
954,FANCI,Non-kinase
955,FANCL,Non-kinase
956,FANCM,Non-kinase
957,FARSA,Non-kinase
958,FASTK,Atypical
959,FBP1,Non-kinase
960,FBXL2,Non-kinase
961,FBXL20,Non-kinase
962,FBXL21P,Non-kinase
963,FBXO22,Non-kinase
964,FBXO25,Non-kinase
965,FBXO31,Non-kinase
966,FBXO4,Non-kinase
967,FBXO43,Non-kinase
968,FBXO5,Non-kinase
969,FBXW5,Non-kinase
970,FBXW7,Non-kinase
971,FCAR,Non-kinase
972,FCER1G,Non-kinase
973,FCGR2A,Non-kinase
974,FCGR2B,Non-kinase
975,FCGR2C,Non-kinase
976,FCRL3,Non-kinase
977,FEN1,Non-kinase
978,FER,TK
979,FERMT2,Non-kinase
980,FERMT3,Non-kinase
981,FES,TK
982,FEZ1,Non-kinase
983,FFAR4,Non-kinase
984,FGA,Non-kinase
985,FGF1,Non-kinase
986,FGF14,Non-kinase
987,FGF2,Non-kinase
988,FGFR1,TK
989,FGFR2,TK
990,FGFR3,TK
991,FGFR4,TK
992,FGR,TK
993,FH,Non-kinase
994,FHIP2B,Non-kinase
995,FHIT,Non-kinase
996,FHL1,Non-kinase
997,FHL2,Non-kinase
998,FHOD1,Non-kinase
999,FIP1L1,Non-kinase
1000,FIS1,Non-kinase
1001,FKBP4,Non-kinase
1002,FKBP5,Non-kinase
1003,FLCN,Non-kinase
1004,FLI1,Non-kinase
1005,FLII,Non-kinase
1006,FLNA,Non-kinase
1007,FLNC,Non-kinase
1008,FLOT1,Non-kinase
1009,FLOT2,Non-kinase
1010,FLT1,TK
1011,FLT3,TK
1012,FLT4,TK
1013,FMNL2,Non-kinase
1014,FMR1,Non-kinase
1015,FN1,Non-kinase
1016,FNIP1,Non-kinase
1017,FOS,Non-kinase
1018,FOSB,Non-kinase
1019,FOSL1,Non-kinase
1020,FOSL2,Non-kinase
1021,FOXA1,Non-kinase
1022,FOXA2,Non-kinase
1023,FOXC1,Non-kinase
1024,FOXC2,Non-kinase
1025,FOXG1,Non-kinase
1026,FOXK2,Non-kinase
1027,FOXL2,Non-kinase
1028,FOXM1,Non-kinase
1029,FOXN2,Non-kinase
1030,FOXO1,Non-kinase
1031,FOXO3,Non-kinase
1032,FOXO4,Non-kinase
1033,FOXP3,Non-kinase
1034,FPR1,Non-kinase
1035,FRAT1,Non-kinase
1036,FRK,TK
1037,FRS3,Non-kinase
1038,FSCN1,Non-kinase
1039,FTO,Non-kinase
1040,FUBP1,Non-kinase
1041,FUNDC1,Non-kinase
1042,FURIN,Non-kinase
1043,FUS,Non-kinase
1044,FXN,Non-kinase
1045,FXR1,Non-kinase
1046,FXYD1,Non-kinase
1047,FYB1,Non-kinase
1048,FYN,TK
1049,FYTTD1,Non-kinase
1050,FZD3,Non-kinase
1051,FZD6,Non-kinase
1052,FZR1,Non-kinase
1053,G3BP1,Non-kinase
1054,G6PD,Non-kinase
1055,GAB1,Non-kinase
1056,GAB2,Non-kinase
1057,GABARAPL2,Non-kinase
1058,GABBR1,Non-kinase
1059,GABBR2,Non-kinase
1060,GABRB1,Non-kinase
1061,GABRB2,Non-kinase
1062,GABRG2,Non-kinase
1063,GABRR1,Non-kinase
1064,GAD1,Non-kinase
1065,GADD45GIP1,Non-kinase
1066,GAK,Other
1067,GAP43,Non-kinase
1068,GAPDH,Non-kinase
1069,GAPVD1,Non-kinase
1070,GAS2L1,Non-kinase
1071,GAST,Non-kinase
1072,GATA1,Non-kinase
1073,GATA2,Non-kinase
1074,GATA3,Non-kinase
1075,GATA4,Non-kinase
1076,GATA6,Non-kinase
1077,GATAD2A,Non-kinase
1078,GBF1,Non-kinase
1079,GCH1,Non-kinase
1080,GCM1,Non-kinase
1081,GCSAM,Non-kinase
1082,GDI2,Non-kinase
1083,GEM,Non-kinase
1084,GFAP,Non-kinase
1085,GFI1,Non-kinase
1086,GFPT1,Non-kinase
1087,GFPT2,Non-kinase
1088,GGA1,Non-kinase
1089,GHR,Non-kinase
1090,GHRL,Non-kinase
1091,GIGYF2,Non-kinase
1092,GINS2,Non-kinase
1093,GIT1,Non-kinase
1094,GIT2,Non-kinase
1095,GJA1,Non-kinase
1096,GJA5,Non-kinase
1097,GJA8,Non-kinase
1098,GJB1,Non-kinase
1099,GKAP1,Non-kinase
1100,GLE1,Non-kinase
1101,GLI1,Non-kinase
1102,GLI2,Non-kinase
1103,GLI3,Non-kinase
1104,GLIPR2,Non-kinase
1105,GLO1,Non-kinase
1106,GLRA1,Non-kinase
1107,GLRB,Non-kinase
1108,GLS,Non-kinase
1109,GMFB,Non-kinase
1110,GMFG,Non-kinase
1111,GMNN,Non-kinase
1112,GMPR,Non-kinase
1113,GMPS,Non-kinase
1114,GNA13,Non-kinase
1115,GNA15,Non-kinase
1116,GNAI1,Non-kinase
1117,GNAI2,Non-kinase
1118,GNAT1,Non-kinase
1119,GNAZ,Non-kinase
1120,GNMT,Non-kinase
1121,GOLGA2,Non-kinase
1122,GOLGA4,Non-kinase
1123,GOLPH3,Non-kinase
1124,GORASP1,Non-kinase
1125,GORASP2,Non-kinase
1126,GP1BB,Non-kinase
1127,GPHN,Non-kinase
1128,GPI,Non-kinase
1129,GPKOW,Non-kinase
1130,GPM6A,Non-kinase
1131,GPR15,Non-kinase
1132,GPRC5A,Non-kinase
1133,GPS1,Non-kinase
1134,GPSM2,Non-kinase
1135,GPSM3,Non-kinase
1136,GPX1,Non-kinase
1137,GRAP2,Non-kinase
1138,GRB10,Non-kinase
1139,GRB14,Non-kinase
1140,GRB2,Non-kinase
1141,GRB7,Non-kinase
1142,GRHL1,Non-kinase
1143,GRHL3,Non-kinase
1144,GRIA1,Non-kinase
1145,GRIA2,Non-kinase
1146,GRIA4,Non-kinase
1147,GRIK2,Non-kinase
1148,GRIN1,Non-kinase
1149,GRIN2A,Non-kinase
1150,GRIN2B,Non-kinase
1151,GRIN2C,Non-kinase
1152,GRK1,AGC
1153,GRK2,AGC
1154,GRK3,AGC
1155,GRK4,AGC
1156,GRK5,AGC
1157,GRK6,AGC
1158,GRK7,AGC
1159,GRM1,Non-kinase
1160,GRM5,Non-kinase
1161,GRN,Non-kinase
1162,GSK3A,CMGC
1163,GSK3B,CMGC
1164,GSN,Non-kinase
1165,GSR,Non-kinase
1166,GSTA4,Non-kinase
1167,GSTP1,Non-kinase
1168,GTF2A1,Non-kinase
1169,GTF2A1L,Non-kinase
1170,GTF2F1,Non-kinase
1171,GTF2I,Non-kinase
1172,GTF3C1,Non-kinase
1173,GTSE1,Non-kinase
1174,GUCA1B,Non-kinase
1175,GUCY1B1,Non-kinase
1176,GUCY2C,RGC
1177,GUCY2D,RGC
1178,GUCY2F,RGC
1179,GYS1,Non-kinase
1180,GYS2,Non-kinase
1181,H1-1,Non-kinase
1182,H1-2,Non-kinase
1183,H1-4,Non-kinase
1184,H1-5,Non-kinase
1185,H2AC1,Non-kinase
1186,H2AC11,Non-kinase
1187,H2AC12,Non-kinase
1188,H2AC14,Non-kinase
1189,H2AC18,Non-kinase
1190,H2AC21,Non-kinase
1191,H2AC25,Non-kinase
1192,H2AC6,Non-kinase
1193,H2AX,Non-kinase
1194,H2BC11,Non-kinase
1195,H2BC12,Non-kinase
1196,H2BC12L,Non-kinase
1197,H2BC13,Non-kinase
1198,H2BC14,Non-kinase
1199,H2BC15,Non-kinase
1200,H2BC17,Non-kinase
1201,H2BC18,Non-kinase
1202,H2BC19P,Non-kinase
1203,H2BC20P,Non-kinase
1204,H2BC21,Non-kinase
1205,H2BC26,Non-kinase
1206,H2BC3,Non-kinase
1207,H2BC4,Non-kinase
1208,H2BC5,Non-kinase
1209,H2BC9,Non-kinase
1210,H3-3A,Non-kinase
1211,H3-4,Non-kinase
1212,H3C1,Non-kinase
1213,H3C15,Non-kinase
1214,H4C1,Non-kinase
1215,HABP4,Non-kinase
1216,HACE1,Non-kinase
1217,HAND1,Non-kinase
1218,HAS2,Non-kinase
1219,HASPIN,Other
1220,HAT1,Non-kinase
1221,HAUS8,Non-kinase
1222,HAVCR2,Non-kinase
1223,HAX1,Non-kinase
1224,HBP1,Non-kinase
1225,HCK,TK
1226,HCLS1,Non-kinase
1227,HCN2,Non-kinase
1228,HCN4,Non-kinase
1229,HCRTR1,Non-kinase
1230,HDAC1,Non-kinase
1231,HDAC2,Non-kinase
1232,HDAC3,Non-kinase
1233,HDAC4,Non-kinase
1234,HDAC5,Non-kinase
1235,HDAC6,Non-kinase
1236,HDAC7,Non-kinase
1237,HDAC8,Non-kinase
1238,HDAC9,Non-kinase
1239,HDLBP,Non-kinase
1240,HECTD3,Non-kinase
1241,HELLS,Non-kinase
1242,HES1,Non-kinase
1243,HES5,Non-kinase
1244,HES6,Non-kinase
1245,HEXIM1,Non-kinase
1246,HGS,Non-kinase
1247,HHEX,Non-kinase
1248,HIC1,Non-kinase
1249,HIF1A,Non-kinase
1250,HIF3A,Non-kinase
1251,HIP1,Non-kinase
1252,HIPK1,CMGC
1253,HIPK2,CMGC
1254,HIPK3,CMGC
1255,HIPK4,CMGC
1256,HIRA,Non-kinase
1257,HIVEP1,Non-kinase
1258,HJURP,Non-kinase
1259,HK1,Non-kinase
1260,HK2,Non-kinase
1261,HLA-A,Non-kinase
1262,HLA-B,Non-kinase
1263,HMGA1,Non-kinase
1264,HMGA2,Non-kinase
1265,HMGB1,Non-kinase
1266,HMGCR,Non-kinase
1267,HMGCS1,Non-kinase
1268,HMGN1,Non-kinase
1269,HMGN2,Non-kinase
1270,HMGN5,Non-kinase
1271,HMOX1,Non-kinase
1272,HMOX2,Non-kinase
1273,HNF1A,Non-kinase
1274,HNF4A,Non-kinase
1275,HNRNPA0,Non-kinase
1276,HNRNPA1,Non-kinase
1277,HNRNPA2B1,Non-kinase
1278,HNRNPC,Non-kinase
1279,HNRNPD,Non-kinase
1280,HNRNPF,Non-kinase
1281,HNRNPH1,Non-kinase
1282,HNRNPH2,Non-kinase
1283,HNRNPK,Non-kinase
1284,HNRNPL,Non-kinase
1285,HNRNPM,Non-kinase
1286,HNRNPU,Non-kinase
1287,HNRNPUL1,Non-kinase
1288,HOMER3,Non-kinase
1289,HOXA11,Non-kinase
1290,HOXB7,Non-kinase
1291,HRAS,Non-kinase
1292,HRH1,Non-kinase
1293,HSD17B4,Non-kinase
1294,HSF1,Non-kinase
1295,HSF4,Non-kinase
1296,HSP90AA1,Non-kinase
1297,HSP90AB1,Non-kinase
1298,HSP90B1,Non-kinase
1299,HSPA1A,Non-kinase
1300,HSPA1L,Non-kinase
1301,HSPA9,Non-kinase
1302,HSPB1,Non-kinase
1303,HSPB6,Non-kinase
1304,HSPB8,Non-kinase
1305,HSPH1,Non-kinase
1306,HTR1A,Non-kinase
1307,HTR6,Non-kinase
1308,HTRA2,Non-kinase
1309,HTT,Non-kinase
1310,HUNK,CAMK
1311,HUWE1,Non-kinase
1312,HVCN1,Non-kinase
1313,IBTK,Non-kinase
1314,ICAM3,Non-kinase
1315,ICOSLG,Non-kinase
1316,ID1,Non-kinase
1317,ID2,Non-kinase
1318,ID3,Non-kinase
1319,IDH1,Non-kinase
1320,IDH2,Non-kinase
1321,IDI1,Non-kinase
1322,IER3,Non-kinase
1323,IFI16,Non-kinase
1324,IFIH1,Non-kinase
1325,IFITM3,Non-kinase
1326,IFNAR1,Non-kinase
1327,IFNGR1,Non-kinase
1328,IGF1R,TK
1329,IGF2R,Non-kinase
1330,IGFBP1,Non-kinase
1331,IGFBP3,Non-kinase
1332,IKBKB,Other
1333,IKBKE,Other
1334,IKBKG,Non-kinase
1335,IKZF1,Non-kinase
1336,IKZF3,Non-kinase
1337,IL10RA,Non-kinase
1338,IL15RA,Non-kinase
1339,IL16,Non-kinase
1340,IL17RA,Non-kinase
1341,IL17RB,Non-kinase
1342,IL2RA,Non-kinase
1343,IL2RB,Non-kinase
1344,IL6ST,Non-kinase
1345,ILF3,Non-kinase
1346,ILK,TKL
1347,ILRUN,Non-kinase
1348,IMMT,Non-kinase
1349,IMPDH2,Non-kinase
1350,INCA1,Non-kinase
1351,INCENP,Non-kinase
1352,INF2,Non-kinase
1353,ING1,Non-kinase
1354,ING5,Non-kinase
1355,INO80E,Non-kinase
1356,INPPL1,Non-kinase
1357,INSIG1,Non-kinase
1358,INSR,TK
1359,INSRR,TK
1360,INVS,Non-kinase
1361,IP6K2,Non-kinase
1362,IQGAP1,Non-kinase
1363,IQGAP2,Non-kinase
1364,IRAG1,Non-kinase
1365,IRAK1,TKL
1366,IRAK2,TKL
1367,IRAK3,TKL
1368,IRAK4,TKL
1369,IREB2,Non-kinase
1370,IRF1,Non-kinase
1371,IRF3,Non-kinase
1372,IRF4,Non-kinase
1373,IRF5,Non-kinase
1374,IRF7,Non-kinase
1375,IRS1,Non-kinase
1376,IRS2,Non-kinase
1377,IRS4,Non-kinase
1378,IRX2,Non-kinase
1379,ISCU,Non-kinase
1380,ISL1,Non-kinase
1381,ISX,Non-kinase
1382,ITCH,Non-kinase
1383,ITGA2,Non-kinase
1384,ITGA4,Non-kinase
1385,ITGB1,Non-kinase
1386,ITGB1BP1,Non-kinase
1387,ITGB2,Non-kinase
1388,ITGB3,Non-kinase
1389,ITGB3BP,Non-kinase
1390,ITGB4,Non-kinase
1391,ITGB5,Non-kinase
1392,ITGB7,Non-kinase
1393,ITK,TK
1394,ITM2A,Non-kinase
1395,ITPKA,Non-kinase
1396,ITPKB,Non-kinase
1397,ITPR1,Non-kinase
1398,ITPR2,Non-kinase
1399,IWS1,Non-kinase
1400,JADE1,Non-kinase
1401,JAK1,TK
1402,JAK2,TK
1403,JAK3,TK
1404,JDP2,Non-kinase
1405,JPH2,Non-kinase
1406,JPT2,Non-kinase
1407,JUN,Non-kinase
1408,JUNB,Non-kinase
1409,JUND,Non-kinase
1410,JUP,Non-kinase
1411,KALRN,CAMK
1412,KARS1,Non-kinase
1413,KAT2A,Non-kinase
1414,KAT2B,Non-kinase
1415,KAT5,Non-kinase
1416,KAT6A,Non-kinase
1417,KAT7,Non-kinase
1418,KAT8,Non-kinase
1419,KATNA1,Non-kinase
1420,KCNA1,Non-kinase
1421,KCNA3,Non-kinase
1422,KCNA4,Non-kinase
1423,KCNA5,Non-kinase
1424,KCNAB2,Non-kinase
1425,KCNB1,Non-kinase
1426,KCNC4,Non-kinase
1427,KCND1,Non-kinase
1428,KCND2,Non-kinase
1429,KCND3,Non-kinase
1430,KCNE1,Non-kinase
1431,KCNE3,Non-kinase
1432,KCNH2,Non-kinase
1433,KCNIP3,Non-kinase
1434,KCNJ1,Non-kinase
1435,KCNJ11,Non-kinase
1436,KCNJ12,Non-kinase
1437,KCNJ13,Non-kinase
1438,KCNJ2,Non-kinase
1439,KCNJ3,Non-kinase
1440,KCNJ4,Non-kinase
1441,KCNJ5,Non-kinase
1442,KCNK18,Non-kinase
1443,KCNK3,Non-kinase
1444,KCNK9,Non-kinase
1445,KCNMA1,Non-kinase
1446,KCNN1,Non-kinase
1447,KCNN2,Non-kinase
1448,KCNN4,Non-kinase
1449,KCNQ1,Non-kinase
1450,KCNQ2,Non-kinase
1451,KCNQ5,Non-kinase
1452,KCTD12,Non-kinase
1453,KDELR1,Non-kinase
1454,KDM1A,Non-kinase
1455,KDM2A,Non-kinase
1456,KDM3A,Non-kinase
1457,KDM4B,Non-kinase
1458,KDM4C,Non-kinase
1459,KDM5A,Non-kinase
1460,KDM5B,Non-kinase
1461,KDR,TK
1462,KEAP1,Non-kinase
1463,KHDC3L,Non-kinase
1464,KHDRBS1,Non-kinase
1465,KHSRP,Non-kinase
1466,KIDINS220,Non-kinase
1467,KIF11,Non-kinase
1468,KIF13B,Non-kinase
1469,KIF14,Non-kinase
1470,KIF1C,Non-kinase
1471,KIF20A,Non-kinase
1472,KIF20B,Non-kinase
1473,KIF22,Non-kinase
1474,KIF23,Non-kinase
1475,KIF2A,Non-kinase
1476,KIF2B,Non-kinase
1477,KIF2C,Non-kinase
1478,KIF3A,Non-kinase
1479,KIF4A,Non-kinase
1480,KIF5C,Non-kinase
1481,KIFC1,Non-kinase
1482,KIR3DL1,Non-kinase
1483,KIRREL1,Non-kinase
1484,KIT,TK
1485,KIZ,Non-kinase
1486,KLC1,Non-kinase
1487,KLC2,Non-kinase
1488,KLC4,Non-kinase
1489,KLF1,Non-kinase
1490,KLF10,Non-kinase
1491,KLF16,Non-kinase
1492,KLF3,Non-kinase
1493,KLF4,Non-kinase
1494,KLF5,Non-kinase
1495,KLF8,Non-kinase
1496,KLHL3,Non-kinase
1497,KMT2A,Non-kinase
1498,KMT2D,Non-kinase
1499,KMT2E,Non-kinase
1500,KMT5A,Non-kinase
1501,KNL1,Non-kinase
1502,KNSTRN,Non-kinase
1503,KPNA1,Non-kinase
1504,KPNA2,Non-kinase
1505,KRAS,Non-kinase
1506,KRT18,Non-kinase
1507,KRT19,Non-kinase
1508,KRT20,Non-kinase
1509,KRT8,Non-kinase
1510,KSR1,TKL
1511,KSR2,TKL
1512,L1CAM,Non-kinase
1513,L3MBTL2,Non-kinase
1514,LAMC1,Non-kinase
1515,LAMP2,Non-kinase
1516,LAMTOR4,Non-kinase
1517,LAMTOR5,Non-kinase
1518,LARP1,Non-kinase
1519,LARP6,Non-kinase
1520,LARP7,Non-kinase
1521,LARS1,Non-kinase
1522,LASP1,Non-kinase
1523,LAT,Non-kinase
1524,LAT2,Non-kinase
1525,LATS1,AGC
1526,LATS2,AGC
1527,LAX1,Non-kinase
1528,LBR,Non-kinase
1529,LCK,TK
1530,LCP1,Non-kinase
1531,LCP2,Non-kinase
1532,LDHA,Non-kinase
1533,LDHB,Non-kinase
1534,LEF1,Non-kinase
1535,LEPR,Non-kinase
1536,LETM1,Non-kinase
1537,LGALS3,Non-kinase
1538,LGMN,Non-kinase
1539,LIFR,Non-kinase
1540,LIG1,Non-kinase
1541,LIG3,Non-kinase
1542,LIG4,Non-kinase
1543,LIMA1,Non-kinase
1544,LIMD1,Non-kinase
1545,LIMK1,TKL
1546,LIMK2,TKL
1547,LIN28A,Non-kinase
1548,LIN28B,Non-kinase
1549,LIN52,Non-kinase
1550,LIN9,Non-kinase
1551,LIPE,Non-kinase
1552,LLGL1,Non-kinase
1553,LLGL2,Non-kinase
1554,LMNA,Non-kinase
1555,LMNB1,Non-kinase
1556,LMNB2,Non-kinase
1557,LMO7,Non-kinase
1558,LMTK2,TK
1559,LMTK3,TK
1560,LONP1,Non-kinase
1561,LPCAT2,Non-kinase
1562,LPIN1,Non-kinase
1563,LPP,Non-kinase
1564,LPXN,Non-kinase
1565,LRCH3,Non-kinase
1566,LRP1,Non-kinase
1567,LRP6,Non-kinase
1568,LRRC45,Non-kinase
1569,LRRC4C,Non-kinase
1570,LRRC7,Non-kinase
1571,LRRC8A,Non-kinase
1572,LRRK1,TKL
1573,LRRK2,TKL
1574,LRWD1,Non-kinase
1575,LSP1,Non-kinase
1576,LTB4R,Non-kinase
1577,LTB4R2,Non-kinase
1578,LTC4S,Non-kinase
1579,LTK,TK
1580,LY96,Non-kinase
1581,LYL1,Non-kinase
1582,LYN,TK
1583,LZTS2,Non-kinase
1584,MACC1,Non-kinase
1585,MACF1,Non-kinase
1586,MAD1L1,Non-kinase
1587,MAD2L1,Non-kinase
1588,MAD2L1BP,Non-kinase
1589,MAF1,Non-kinase
1590,MAFA,Non-kinase
1591,MAFB,Non-kinase
1592,MAFG,Non-kinase
1593,MAG,Non-kinase
1594,MAGEA11,Non-kinase
1595,MAGI1,Non-kinase
1596,MAK,CMGC
1597,MALT1,Non-kinase
1598,MAOA,Non-kinase
1599,MAP1A,Non-kinase
1600,MAP1B,Non-kinase
1601,MAP1LC3A,Non-kinase
1602,MAP1LC3B,Non-kinase
1603,MAP1LC3C,Non-kinase
1604,MAP1S,Non-kinase
1605,MAP2,Non-kinase
1606,MAP2K1,STE
1607,MAP2K2,STE
1608,MAP2K3,STE
1609,MAP2K4,STE
1610,MAP2K5,STE
1611,MAP2K6,STE
1612,MAP2K7,STE
1613,MAP3K1,STE
1614,MAP3K10,TKL
1615,MAP3K11,TKL
1616,MAP3K12,TKL
1617,MAP3K13,TKL
1618,MAP3K14,STE
1619,MAP3K15,STE
1620,MAP3K19,STE
1621,MAP3K2,STE
1622,MAP3K20,TKL
1623,MAP3K21,TKL
1624,MAP3K3,STE
1625,MAP3K4,STE
1626,MAP3K5,STE
1627,MAP3K6,STE
1628,MAP3K7,TKL
1629,MAP3K8,STE
1630,MAP3K9,TKL
1631,MAP4,Non-kinase
1632,MAP4K1,STE
1633,MAP4K2,STE
1634,MAP4K3,STE
1635,MAP4K4,STE
1636,MAP4K5,STE
1637,MAP7,Non-kinase
1638,MAP9,Non-kinase
1639,MAPK1,CMGC
1640,MAPK10,CMGC
1641,MAPK11,CMGC
1642,MAPK12,CMGC
1643,MAPK13,CMGC
1644,MAPK14,CMGC
1645,MAPK15,CMGC
1646,MAPK3,CMGC
1647,MAPK4,CMGC
1648,MAPK6,CMGC
1649,MAPK7,CMGC
1650,MAPK8,CMGC
1651,MAPK8IP1,Non-kinase
1652,MAPK8IP3,Non-kinase
1653,MAPK9,CMGC
1654,MAPKAP1,Non-kinase
1655,MAPKAPK2,CAMK
1656,MAPKAPK3,CAMK
1657,MAPKAPK5,CAMK
1658,MAPRE1,Non-kinase
1659,MAPRE2,Non-kinase
1660,MAPRE3,Non-kinase
1661,MAPT,Non-kinase
1662,MARCKS,Non-kinase
1663,MARCKSL1,Non-kinase
1664,MARK1,CAMK
1665,MARK2,CAMK
1666,MARK3,CAMK
1667,MARK4,CAMK
1668,MARS1,Non-kinase
1669,MAST1,AGC
1670,MAST2,AGC
1671,MAST3,AGC
1672,MAST4,AGC
1673,MASTL,AGC
1674,MAT1A,Non-kinase
1675,MATK,TK
1676,MATR3,Non-kinase
1677,MAVS,Non-kinase
1678,MAX,Non-kinase
1679,MAZ,Non-kinase
1680,MBD3,Non-kinase
1681,MBD4,Non-kinase
1682,MBP,Non-kinase
1683,MC4R,Non-kinase
1684,MCC,Non-kinase
1685,MCL1,Non-kinase
1686,MCM2,Non-kinase
1687,MCM3,Non-kinase
1688,MCM4,Non-kinase
1689,MCM5,Non-kinase
1690,MCM7,Non-kinase
1691,MCOLN1,Non-kinase
1692,MCPH1,Non-kinase
1693,MCRIP1,Non-kinase
1694,MCRS1,Non-kinase
1695,MCTS1,Non-kinase
1696,MCU,Non-kinase
1697,MDC1,Non-kinase
1698,MDM2,Non-kinase
1699,MDM4,Non-kinase
1700,ME1,Non-kinase
1701,MECOM,Non-kinase
1702,MECP2,Non-kinase
1703,MED1,Non-kinase
1704,MED14,Non-kinase
1705,MED28,Non-kinase
1706,MEF2A,Non-kinase
1707,MEF2B,Non-kinase
1708,MEF2C,Non-kinase
1709,MEF2D,Non-kinase
1710,MEFV,Non-kinase
1711,MEGF10,Non-kinase
1712,MELK,CAMK
1713,MEN1,Non-kinase
1714,MEP1B,Non-kinase
1715,MERTK,TK
1716,MET,TK
1717,METTL1,Non-kinase
1718,METTL3,Non-kinase
1719,MFAP1,Non-kinase
1720,MFF,Non-kinase
1721,MFN1,Non-kinase
1722,MFN2,Non-kinase
1723,MICAL2,Non-kinase
1724,MICALL1,Non-kinase
1725,MIIP,Non-kinase
1726,MINK1,STE
1727,MIP,Non-kinase
1728,MIS18A,Non-kinase
1729,MISP,Non-kinase
1730,MITF,Non-kinase
1731,MKI67,Non-kinase
1732,MKNK1,CAMK
1733,MKNK2,CAMK
1734,MLH1,Non-kinase
1735,MLKL,TKL
1736,MLLT1,Non-kinase
1737,MLLT3,Non-kinase
1738,MLXIPL,Non-kinase
1739,MME,Non-kinase
1740,MMP14,Non-kinase
1741,MMP2,Non-kinase
1742,MNX1,Non-kinase
1743,MOB1A,Non-kinase
1744,MOB1B,Non-kinase
1745,MOK,CMGC
1746,MORC2,Non-kinase
1747,MOS,Other
1748,MPHOSPH10,Non-kinase
1749,MPLKIP,Non-kinase
1750,MPZL1,Non-kinase
1751,MRE11,Non-kinase
1752,MRPS18B,Non-kinase
1753,MRTFA,Non-kinase
1754,MRTO4,Non-kinase
1755,MS4A1,Non-kinase
1756,MSN,Non-kinase
1757,MST1R,TK
1758,MSX2,Non-kinase
1759,MTA1,Non-kinase
1760,MTA2,Non-kinase
1761,MTF1,Non-kinase
1762,MTHFD1L,Non-kinase
1763,MTHFR,Non-kinase
1764,MTMR2,Non-kinase
1765,MTOR,Atypical
1766,MTSS1,Non-kinase
1767,MTURN,Non-kinase
1768,MUC1,Non-kinase
1769,MUS81,Non-kinase
1770,MUSK,TK
1771,MVD,Non-kinase
1772,MXD1,Non-kinase
1773,MYB,Non-kinase
1774,MYBBP1A,Non-kinase
1775,MYBL1,Non-kinase
1776,MYBL2,Non-kinase
1777,MYBPC3,Non-kinase
1778,MYC,Non-kinase
1779,MYCBP2,Non-kinase
1780,MYCL,Non-kinase
1781,MYCN,Non-kinase
1782,MYF5,Non-kinase
1783,MYF6,Non-kinase
1784,MYH10,Non-kinase
1785,MYH2,Non-kinase
1786,MYH9,Non-kinase
1787,MYL12A,Non-kinase
1788,MYL12B,Non-kinase
1789,MYL2,Non-kinase
1790,MYL9,Non-kinase
1791,MYLK,CAMK
1792,MYLK2,CAMK
1793,MYLK3,CAMK
1794,MYLK4,CAMK
1795,MYO3A,STE
1796,MYO3B,STE
1797,MYO5A,Non-kinase
1798,MYO6,Non-kinase
1799,MYO9B,Non-kinase
1800,MYOCD,Non-kinase
1801,MYOD1,Non-kinase
1802,MYOM1,Non-kinase
1803,MYOM2,Non-kinase
1804,MYT1,Non-kinase
1805,MZF1,Non-kinase
1806,NABP2,Non-kinase
1807,NACA,Non-kinase
1808,NADK,Non-kinase
1809,NAGK,Non-kinase
1810,NANOG,Non-kinase
1811,NASP,Non-kinase
1812,NBN,Non-kinase
1813,NBR1,Non-kinase
1814,NCAM1,Non-kinase
1815,NCAPD3,Non-kinase
1816,NCAPG,Non-kinase
1817,NCAPH,Non-kinase
1818,NCAPH2,Non-kinase
1819,NCBP1,Non-kinase
1820,NCBP3,Non-kinase
1821,NCF1,Non-kinase
1822,NCF2,Non-kinase
1823,NCF4,Non-kinase
1824,NCK1,Non-kinase
1825,NCKAP5L,Non-kinase
1826,NCKIPSD,Non-kinase
1827,NCL,Non-kinase
1828,NCOA1,Non-kinase
1829,NCOA2,Non-kinase
1830,NCOA3,Non-kinase
1831,NCOA6,Non-kinase
1832,NCOR1,Non-kinase
1833,NCOR2,Non-kinase
1834,NCSTN,Non-kinase
1835,NDC80,Non-kinase
1836,NDE1,Non-kinase
1837,NDEL1,Non-kinase
1838,NDFIP2,Non-kinase
1839,NDRG1,Non-kinase
1840,NDRG2,Non-kinase
1841,NDUFA12,Non-kinase
1842,NDUFB6,Non-kinase
1843,NDUFS2,Non-kinase
1844,NDUFS4,Non-kinase
1845,NDUFV1,Non-kinase
1846,NDUFV2,Non-kinase
1847,NDUFV3,Non-kinase
1848,NEDD1,Non-kinase
1849,NEDD4,Non-kinase
1850,NEDD4L,Non-kinase
1851,NEDD8,Non-kinase
1852,NEDD9,Non-kinase
1853,NEFH,Non-kinase
1854,NEFL,Non-kinase
1855,NEIL1,Non-kinase
1856,NEK1,Other
1857,NEK10,Other
1858,NEK11,Other
1859,NEK2,Other
1860,NEK3,Other
1861,NEK4,Other
1862,NEK5,Other
1863,NEK6,Other
1864,NEK7,Other
1865,NEK8,Other
1866,NEK9,Other
1867,NELFA,Non-kinase
1868,NELFCD,Non-kinase
1869,NELFE,Non-kinase
1870,NES,Non-kinase
1871,NET1,Non-kinase
1872,NEUROD1,Non-kinase
1873,NEUROG1,Non-kinase
1874,NF1,Non-kinase
1875,NF2,Non-kinase
1876,NFAT5,Non-kinase
1877,NFATC1,Non-kinase
1878,NFATC2,Non-kinase
1879,NFATC3,Non-kinase
1880,NFATC4,Non-kinase
1881,NFE2,Non-kinase
1882,NFE2L1,Non-kinase
1883,NFE2L2,Non-kinase
1884,NFKB1,Non-kinase
1885,NFKB2,Non-kinase
1886,NFKBIA,Non-kinase
1887,NFKBIB,Non-kinase
1888,NFYA,Non-kinase
1889,NGEF,Non-kinase
1890,NGFR,Non-kinase
1891,NHEJ1,Non-kinase
1892,NHS,Non-kinase
1893,NIBAN1,Non-kinase
1894,NIBAN2,Non-kinase
1895,NID1,Non-kinase
1896,NIFK,Non-kinase
1897,NIM1K,CAMK
1898,NINL,Non-kinase
1899,NKD2,Non-kinase
1900,NKX2-1,Non-kinase
1901,NKX2-5,Non-kinase
1902,NKX3-1,Non-kinase
1903,NLGN4X,Non-kinase
1904,NLK,CMGC
1905,NLRC4,Non-kinase
1906,NLRP3,Non-kinase
1907,NLRP5,Non-kinase
1908,NME1,Non-kinase
1909,NME2,Non-kinase
1910,NMNAT1,Non-kinase
1911,NMT1,Non-kinase
1912,NOB1,Non-kinase
1913,NOL3,Non-kinase
1914,NOLC1,Non-kinase
1915,NOP53,Non-kinase
1916,NOS1,Non-kinase
1917,NOS2,Non-kinase
1918,NOS3,Non-kinase
1919,NOSIP,Non-kinase
1920,NOTCH1,Non-kinase
1921,NOTCH2,Non-kinase
1922,NOVA2,Non-kinase
1923,NOX4,Non-kinase
1924,NOX5,Non-kinase
1925,NOXA1,Non-kinase
1926,NOXO1,Non-kinase
1927,NPAT,Non-kinase
1928,NPFFR2,Non-kinase
1929,NPHP1,Non-kinase
1930,NPHS1,Non-kinase
1931,NPM1,Non-kinase
1932,NPR1,RGC
1933,NPR2,RGC
1934,NQO1,Non-kinase
1935,NR0B2,Non-kinase
1936,NR1D1,Non-kinase
1937,NR1H2,Non-kinase
1938,NR1H3,Non-kinase
1939,NR1H4,Non-kinase
1940,NR1I2,Non-kinase
1941,NR1I3,Non-kinase
1942,NR2C2,Non-kinase
1943,NR2F6,Non-kinase
1944,NR3C1,Non-kinase
1945,NR3C2,Non-kinase
1946,NR4A1,Non-kinase
1947,NR4A2,Non-kinase
1948,NR4A3,Non-kinase
1949,NR5A1,Non-kinase
1950,NR5A2,Non-kinase
1951,NRAS,Non-kinase
1952,NRBF2,Non-kinase
1953,NRBP1,Other
1954,NRBP2,Other
1955,NRCAM,Non-kinase
1956,NREP,Non-kinase
1957,NRF1,Non-kinase
1958,NRG1,Non-kinase
1959,NRGN,Non-kinase
1960,NRK,STE
1961,NRXN1,Non-kinase
1962,NSD2,Non-kinase
1963,NSF,Non-kinase
1964,NSFL1C,Non-kinase
1965,NSUN2,Non-kinase
1966,NTRK1,TK
1967,NTRK2,TK
1968,NTRK3,TK
1969,NUAK1,CAMK
1970,NUAK2,CAMK
1971,NUCKS1,Non-kinase
1972,NUDC,Non-kinase
1973,NUFIP2,Non-kinase
1974,NUMA1,Non-kinase
1975,NUMB,Non-kinase
1976,NUP107,Non-kinase
1977,NUP133,Non-kinase
1978,NUP153,Non-kinase
1979,NUP210,Non-kinase
1980,NUP214,Non-kinase
1981,NUP50,Non-kinase
1982,NUP62,Non-kinase
1983,NUP98,Non-kinase
1984,NUSAP1,Non-kinase
1985,OBSCN,CAMK
1986,OCLN,Non-kinase
1987,ODF2,Non-kinase
1988,OFD1,Non-kinase
1989,OGA,Non-kinase
1990,OGFOD1,Non-kinase
1991,OGFR,Non-kinase
1992,OGT,Non-kinase
1993,OPRD1,Non-kinase
1994,OPRK1,Non-kinase
1995,OPRL1,Non-kinase
1996,OPRM1,Non-kinase
1997,OPTN,Non-kinase
1998,ORAI1,Non-kinase
1999,ORC1,Non-kinase
2000,ORC2,Non-kinase
2001,ORC6,Non-kinase
2002,OSBP,Non-kinase
2003,OSBP2,Non-kinase
2004,OSBPL11,Non-kinase
2005,OSTF1,Non-kinase
2006,OTUB1,Non-kinase
2007,OTUD5,Non-kinase
2008,OTULIN,Non-kinase
2009,OXSR1,STE
2010,OXTR,Non-kinase
2011,PA2G4,Non-kinase
2012,PABIR1,Non-kinase
2013,PACS1,Non-kinase
2014,PACS2,Non-kinase
2015,PACSIN1,Non-kinase
2016,PACSIN2,Non-kinase
2017,PAG1,Non-kinase
2018,PAGE4,Non-kinase
2019,PAH,Non-kinase
2020,PAICS,Non-kinase
2021,PAK1,STE
2022,PAK2,STE
2023,PAK3,STE
2024,PAK4,STE
2025,PAK5,STE
2026,PAK6,STE
2027,PALLD,Non-kinase
2028,PAM,Non-kinase
2029,PAN2,Non-kinase
2030,PAN3,Other
2031,PANX1,Non-kinase
2032,PANX2,Non-kinase
2033,PAQR3,Non-kinase
2034,PARD3,Non-kinase
2035,PARD6A,Non-kinase
2036,PARK7,Non-kinase
2037,PARN,Non-kinase
2038,PARP1,Non-kinase
2039,PARP10,Non-kinase
2040,PARVA,Non-kinase
2041,PASK,CAMK
2042,PATL1,Non-kinase
2043,PAWR,Non-kinase
2044,PAX3,Non-kinase
2045,PAX6,Non-kinase
2046,PAX8,Non-kinase
2047,PBK,Other
2048,PBRM1,Non-kinase
2049,PBXIP1,Non-kinase
2050,PCBP1,Non-kinase
2051,PCBP2,Non-kinase
2052,PCF11,Non-kinase
2053,PCGF2,Non-kinase
2054,PCGF6,Non-kinase
2055,PCK1,Non-kinase
2056,PCM1,Non-kinase
2057,PCNA,Non-kinase
2058,PCNT,Non-kinase
2059,PCYT1A,Non-kinase
2060,PDC,Non-kinase
2061,PDCD10,Non-kinase
2062,PDCD4,Non-kinase
2063,PDCD5,Non-kinase
2064,PDCD6IP,Non-kinase
2065,PDCL,Non-kinase
2066,PDE10A,Non-kinase
2067,PDE11A,Non-kinase
2068,PDE3A,Non-kinase
2069,PDE3B,Non-kinase
2070,PDE4A,Non-kinase
2071,PDE4B,Non-kinase
2072,PDE4C,Non-kinase
2073,PDE4D,Non-kinase
2074,PDE5A,Non-kinase
2075,PDE6G,Non-kinase
2076,PDE8A,Non-kinase
2077,PDGFRA,TK
2078,PDGFRB,TK
2079,PDHA1,Non-kinase
2080,PDHA2,Non-kinase
2081,PDIA3,Non-kinase
2082,PDIA6,Non-kinase
2083,PDIK1L,Other
2084,PDK1,Atypical
2085,PDK2,Atypical
2086,PDK3,Atypical
2087,PDK4,Atypical
2088,PDP1,Non-kinase
2089,PDPK1,AGC
2090,PDS5B,Non-kinase
2091,PDX1,Non-kinase
2092,PDXDC1,Non-kinase
2093,PDZK1,Non-kinase
2094,PEA15,Non-kinase
2095,PEAK1,Other
2096,PEBP1,Non-kinase
2097,PECAM1,Non-kinase
2098,PELI1,Non-kinase
2099,PELI2,Non-kinase
2100,PELP1,Non-kinase
2101,PER2,Non-kinase
2102,PER3,Non-kinase
2103,PEX14,Non-kinase
2104,PEX5,Non-kinase
2105,PFAS,Non-kinase
2106,PFKFB2,Non-kinase
2107,PFKFB3,Non-kinase
2108,PFKL,Non-kinase
2109,PFKM,Non-kinase
2110,PFKP,Non-kinase
2111,PFN1,Non-kinase
2112,PGAM1,Non-kinase
2113,PGD,Non-kinase
2114,PGK1,Non-kinase
2115,PGM1,Non-kinase
2116,PGR,Non-kinase
2117,PHACTR3,Non-kinase
2118,PHB1,Non-kinase
2119,PHB2,Non-kinase
2120,PHF14,Non-kinase
2121,PHF2,Non-kinase
2122,PHF20,Non-kinase
2123,PHF23,Non-kinase
2124,PHF6,Non-kinase
2125,PHF8,Non-kinase
2126,PHGDH,Non-kinase
2127,PHKA1,Non-kinase
2128,PHKG1,CAMK
2129,PHKG2,CAMK
2130,PHLDA1,Non-kinase
2131,PHLDB1,Non-kinase
2132,PHLPP1,Non-kinase
2133,PHOX2A,Non-kinase
2134,PI4KB,Non-kinase
2135,PIAS1,Non-kinase
2136,PIAS2,Non-kinase
2137,PIAS4,Non-kinase
2138,PICK1,Non-kinase
2139,PIDD1,Non-kinase
2140,PIK3AP1,Non-kinase
2141,PIK3C2A,Non-kinase
2142,PIK3C3,Non-kinase
2143,PIK3CG,Non-kinase
2144,PIK3R1,Non-kinase
2145,PIK3R3,Non-kinase
2146,PIK3R4,Other
2147,PIK3R6,Non-kinase
2148,PIKFYVE,Non-kinase
2149,PIM1,CAMK
2150,PIM2,CAMK
2151,PIM3,CAMK
2152,PIMREG,Non-kinase
2153,PIN1,Non-kinase
2154,PIN4,Non-kinase
2155,PINK1,Other
2156,PINX1,Non-kinase
2157,PIP4K2A,Non-kinase
2158,PIP4K2B,Non-kinase
2159,PIP4K2C,Non-kinase
2160,PIP5K1B,Non-kinase
2161,PIP5K1C,Non-kinase
2162,PITPNA,Non-kinase
2163,PITPNC1,Non-kinase
2164,PITPNM1,Non-kinase
2165,PITX2,Non-kinase
2166,PJA2,Non-kinase
2167,PKD1,Non-kinase
2168,PKD2,Non-kinase
2169,PKD2L1,Non-kinase
2170,PKDCC,Other
2171,PKIA,Non-kinase
2172,PKM,Non-kinase
2173,PKMYT1,Other
2174,PKN1,AGC
2175,PKN2,AGC
2176,PKN3,AGC
2177,PKP1,Non-kinase
2178,PKP2,Non-kinase
2179,PKP3,Non-kinase
2180,PLA2G4A,Non-kinase
2181,PLAU,Non-kinase
2182,PLCB1,Non-kinase
2183,PLCB3,Non-kinase
2184,PLCG1,Non-kinase
2185,PLCG2,Non-kinase
2186,PLD1,Non-kinase
2187,PLD2,Non-kinase
2188,PLEC,Non-kinase
2189,PLEK,Non-kinase
2190,PLEKHG1,Non-kinase
2191,PLEKHG2,Non-kinase
2192,PLEKHG6,Non-kinase
2193,PLIN1,Non-kinase
2194,PLIN2,Non-kinase
2195,PLIN3,Non-kinase
2196,PLK1,Other
2197,PLK2,Other
2198,PLK3,Other
2199,PLK4,Other
2200,PLN,Non-kinase
2201,PLRG1,Non-kinase
2202,PLSCR1,Non-kinase
2203,PLSCR3,Non-kinase
2204,PLSCR4,Non-kinase
2205,PLXNA1,Non-kinase
2206,PLXNA2,Non-kinase
2207,PLXNB1,Non-kinase
2208,PMAIP1,Non-kinase
2209,PML,Non-kinase
2210,PNCK,CAMK
2211,PNKP,Non-kinase
2212,PNPLA8,Non-kinase
2213,PNPT1,Non-kinase
2214,POLD1,Non-kinase
2215,POLD2,Non-kinase
2216,POLD3,Non-kinase
2217,POLDIP3,Non-kinase
2218,POLH,Non-kinase
2219,POLL,Non-kinase
2220,POLM,Non-kinase
2221,POLR1G,Non-kinase
2222,POLR2A,Non-kinase
2223,POLR2F,Non-kinase
2224,POMK,Other
2225,POP4,Non-kinase
2226,POU2F1,Non-kinase
2227,POU3F2,Non-kinase
2228,POU5F1,Non-kinase
2229,POU6F1,Non-kinase
2230,PPARA,Non-kinase
2231,PPARD,Non-kinase
2232,PPARG,Non-kinase
2233,PPARGC1A,Non-kinase
2234,PPARGC1B,Non-kinase
2235,PPAT,Non-kinase
2236,PPFIA1,Non-kinase
2237,PPHLN1,Non-kinase
2238,PPIF,Non-kinase
2239,PPM1B,Non-kinase
2240,PPM1D,Non-kinase
2241,PPM1G,Non-kinase
2242,PPM1J,Non-kinase
2243,PPME1,Non-kinase
2244,PPP1CA,Non-kinase
2245,PPP1CC,Non-kinase
2246,PPP1R12A,Non-kinase
2247,PPP1R12B,Non-kinase
2248,PPP1R12C,Non-kinase
2249,PPP1R13L,Non-kinase
2250,PPP1R14A,Non-kinase
2251,PPP1R14B,Non-kinase
2252,PPP1R14C,Non-kinase
2253,PPP1R14D,Non-kinase
2254,PPP1R16B,Non-kinase
2255,PPP1R17,Non-kinase
2256,PPP1R1A,Non-kinase
2257,PPP1R1B,Non-kinase
2258,PPP1R1C,Non-kinase
2259,PPP1R2,Non-kinase
2260,PPP1R26,Non-kinase
2261,PPP1R2B,Non-kinase
2262,PPP1R35,Non-kinase
2263,PPP1R3A,Non-kinase
2264,PPP1R3C,Non-kinase
2265,PPP1R7,Non-kinase
2266,PPP1R8,Non-kinase
2267,PPP1R9A,Non-kinase
2268,PPP1R9B,Non-kinase
2269,PPP2CA,Non-kinase
2270,PPP2R2A,Non-kinase
2271,PPP2R2B,Non-kinase
2272,PPP2R3A,Non-kinase
2273,PPP2R5A,Non-kinase
2274,PPP2R5C,Non-kinase
2275,PPP2R5D,Non-kinase
2276,PPP5C,Non-kinase
2277,PPP6R2,Non-kinase
2278,PQBP1,Non-kinase
2279,PRAG1,Other
2280,PRC1,Non-kinase
2281,PRDX1,Non-kinase
2282,PRDX2,Non-kinase
2283,PRDX3,Non-kinase
2284,PRDX6,Non-kinase
2285,PREB,Non-kinase
2286,PREX1,Non-kinase
2287,PREX2,Non-kinase
2288,PRH1,Non-kinase
2289,PRICKLE1,Non-kinase
2290,PRKAA1,CAMK
2291,PRKAA2,CAMK
2292,PRKAB1,Non-kinase
2293,PRKACA,AGC
2294,PRKACB,AGC
2295,PRKACG,AGC
2296,PRKAG1,Non-kinase
2297,PRKAR1A,Non-kinase
2298,PRKAR2A,Non-kinase
2299,PRKAR2B,Non-kinase
2300,PRKCA,AGC
2301,PRKCB,AGC
2302,PRKCD,AGC
2303,PRKCE,AGC
2304,PRKCG,AGC
2305,PRKCH,AGC
2306,PRKCI,AGC
2307,PRKCQ,AGC
2308,PRKCZ,AGC
2309,PRKD1,CAMK
2310,PRKD2,CAMK
2311,PRKD3,CAMK
2312,PRKDC,Atypical
2313,PRKG1,AGC
2314,PRKG2,AGC
2315,PRKN,Non-kinase
2316,PRKX,AGC
2317,PRKY,AGC
2318,PRL,Non-kinase
2319,PRLR,Non-kinase
2320,PRMT5,Non-kinase
2321,PRNP,Non-kinase
2322,PROM1,Non-kinase
2323,PROSER2,Non-kinase
2324,PRPF19,Non-kinase
2325,PRPF3,Non-kinase
2326,PRPF31,Non-kinase
2327,PRPF4B,CMGC
2328,PRPH,Non-kinase
2329,PRPS1,Non-kinase
2330,PRPS2,Non-kinase
2331,PRR5,Non-kinase
2332,PRRC2A,Non-kinase
2333,PRRC2B,Non-kinase
2334,PRRC2C,Non-kinase
2335,PSEN1,Non-kinase
2336,PSEN2,Non-kinase
2337,PSIP1,Non-kinase
2338,PSKH1,CAMK
2339,PSKH2,CAMK
2340,PSMA3,Non-kinase
2341,PSMA5,Non-kinase
2342,PSMA7,Non-kinase
2343,PSMC4,Non-kinase
2344,PSMC5,Non-kinase
2345,PSMD1,Non-kinase
2346,PSMD11,Non-kinase
2347,PSMD2,Non-kinase
2348,PSMD3,Non-kinase
2349,PSME3,Non-kinase
2350,PSTPIP1,Non-kinase
2351,PTBP1,Non-kinase
2352,PTEN,Non-kinase
2353,PTGER4,Non-kinase
2354,PTGES3,Non-kinase
2355,PTGIR,Non-kinase
2356,PTGS2,Non-kinase
2357,PTH1R,Non-kinase
2358,PTHLH,Non-kinase
2359,PTK2,TK
2360,PTK2B,TK
2361,PTK6,TK
2362,PTK7,TK
2363,PTMA,Non-kinase
2364,PTOV1,Non-kinase
2365,PTPN1,Non-kinase
2366,PTPN11,Non-kinase
2367,PTPN12,Non-kinase
2368,PTPN18,Non-kinase
2369,PTPN2,Non-kinase
2370,PTPN22,Non-kinase
2371,PTPN3,Non-kinase
2372,PTPN5,Non-kinase
2373,PTPN6,Non-kinase
2374,PTPN7,Non-kinase
2375,PTPRA,Non-kinase
2376,PTPRC,Non-kinase
2377,PTPRCAP,Non-kinase
2378,PTPRF,Non-kinase
2379,PTPRJ,Non-kinase
2380,PTPRR,Non-kinase
2381,PTPRT,Non-kinase
2382,PTRH2,Non-kinase
2383,PTS,Non-kinase
2384,PTTG1,Non-kinase
2385,PTTG1IP,Non-kinase
2386,PTTG2,Non-kinase
2387,PXK,Other
2388,PXN,Non-kinase
2389,PYCARD,Non-kinase
2390,PYCR1,Non-kinase
2391,PYCR2,Non-kinase
2392,PYGB,Non-kinase
2393,PYGL,Non-kinase
2394,PYGM,Non-kinase
2395,PYGO2,Non-kinase
2396,QDPR,Non-kinase
2397,QTRT1,Non-kinase
2398,RAB10,Non-kinase
2399,RAB11A,Non-kinase
2400,RAB11FIP1,Non-kinase
2401,RAB11FIP2,Non-kinase
2402,RAB11FIP3,Non-kinase
2403,RAB11FIP5,Non-kinase
2404,RAB1A,Non-kinase
2405,RAB34,Non-kinase
2406,RAB37,Non-kinase
2407,RAB3IP,Non-kinase
2408,RAB4A,Non-kinase
2409,RAB5A,Non-kinase
2410,RAB5B,Non-kinase
2411,RAB8A,Non-kinase
2412,RABEP1,Non-kinase
2413,RAC1,Non-kinase
2414,RACGAP1,Non-kinase
2415,RACK1,Non-kinase
2416,RAD1,Non-kinase
2417,RAD17,Non-kinase
2418,RAD18,Non-kinase
2419,RAD21,Non-kinase
2420,RAD50,Non-kinase
2421,RAD51,Non-kinase
2422,RAD52,Non-kinase
2423,RAD54L,Non-kinase
2424,RAD9A,Non-kinase
2425,RAF1,TKL
2426,RAG2,Non-kinase
2427,RAI1,Non-kinase
2428,RAI14,Non-kinase
2429,RALA,Non-kinase
2430,RALB,Non-kinase
2431,RALBP1,Non-kinase
2432,RALGAPA2,Non-kinase
2433,RALY,Non-kinase
2434,RAMAC,Non-kinase
2435,RAN,Non-kinase
2436,RANBP2,Non-kinase
2437,RANBP3,Non-kinase
2438,RANBP9,Non-kinase
2439,RANGAP1,Non-kinase
2440,RAP1A,Non-kinase
2441,RAP1B,Non-kinase
2442,RAP1GAP,Non-kinase
2443,RAP1GAP2,Non-kinase
2444,RAPGEF1,Non-kinase
2445,RAPGEF2,Non-kinase
2446,RAPGEF3,Non-kinase
2447,RAPH1,Non-kinase
2448,RARA,Non-kinase
2449,RARG,Non-kinase
2450,RASA1,Non-kinase
2451,RASAL2,Non-kinase
2452,RASD2,Non-kinase
2453,RASGRF1,Non-kinase
2454,RASGRF2,Non-kinase
2455,RASGRP1,Non-kinase
2456,RASGRP2,Non-kinase
2457,RASGRP3,Non-kinase
2458,RASSF1,Non-kinase
2459,RAVER1,Non-kinase
2460,RB1,Non-kinase
2461,RB1CC1,Non-kinase
2462,RBBP5,Non-kinase
2463,RBBP7,Non-kinase
2464,RBBP8,Non-kinase
2465,RBFOX2,Non-kinase
2466,RBL1,Non-kinase
2467,RBL2,Non-kinase
2468,RBM10,Non-kinase
2469,RBM14,Non-kinase
2470,RBM17,Non-kinase
2471,RBM26,Non-kinase
2472,RBM27,Non-kinase
2473,RBM28,Non-kinase
2474,RBM3,Non-kinase
2475,RBM38,Non-kinase
2476,RBM39,Non-kinase
2477,RBM4,Non-kinase
2478,RBM42,Non-kinase
2479,RBM7,Non-kinase
2480,RBM8A,Non-kinase
2481,RBMX,Non-kinase
2482,RBMXL1,Non-kinase
2483,RBPJ,Non-kinase
2484,RBPMS,Non-kinase
2485,RBSN,Non-kinase
2486,RCAN1,Non-kinase
2487,RCC1,Non-kinase
2488,RCHY1,Non-kinase
2489,RCSD1,Non-kinase
2490,RDX,Non-kinase
2491,RECQL4,Non-kinase
2492,RECQL5,Non-kinase
2493,REEP1,Non-kinase
2494,REEP2,Non-kinase
2495,REL,Non-kinase
2496,RELA,Non-kinase
2497,RELB,Non-kinase
2498,RELL1,Non-kinase
2499,REM1,Non-kinase
2500,REPS1,Non-kinase
2501,REPS2,Non-kinase
2502,REST,Non-kinase
2503,RET,TK
2504,RETREG1,Non-kinase
2505,REV3L,Non-kinase
2506,REXO1,Non-kinase
2507,RFC1,Non-kinase
2508,RFWD3,Non-kinase
2509,RFX1,Non-kinase
2510,RGCC,Non-kinase
2511,RGPD3,Non-kinase
2512,RGPD4,Non-kinase
2513,RGPD5,Non-kinase
2514,RGPD8,Non-kinase
2515,RGS10,Non-kinase
2516,RGS13,Non-kinase
2517,RGS14,Non-kinase
2518,RGS16,Non-kinase
2519,RGS18,Non-kinase
2520,RGS19,Non-kinase
2521,RGS2,Non-kinase
2522,RGS7,Non-kinase
2523,RHBG,Non-kinase
2524,RHEB,Non-kinase
2525,RHO,Non-kinase
2526,RHOA,Non-kinase
2527,RHOB,Non-kinase
2528,RHOT1,Non-kinase
2529,RHOU,Non-kinase
2530,RICTOR,Non-kinase
2531,RIF1,Non-kinase
2532,RIGI,Non-kinase
2533,RIMS1,Non-kinase
2534,RIN1,Non-kinase
2535,RIOK1,Atypical
2536,RIOK2,Atypical
2537,RIOK3,Atypical
2538,RIPK1,TKL
2539,RIPK2,TKL
2540,RIPK3,TKL
2541,RIPK4,TKL
2542,RIPOR1,Non-kinase
2543,RIT1,Non-kinase
2544,RMDN3,Non-kinase
2545,RMI2,Non-kinase
2546,RNASEL,Other
2547,RND3,Non-kinase
2548,RNF11,Non-kinase
2549,RNF138,Non-kinase
2550,RNF20,Non-kinase
2551,RNF4,Non-kinase
2552,RNF40,Non-kinase
2553,RNF41,Non-kinase
2554,RNF7,Non-kinase
2555,RNMT,Non-kinase
2556,RNPS1,Non-kinase
2557,ROBO1,Non-kinase
2558,ROBO3,Non-kinase
2559,ROCK1,AGC
2560,ROCK2,AGC
2561,ROR1,TK
2562,ROR2,TK
2563,RORA,Non-kinase
2564,RORC,Non-kinase
2565,ROS1,TK
2566,RP9,Non-kinase
2567,RPA2,Non-kinase
2568,RPAP3,Non-kinase
2569,RPL10,Non-kinase
2570,RPL11,Non-kinase
2571,RPL12,Non-kinase
2572,RPL13,Non-kinase
2573,RPL13A,Non-kinase
2574,RPL19,Non-kinase
2575,RPL21,Non-kinase
2576,RPL7A,Non-kinase
2577,RPL8,Non-kinase
2578,RPLP2,Non-kinase
2579,RPRD1B,Non-kinase
2580,RPS10,Non-kinase
2581,RPS11,Non-kinase
2582,RPS15,Non-kinase
2583,RPS19,Non-kinase
2584,RPS27,Non-kinase
2585,RPS27L,Non-kinase
2586,RPS3,Non-kinase
2587,RPS3A,Non-kinase
2588,RPS6,Non-kinase
2589,RPS6KA1,AGC
2590,RPS6KA2,AGC
2591,RPS6KA3,AGC
2592,RPS6KA4,AGC
2593,RPS6KA5,AGC
2594,RPS6KA6,AGC
2595,RPS6KB1,AGC
2596,RPS6KB2,AGC
2597,RPS6KC1,AGC
2598,RPS6KL1,AGC
2599,RPTOR,Non-kinase
2600,RRAD,Non-kinase
2601,RRAGC,Non-kinase
2602,RRAS,Non-kinase
2603,RRAS2,Non-kinase
2604,RRM1,Non-kinase
2605,RRM2,Non-kinase
2606,RRM2B,Non-kinase
2607,RRN3,Non-kinase
2608,RRP12,Non-kinase
2609,RSC1A1,Non-kinase
2610,RSF1,Non-kinase
2611,RSKR,AGC
2612,RSL1D1,Non-kinase
2613,RSPH3,Non-kinase
2614,RTCB,Non-kinase
2615,RTKN,Non-kinase
2616,RTN4,Non-kinase
2617,RUBCNL,Non-kinase
2618,RUFY1,Non-kinase
2619,RUNX1,Non-kinase
2620,RUNX2,Non-kinase
2621,RUNX3,Non-kinase
2622,RUVBL1,Non-kinase
2623,RXRA,Non-kinase
2624,RYK,TK
2625,RYR1,Non-kinase
2626,RYR2,Non-kinase
2627,S100A9,Non-kinase
2628,S1PR1,Non-kinase
2629,SAFB2,Non-kinase
2630,SAMHD1,Non-kinase
2631,SARM1,Non-kinase
2632,SARS1,Non-kinase
2633,SASH1,Non-kinase
2634,SAT1,Non-kinase
2635,SATB1,Non-kinase
2636,SAV1,Non-kinase
2637,SBK1,Other
2638,SBK2,Other
2639,SBK3,Other
2640,SCAF11,Non-kinase
2641,SCAMP1,Non-kinase
2642,SCAMP3,Non-kinase
2643,SCD,Non-kinase
2644,SCML2,Non-kinase
2645,SCN10A,Non-kinase
2646,SCN5A,Non-kinase
2647,SCN8A,Non-kinase
2648,SCN9A,Non-kinase
2649,SCNN1B,Non-kinase
2650,SCNN1G,Non-kinase
2651,SCRIB,Non-kinase
2652,SCYL1,Other
2653,SCYL2,Other
2654,SCYL3,Other
2655,SDC1,Non-kinase
2656,SDC2,Non-kinase
2657,SDC3,Non-kinase
2658,SDC4,Non-kinase
2659,SDCBP,Non-kinase
2660,SDHA,Non-kinase
2661,SEC14L2,Non-kinase
2662,SEC16A,Non-kinase
2663,SEC23A,Non-kinase
2664,SEC23B,Non-kinase
2665,SEC63,Non-kinase
2666,SECISBP2L,Non-kinase
2667,SENP1,Non-kinase
2668,SENP2,Non-kinase
2669,SENP3,Non-kinase
2670,SEPTIN1,Non-kinase
2671,SEPTIN12,Non-kinase
2672,SEPTIN2,Non-kinase
2673,SEPTIN3,Non-kinase
2674,SEPTIN5,Non-kinase
2675,SEPTIN7,Non-kinase
2676,SEPTIN8,Non-kinase
2677,SEPTIN9,Non-kinase
2678,SERINC3,Non-kinase
2679,SERINC5,Non-kinase
2680,SERPINF1,Non-kinase
2681,SESN2,Non-kinase
2682,SET,Non-kinase
2683,SETDB1,Non-kinase
2684,SETMAR,Non-kinase
2685,SF1,Non-kinase
2686,SF3B1,Non-kinase
2687,SF3B2,Non-kinase
2688,SFN,Non-kinase
2689,SFPQ,Non-kinase
2690,SGK1,AGC
2691,SGK2,AGC
2692,SGK3,AGC
2693,SGO1,Non-kinase
2694,SH2B1,Non-kinase
2695,SH2B2,Non-kinase
2696,SH2B3,Non-kinase
2697,SH2D2A,Non-kinase
2698,SH2D4A,Non-kinase
2699,SH3BP2,Non-kinase
2700,SH3BP4,Non-kinase
2701,SH3BP5,Non-kinase
2702,SH3GL1,Non-kinase
2703,SH3GL2,Non-kinase
2704,SH3GLB1,Non-kinase
2705,SH3PXD2B,Non-kinase
2706,SH3RF1,Non-kinase
2707,SHARPIN,Non-kinase
2708,SHC1,Non-kinase
2709,SHC3,Non-kinase
2710,SHC4,Non-kinase
2711,SHCBP1,Non-kinase
2712,SHOC2,Non-kinase
2713,SHOX,Non-kinase
2714,SI,Non-kinase
2715,SIAH1,Non-kinase
2716,SIAH2,Non-kinase
2717,SIGIRR,Non-kinase
2718,SIGLEC10,Non-kinase
2719,SIK1,CAMK
2720,SIK2,CAMK
2721,SIK3,CAMK
2722,SIKE1,Non-kinase
2723,SIM2,Non-kinase
2724,SIN3A,Non-kinase
2725,SIPA1L1,Non-kinase
2726,SIRPA,Non-kinase
2727,SIRT1,Non-kinase
2728,SIRT2,Non-kinase
2729,SIRT3,Non-kinase
2730,SIRT6,Non-kinase
2731,SIRT7,Non-kinase
2732,SIVA1,Non-kinase
2733,SKA3,Non-kinase
2734,SKAP1,Non-kinase
2735,SKI,Non-kinase
2736,SKP2,Non-kinase
2737,SLA,Non-kinase
2738,SLAIN2,Non-kinase
2739,SLAMF1,Non-kinase
2740,SLBP,Non-kinase
2741,SLC11A1,Non-kinase
2742,SLC12A1,Non-kinase
2743,SLC12A2,Non-kinase
2744,SLC12A3,Non-kinase
2745,SLC12A4,Non-kinase
2746,SLC12A5,Non-kinase
2747,SLC12A6,Non-kinase
2748,SLC12A7,Non-kinase
2749,SLC18A2,Non-kinase
2750,SLC1A3,Non-kinase
2751,SLC25A4,Non-kinase
2752,SLC25A5,Non-kinase
2753,SLC26A4,Non-kinase
2754,SLC29A1,Non-kinase
2755,SLC2A1,Non-kinase
2756,SLC2A2,Non-kinase
2757,SLC2A4,Non-kinase
2758,SLC3A2,Non-kinase
2759,SLC4A1,Non-kinase
2760,SLC4A3,Non-kinase
2761,SLC4A4,Non-kinase
2762,SLC6A2,Non-kinase
2763,SLC6A3,Non-kinase
2764,SLC6A4,Non-kinase
2765,SLC6A9,Non-kinase
2766,SLC7A11,Non-kinase
2767,SLC8B1,Non-kinase
2768,SLC9A1,Non-kinase
2769,SLC9A3,Non-kinase
2770,SLC9A3R1,Non-kinase
2771,SLC9A3R2,Non-kinase
2772,SLC9A5,Non-kinase
2773,SLCO1B1,Non-kinase
2774,SLITRK1,Non-kinase
2775,SLK,STE
2776,SLN,Non-kinase
2777,SLTM,Non-kinase
2778,SLX4,Non-kinase
2779,SLX9,Non-kinase
2780,SMAD1,Non-kinase
2781,SMAD2,Non-kinase
2782,SMAD3,Non-kinase
2783,SMAD4,Non-kinase
2784,SMAD6,Non-kinase
2785,SMAD7,Non-kinase
2786,SMAD9,Non-kinase
2787,SMARCA4,Non-kinase
2788,SMARCAL1,Non-kinase
2789,SMARCC2,Non-kinase
2790,SMARCD3,Non-kinase
2791,SMC1A,Non-kinase
2792,SMC3,Non-kinase
2793,SMCR8,Non-kinase
2794,SMG1,Atypical
2795,SMN1,Non-kinase
2796,SMPD1,Non-kinase
2797,SMTN,Non-kinase
2798,SMURF2,Non-kinase
2799,SNAI1,Non-kinase
2800,SNAI2,Non-kinase
2801,SNAP23,Non-kinase
2802,SNAP25,Non-kinase
2803,SNAP29,Non-kinase
2804,SNAPIN,Non-kinase
2805,SNCA,Non-kinase
2806,SNCAIP,Non-kinase
2807,SNCB,Non-kinase
2808,SNCG,Non-kinase
2809,SND1,Non-kinase
2810,SNED1,Non-kinase
2811,SNPH,Non-kinase
2812,SNRK,CAMK
2813,SNRNP70,Non-kinase
2814,SNTA1,Non-kinase
2815,SNW1,Non-kinase
2816,SNX17,Non-kinase
2817,SNX2,Non-kinase
2818,SNX27,Non-kinase
2819,SNX8,Non-kinase
2820,SNX9,Non-kinase
2821,SOCS1,Non-kinase
2822,SOCS3,Non-kinase
2823,SOD1,Non-kinase
2824,SOD2,Non-kinase
2825,SON,Non-kinase
2826,SORBS1,Non-kinase
2827,SORBS2,Non-kinase
2828,SORBS3,Non-kinase
2829,SORL1,Non-kinase
2830,SORT1,Non-kinase
2831,SOS1,Non-kinase
2832,SOX2,Non-kinase
2833,SOX8,Non-kinase
2834,SOX9,Non-kinase
2835,SP1,Non-kinase
2836,SP3,Non-kinase
2837,SP7,Non-kinase
2838,SPAG1,Non-kinase
2839,SPAG5,Non-kinase
2840,SPAG9,Non-kinase
2841,SPAST,Non-kinase
2842,SPDEF,Non-kinase
2843,SPDL1,Non-kinase
2844,SPEG,CAMK
2845,SPEN,Non-kinase
2846,SPHK1,Non-kinase
2847,SPHK2,Non-kinase
2848,SPI1,Non-kinase
2849,SPIB,Non-kinase
2850,SPIN1,Non-kinase
2851,SPN,Non-kinase
2852,SPOP,Non-kinase
2853,SPP1,Non-kinase
2854,SPR,Non-kinase
2855,SPRED1,Non-kinase
2856,SPRY2,Non-kinase
2857,SPSB1,Non-kinase
2858,SPTAN1,Non-kinase
2859,SPTBN1,Non-kinase
2860,SPTBN4,Non-kinase
2861,SPTLC1,Non-kinase
2862,SQSTM1,Non-kinase
2863,SRC,TK
2864,SRCIN1,Non-kinase
2865,SREBF1,Non-kinase
2866,SREBF2,Non-kinase
2867,SRF,Non-kinase
2868,SRI,Non-kinase
2869,SRMS,TK
2870,SRPK1,CMGC
2871,SRPK2,CMGC
2872,SRPK3,CMGC
2873,SRRM1,Non-kinase
2874,SRRM2,Non-kinase
2875,SRRT,Non-kinase
2876,SRSF1,Non-kinase
2877,SRSF11,Non-kinase
2878,SRSF2,Non-kinase
2879,SRSF3,Non-kinase
2880,SRSF5,Non-kinase
2881,SRSF9,Non-kinase
2882,SSB,Non-kinase
2883,SSBP1,Non-kinase
2884,SSBP3,Non-kinase
2885,SSH1,Non-kinase
2886,SSH3,Non-kinase
2887,SSR1,Non-kinase
2888,SSRP1,Non-kinase
2889,SSTR2,Non-kinase
2890,SSTR5,Non-kinase
2891,SSU72,Non-kinase
2892,ST13,Non-kinase
2893,STAM2,Non-kinase
2894,STAMBP,Non-kinase
2895,STAP2,Non-kinase
2896,STAR,Non-kinase
2897,STARD10,Non-kinase
2898,STAT1,Non-kinase
2899,STAT2,Non-kinase
2900,STAT3,Non-kinase
2901,STAT4,Non-kinase
2902,STAT5A,Non-kinase
2903,STAT5B,Non-kinase
2904,STAT6,Non-kinase
2905,STBD1,Non-kinase
2906,STC2,Non-kinase
2907,STIL,Non-kinase
2908,STIM1,Non-kinase
2909,STING1,Non-kinase
2910,STIP1,Non-kinase
2911,STK10,STE
2912,STK11,CAMK
2913,STK16,Other
2914,STK17A,CAMK
2915,STK17B,CAMK
2916,STK19,Atypical
2917,STK24,STE
2918,STK25,STE
2919,STK26,STE
2920,STK3,STE
2921,STK31,Other
2922,STK32A,AGC
2923,STK32B,AGC
2924,STK32C,AGC
2925,STK33,CAMK
2926,STK35,Other
2927,STK36,Other
2928,STK38,AGC
2929,STK38L,AGC
2930,STK39,STE
2931,STK4,STE
2932,STK40,CAMK
2933,STKLD1,Other
2934,STMN1,Non-kinase
2935,STMN2,Non-kinase
2936,STMN3,Non-kinase
2937,STOM,Non-kinase
2938,STOML2,Non-kinase
2939,STRADA,STE
2940,STRAP,Non-kinase
2941,STX17,Non-kinase
2942,STX1A,Non-kinase
2943,STXBP1,Non-kinase
2944,STXBP2,Non-kinase
2945,STXBP4,Non-kinase
2946,STYK1,TK
2947,SUB1,Non-kinase
2948,SUDS3,Non-kinase
2949,SUFU,Non-kinase
2950,SUGP2,Non-kinase
2951,SUGT1,Non-kinase
2952,SULT4A1,Non-kinase
2953,SUN1,Non-kinase
2954,SUN2,Non-kinase
2955,SUPT16H,Non-kinase
2956,SUPT5H,Non-kinase
2957,SUPT6H,Non-kinase
2958,SUPV3L1,Non-kinase
2959,SUV39H1,Non-kinase
2960,SUZ12,Non-kinase
2961,SV2A,Non-kinase
2962,SVIL,Non-kinase
2963,SYK,TK
2964,SYMPK,Non-kinase
2965,SYN1,Non-kinase
2966,SYN2,Non-kinase
2967,SYN3,Non-kinase
2968,SYNCRIP,Non-kinase
2969,SYNGAP1,Non-kinase
2970,SYNJ2,Non-kinase
2971,SYT2,Non-kinase
2972,SYT4,Non-kinase
2973,SYT6,Non-kinase
2974,SYTL1,Non-kinase
2975,TAB1,Non-kinase
2976,TAB3,Non-kinase
2977,TACC1,Non-kinase
2978,TACC3,Non-kinase
2979,TACSTD2,Non-kinase
2980,TAF1,Atypical
2981,TAF1L,Atypical
2982,TAF7,Non-kinase
2983,TAGAP,Non-kinase
2984,TAGLN,Non-kinase
2985,TAGLN2,Non-kinase
2986,TAL1,Non-kinase
2987,TAL2,Non-kinase
2988,TANC1,Non-kinase
2989,TANK,Non-kinase
2990,TAOK1,STE
2991,TAOK2,STE
2992,TAOK3,STE
2993,TARBP2,Non-kinase
2994,TARDBP,Non-kinase
2995,TAX1BP1,Non-kinase
2996,TBC1D1,Non-kinase
2997,TBC1D23,Non-kinase
2998,TBC1D4,Non-kinase
2999,TBC1D7,Non-kinase
3000,TBCB,Non-kinase
3001,TBCE,Non-kinase
3002,TBCK,Other
3003,TBK1,Other
3004,TBL1XR1,Non-kinase
3005,TBL2,Non-kinase
3006,TBX21,Non-kinase
3007,TBX3,Non-kinase
3008,TBXA2R,Non-kinase
3009,TCAP,Non-kinase
3010,TCEAL1,Non-kinase
3011,TCF3,Non-kinase
3012,TCF4,Non-kinase
3013,TCF7L2,Non-kinase
3014,TCOF1,Non-kinase
3015,TDP1,Non-kinase
3016,TDP2,Non-kinase
3017,TEC,TK
3018,TEK,TK
3019,TELO2,Non-kinase
3020,TENT2,Non-kinase
3021,TERF1,Non-kinase
3022,TERF2,Non-kinase
3023,TERF2IP,Non-kinase
3024,TERT,Non-kinase
3025,TESK1,TKL
3026,TESK2,TKL
3027,TET2,Non-kinase
3028,TEX14,Other
3029,TFAM,Non-kinase
3030,TFAP2A,Non-kinase
3031,TFCP2,Non-kinase
3032,TFCP2L1,Non-kinase
3033,TFDP1,Non-kinase
3034,TFE3,Non-kinase
3035,TFEB,Non-kinase
3036,TFG,Non-kinase
3037,TFPI,Non-kinase
3038,TFPT,Non-kinase
3039,TFRC,Non-kinase
3040,TGFB1I1,Non-kinase
3041,TGFBR1,TKL
3042,TGFBR2,TKL
3043,TGFBR3,Non-kinase
3044,TGM2,Non-kinase
3045,TGS1,Non-kinase
3046,TH,Non-kinase
3047,THEMIS,Non-kinase
3048,THOC5,Non-kinase
3049,THOP1,Non-kinase
3050,THRAP3,Non-kinase
3051,THRB,Non-kinase
3052,TIAM1,Non-kinase
3053,TICAM1,Non-kinase
3054,TICAM2,Non-kinase
3055,TICRR,Non-kinase
3056,TIE1,TK
3057,TIFA,Non-kinase
3058,TIGIT,Non-kinase
3059,TIMP2,Non-kinase
3060,TINF2,Non-kinase
3061,TIRAP,Non-kinase
3062,TK1,Non-kinase
3063,TKT,Non-kinase
3064,TLE1,Non-kinase
3065,TLK1,Other
3066,TLK2,Other
3067,TLN1,Non-kinase
3068,TLR3,Non-kinase
3069,TLR4,Non-kinase
3070,TLR5,Non-kinase
3071,TMIGD2,Non-kinase
3072,TMOD1,Non-kinase
3073,TMPO,Non-kinase
3074,TNF,Non-kinase
3075,TNFAIP1,Non-kinase
3076,TNFAIP3,Non-kinase
3077,TNFAIP8L2,Non-kinase
3078,TNFRSF1A,Non-kinase
3079,TNIK,STE
3080,TNK1,TK
3081,TNK2,TK
3082,TNKS,Non-kinase
3083,TNKS1BP1,Non-kinase
3084,TNNI3,Non-kinase
3085,TNNT2,Non-kinase
3086,TNRC18,Non-kinase
3087,TNS3,Non-kinase
3088,TOB1,Non-kinase
3089,TOB2,Non-kinase
3090,TOM1L1,Non-kinase
3091,TOP1,Non-kinase
3092,TOP2A,Non-kinase
3093,TOP2B,Non-kinase
3094,TOPBP1,Non-kinase
3095,TOPORS,Non-kinase
3096,TOR1AIP1,Non-kinase
3097,TP53,Non-kinase
3098,TP53BP1,Non-kinase
3099,TP53BP2,Non-kinase
3100,TP53RK,Other
3101,TP63,Non-kinase
3102,TP73,Non-kinase
3103,TPD52,Non-kinase
3104,TPH1,Non-kinase
3105,TPH2,Non-kinase
3106,TPI1,Non-kinase
3107,TPM1,Non-kinase
3108,TPP1,Non-kinase
3109,TPPP,Non-kinase
3110,TPR,Non-kinase
3111,TPT1,Non-kinase
3112,TPX2,Non-kinase
3113,TRAF1,Non-kinase
3114,TRAF2,Non-kinase
3115,TRAF3,Non-kinase
3116,TRAF3IP2,Non-kinase
3117,TRAF4,Non-kinase
3118,TRAF6,Non-kinase
3119,TRAP1,Non-kinase
3120,TRIB1,CAMK
3121,TRIB2,CAMK
3122,TRIB3,CAMK
3123,TRIM24,Atypical
3124,TRIM25,Non-kinase
3125,TRIM28,Atypical
3126,TRIM29,Non-kinase
3127,TRIM32,Non-kinase
3128,TRIM33,Atypical
3129,TRIM56,Non-kinase
3130,TRIM59,Non-kinase
3131,TRIM71,Non-kinase
3132,TRIM9,Non-kinase
3133,TRIO,CAMK
3134,TRIOBP,Non-kinase
3135,TRIP10,Non-kinase
3136,TRIP12,Non-kinase
3137,TRIP13,Non-kinase
3138,TRIP6,Non-kinase
3139,TRPA1,Non-kinase
3140,TRPC1,Non-kinase
3141,TRPC3,Non-kinase
3142,TRPC4,Non-kinase
3143,TRPC5,Non-kinase
3144,TRPC6,Non-kinase
3145,TRPC7,Non-kinase
3146,TRPM2,Non-kinase
3147,TRPM4,Non-kinase
3148,TRPM6,Atypical
3149,TRPM7,Atypical
3150,TRPM8,Non-kinase
3151,TRPV1,Non-kinase
3152,TRPV3,Non-kinase
3153,TRPV4,Non-kinase
3154,TRPV5,Non-kinase
3155,TRPV6,Non-kinase
3156,TSC1,Non-kinase
3157,TSC2,Non-kinase
3158,TSPY1,Non-kinase
3159,TSPYL2,Non-kinase
3160,TSPYL5,Non-kinase
3161,TSR1,Non-kinase
3162,TSSK1B,CAMK
3163,TSSK2,CAMK
3164,TSSK3,CAMK
3165,TSSK4,CAMK
3166,TSSK6,CAMK
3167,TTBK1,CK1
3168,TTBK2,CK1
3169,TTC3,Non-kinase
3170,TTC5,Non-kinase
3171,TTI1,Non-kinase
3172,TTK,Other
3173,TTLL4,Non-kinase
3174,TTN,CAMK
3175,TUBA1A,Non-kinase
3176,TUBA1B,Non-kinase
3177,TUBA1C,Non-kinase
3178,TUBA4A,Non-kinase
3179,TUBB,Non-kinase
3180,TUBB2A,Non-kinase
3181,TUBB3,Non-kinase
3182,TUBG1,Non-kinase
3183,TUBG2,Non-kinase
3184,TUBGCP6,Non-kinase
3185,TUFM,Non-kinase
3186,TUT1,Non-kinase
3187,TWIST1,Non-kinase
3188,TXK,TK
3189,TXN,Non-kinase
3190,TXNIP,Non-kinase
3191,TYK2,TK
3192,TYMS,Non-kinase
3193,TYR,Non-kinase
3194,TYRO3,TK
3195,TYROBP,Non-kinase
3196,U2AF2,Non-kinase
3197,UBA1,Non-kinase
3198,UBAP2L,Non-kinase
3199,UBC,Non-kinase
3200,UBE2A,Non-kinase
3201,UBE2I,Non-kinase
3202,UBE2J1,Non-kinase
3203,UBE2O,Non-kinase
3204,UBE2R2,Non-kinase
3205,UBE2S,Non-kinase
3206,UBE3A,Non-kinase
3207,UBQLN4,Non-kinase
3208,UBR4,Non-kinase
3209,UBR5,Non-kinase
3210,UBTF,Non-kinase
3211,UBXN1,Non-kinase
3212,UBXN2B,Non-kinase
3213,UCHL3,Non-kinase
3214,UFD1,Non-kinase
3215,UFL1,Non-kinase
3216,UGDH,Non-kinase
3217,UGT1A3,Non-kinase
3218,UGT1A7,Non-kinase
3219,UGT2B7,Non-kinase
3220,UHMK1,Other
3221,UHRF1,Non-kinase
3222,UIMC1,Non-kinase
3223,ULK1,Other
3224,ULK2,Other
3225,ULK3,Other
3226,ULK4,Other
3227,UNC5B,Non-kinase
3228,UNG,Non-kinase
3229,UPF1,Non-kinase
3230,URI1,Non-kinase
3231,USF1,Non-kinase
3232,USF2,Non-kinase
3233,USP1,Non-kinase
3234,USP10,Non-kinase
3235,USP13,Non-kinase
3236,USP14,Non-kinase
3237,USP15,Non-kinase
3238,USP16,Non-kinase
3239,USP2,Non-kinase
3240,USP20,Non-kinase
3241,USP21,Non-kinase
3242,USP24,Non-kinase
3243,USP25,Non-kinase
3244,USP28,Non-kinase
3245,USP34,Non-kinase
3246,USP35,Non-kinase
3247,USP37,Non-kinase
3248,USP4,Non-kinase
3249,USP7,Non-kinase
3250,USP8,Non-kinase
3251,USP9X,Non-kinase
3252,UTP3,Non-kinase
3253,UTRN,Non-kinase
3254,UVRAG,Non-kinase
3255,VAMP4,Non-kinase
3256,VAMP7,Non-kinase
3257,VASP,Non-kinase
3258,VAV1,Non-kinase
3259,VAV2,Non-kinase
3260,VAV3,Non-kinase
3261,VCL,Non-kinase
3262,VCP,Non-kinase
3263,VCPIP1,Non-kinase
3264,VDAC1,Non-kinase
3265,VDAC2,Non-kinase
3266,VDR,Non-kinase
3267,VGLL1,Non-kinase
3268,VGLL4,Non-kinase
3269,VHL,Non-kinase
3270,VIL1,Non-kinase
3271,VIM,Non-kinase
3272,VIPAS39,Non-kinase
3273,VIRMA,Non-kinase
3274,VPS72,Non-kinase
3275,VRK1,CK1
3276,VRK2,CK1
3277,VRK3,CK1
3278,VTN,Non-kinase
3279,WAC,Non-kinase
3280,WAS,Non-kinase
3281,WASF1,Non-kinase
3282,WASF2,Non-kinase
3283,WASF3,Non-kinase
3284,WASHC2A,Non-kinase
3285,WASL,Non-kinase
3286,WBP2,Non-kinase
3287,WDCP,Non-kinase
3288,WDHD1,Non-kinase
3289,WDR5,Non-kinase
3290,WDR62,Non-kinase
3291,WDR77,Non-kinase
3292,WEE1,Other
3293,WEE2,Other
3294,WIPF1,Non-kinase
3295,WIZ,Non-kinase
3296,WNK1,Other
3297,WNK2,Other
3298,WNK3,Other
3299,WNK4,Other
3300,WRAP53,Non-kinase
3301,WRN,Non-kinase
3302,WT1,Non-kinase
3303,WTAP,Non-kinase
3304,WWC1,Non-kinase
3305,WWOX,Non-kinase
3306,WWTR1,Non-kinase
3307,XBP1,Non-kinase
3308,XDH,Non-kinase
3309,XIAP,Non-kinase
3310,XK,Non-kinase
3311,XPA,Non-kinase
3312,XPC,Non-kinase
3313,XPO1,Non-kinase
3314,XPO5,Non-kinase
3315,XRCC1,Non-kinase
3316,XRCC2,Non-kinase
3317,XRCC3,Non-kinase
3318,XRCC4,Non-kinase
3319,XRCC5,Non-kinase
3320,XRCC6,Non-kinase
3321,XRN2,Non-kinase
3322,YAP1,Non-kinase
3323,YBX1,Non-kinase
3324,YBX2,Non-kinase
3325,YBX3,Non-kinase
3326,YES1,TK
3327,YKT6,Non-kinase
3328,YLPM1,Non-kinase
3329,YTHDF2,Non-kinase
3330,YWHAB,Non-kinase
3331,YWHAE,Non-kinase
3332,YWHAG,Non-kinase
3333,YWHAH,Non-kinase
3334,YWHAQ,Non-kinase
3335,YWHAZ,Non-kinase
3336,YY1,Non-kinase
3337,ZAP70,TK
3338,ZBTB11,Non-kinase
3339,ZBTB16,Non-kinase
3340,ZBTB2,Non-kinase
3341,ZBTB4,Non-kinase
3342,ZC3H11A,Non-kinase
3343,ZC3H14,Non-kinase
3344,ZC3H18,Non-kinase
3345,ZC3H4,Non-kinase
3346,ZC3H8,Non-kinase
3347,ZC3HC1,Non-kinase
3348,ZDHHC13,Non-kinase
3349,ZEB1,Non-kinase
3350,ZFP36,Non-kinase
3351,ZFP36L1,Non-kinase
3352,ZFP64,Non-kinase
3353,ZFYVE19,Non-kinase
3354,ZFYVE28,Non-kinase
3355,ZHX1,Non-kinase
3356,ZKSCAN8,Non-kinase
3357,ZMYM2,Non-kinase
3358,ZMYM3,Non-kinase
3359,ZNF148,Non-kinase
3360,ZNF207,Non-kinase
3361,ZNF239,Non-kinase
3362,ZNF281,Non-kinase
3363,ZNF322,Non-kinase
3364,ZNF395,Non-kinase
3365,ZNF420,Non-kinase
3366,ZNF592,Non-kinase
3367,ZNF609,Non-kinase
3368,ZNF622,Non-kinase
3369,ZNF638,Non-kinase
3370,ZNF692,Non-kinase
3371,ZNF746,Non-kinase
3372,ZNF768,Non-kinase
3373,ZNHIT1,Non-kinase
3374,ZNRF2,Non-kinase
3375,ZRANB1,Non-kinase
3376,ZSCAN5A,Non-kinase
3377,ZWINT,Non-kinase
3378,ZYX,Non-kinase
