"KS","Group","id"
"AAK1","OTHER",1
"AANAT","Non-Kinase",2
"AARS2","Non-Kinase",3
"AATF","Non-Kinase",4
"AATK","TK",5
"ABCA1","Non-Kinase",6
"ABCB1","Non-Kinase",7
"ABCC1","Non-Kinase",8
"ABCF1","Non-Kinase",9
"ABCG2","Non-Kinase",10
"ABI1","Non-Kinase",11
"ABL1","TK",12
"ABL2","TK",13
"ABR","ATYPICAL",14
"ABRAXAS1","Non-Kinase",15
"ACACA","Non-Kinase",16
"ACACB","Non-Kinase",17
"ACADVL","Non-Kinase",18
"ACAP1","Non-Kinase",19
"ACAT1","Non-Kinase",20
"ACBD5","Non-Kinase",21
"ACD","Non-Kinase",22
"ACE","Non-Kinase",23
"ACE2","Non-Kinase",24
"ACIN1","Non-Kinase",25
"ACLY","Non-Kinase",26
"ACO1","Non-Kinase",27
"ACO2","Non-Kinase",28
"ACOT4","Non-Kinase",29
"ACP1","Non-Kinase",30
"ACSL4","Non-Kinase",31
"ACSS2","Non-Kinase",32
"ACTN1","Non-Kinase",33
"ACTN4","Non-Kinase",34
"ACTR2","Non-Kinase",35
"ACVR1","TKL",36
"ACVR1B","TKL",37
"ACVR1C","TKL",38
"ACVR2B","TKL",39
"ACVRL1","TKL",40
"ADAM15","Non-Kinase",41
"ADAM17","Non-Kinase",42
"ADAP1","Non-Kinase",43
"ADAR","Non-Kinase",44
"ADARB1","Non-Kinase",45
"ADCK5","ATYPICAL",46
"ADCY3","Non-Kinase",47
"ADCY6","Non-Kinase",48
"ADD1","Non-Kinase",49
"ADD2","Non-Kinase",50
"ADD3","Non-Kinase",51
"ADIPOR1","Non-Kinase",52
"ADRA1B","Non-Kinase",53
"ADRA1D","Non-Kinase",54
"ADRA2A","Non-Kinase",55
"ADRB1","Non-Kinase",56
"ADRB2","Non-Kinase",57
"ADRBK1","AGC",58
"ADRBK2","AGC",59
"AEBP1","Non-Kinase",60
"AFAP1","Non-Kinase",61
"AFAP1L2","Non-Kinase",62
"AFDN","Non-Kinase",63
"AGAP2","Non-Kinase",64
"AGER","Non-Kinase",65
"AGO2","Non-Kinase",66
"AGTR1","Non-Kinase",67
"AHCYL1","Non-Kinase",68
"AHNAK","Non-Kinase",69
"AHNAK2","Non-Kinase",70
"AHR","Non-Kinase",71
"AHSA1","Non-Kinase",72
"AICDA","Non-Kinase",73
"AIFM1","Non-Kinase",74
"AIMP1","Non-Kinase",75
"AIMP2","Non-Kinase",76
"AIP","Non-Kinase",77
"AIRE","Non-Kinase",78
"AJUBA","Non-Kinase",79
"AKAP11","Non-Kinase",80
"AKAP12","Non-Kinase",81
"AKAP13","Non-Kinase",82
"AKAP4","Non-Kinase",83
"AKAP5","Non-Kinase",84
"AKAP8","Non-Kinase",85
"AKAP9","Non-Kinase",86
"AKIRIN2","Non-Kinase",87
"AKT1","AGC",88
"AKT1S1","Non-Kinase",89
"AKT2","AGC",90
"AKT3","AGC",91
"ALDH1A1","Non-Kinase",92
"ALDH2","Non-Kinase",93
"ALDH5A1","Non-Kinase",94
"ALK","TK",95
"ALOX5","Non-Kinase",96
"ALPK1","ATYPICAL",97
"ALPK2","ATYPICAL",98
"ALPK3","ATYPICAL",99
"ALYREF","Non-Kinase",100
"AMBRA1","Non-Kinase",101
"AMFR","Non-Kinase",102
"AMOT","Non-Kinase",103
"AMOTL1","Non-Kinase",104
"AMOTL2","Non-Kinase",105
"AMPH","Non-Kinase",106
"ANAPC1","Non-Kinase",107
"ANAPC4","Non-Kinase",108
"ANAPC7","Non-Kinase",109
"ANKK1","TKL",110
"ANKLE2","Non-Kinase",111
"ANKRD12","Non-Kinase",112
"ANKRD17","Non-Kinase",113
"ANKRD2","Non-Kinase",114
"ANKRD28","Non-Kinase",115
"ANP32A","Non-Kinase",116
"ANP32B","Non-Kinase",117
"ANXA1","Non-Kinase",118
"ANXA2","Non-Kinase",119
"ANXA2P2","Non-Kinase",120
"AP1B1","Non-Kinase",121
"AP1M1","Non-Kinase",122
"AP2B1","Non-Kinase",123
"AP2M1","Non-Kinase",124
"AP3B1","Non-Kinase",125
"APAF1","Non-Kinase",126
"APBA3","Non-Kinase",127
"APBB1","Non-Kinase",128
"APC","Non-Kinase",129
"APEX1","Non-Kinase",130
"APLF","Non-Kinase",131
"APLP2","Non-Kinase",132
"APOBEC3B","Non-Kinase",133
"APOBEC3G","Non-Kinase",134
"APOE","Non-Kinase",135
"APP","Non-Kinase",136
"APPL1","Non-Kinase",137
"APTX","Non-Kinase",138
"AQP1","Non-Kinase",139
"AQP2","Non-Kinase",140
"AQP4","Non-Kinase",141
"AQP5","Non-Kinase",142
"AQP9","Non-Kinase",143
"AR","Non-Kinase",144
"ARAF","TKL",145
"ARAP1","Non-Kinase",146
"AREL1","Non-Kinase",147
"ARFGEF1","Non-Kinase",148
"ARFIP1","Non-Kinase",149
"ARFIP2","Non-Kinase",150
"ARHGAP15","Non-Kinase",151
"ARHGAP17","Non-Kinase",152
"ARHGAP19","Non-Kinase",153
"ARHGAP21","Non-Kinase",154
"ARHGAP22","Non-Kinase",155
"ARHGAP23","Non-Kinase",156
"ARHGAP24","Non-Kinase",157
"ARHGAP26","Non-Kinase",158
"ARHGAP31","Non-Kinase",159
"ARHGAP33","Non-Kinase",160
"ARHGAP35","Non-Kinase",161
"ARHGAP5","Non-Kinase",162
"ARHGAP8","Non-Kinase",163
"ARHGDIA","Non-Kinase",164
"ARHGDIB","Non-Kinase",165
"ARHGEF1","Non-Kinase",166
"ARHGEF15","Non-Kinase",167
"ARHGEF17","Non-Kinase",168
"ARHGEF2","Non-Kinase",169
"ARHGEF4","Non-Kinase",170
"ARHGEF6","Non-Kinase",171
"ARHGEF7","Non-Kinase",172
"ARID1A","Non-Kinase",173
"ARID4A","Non-Kinase",174
"ARMC10","Non-Kinase",175
"ARNT","Non-Kinase",176
"ARPC1B","Non-Kinase",177
"ARPC5","Non-Kinase",178
"ARPP19","Non-Kinase",179
"ARPP21","Non-Kinase",180
"ARRB1","Non-Kinase",181
"ARRB2","Non-Kinase",182
"ARX","Non-Kinase",183
"ASAP1","Non-Kinase",184
"ASAP3","Non-Kinase",185
"ASB2","Non-Kinase",186
"ASB8","Non-Kinase",187
"ASF1A","Non-Kinase",188
"ASF1B","Non-Kinase",189
"ASGR2","Non-Kinase",190
"ASIC1","Non-Kinase",191
"ASIC3","Non-Kinase",192
"ATAD5","Non-Kinase",193
"ATAT1","Non-Kinase",194
"ATF1","Non-Kinase",195
"ATF2","Non-Kinase",196
"ATF4","Non-Kinase",197
"ATF6","Non-Kinase",198
"ATF7","Non-Kinase",199
"ATG101","Non-Kinase",200
"ATG13","Non-Kinase",201
"ATG14","Non-Kinase",202
"ATG16L1","Non-Kinase",203
"ATG2B","Non-Kinase",204
"ATG4B","Non-Kinase",205
"ATG5","Non-Kinase",206
"ATG9A","Non-Kinase",207
"ATIC","Non-Kinase",208
"ATM","ATYPICAL",209
"ATN1","Non-Kinase",210
"ATOH1","Non-Kinase",211
"ATP1A1","Non-Kinase",212
"ATP2A2","Non-Kinase",213
"ATP2B1","Non-Kinase",214
"ATP2B2","Non-Kinase",215
"ATP2B4","Non-Kinase",216
"ATP5F1C","Non-Kinase",217
"ATP5IF1","Non-Kinase",218
"ATP7A","Non-Kinase",219
"ATP7B","Non-Kinase",220
"ATR","ATYPICAL",221
"ATRIP","Non-Kinase",222
"ATXN1","Non-Kinase",223
"ATXN10","Non-Kinase",224
"ATXN2L","Non-Kinase",225
"ATXN3","Non-Kinase",226
"AURKA","OTHER",227
"AURKAIP1","Non-Kinase",228
"AURKB","OTHER",229
"AURKC","OTHER",230
"AVEN","Non-Kinase",231
"AVPR2","Non-Kinase",232
"AXIN1","Non-Kinase",233
"AXIN2","Non-Kinase",234
"AXL","TK",235
"BABAM1","Non-Kinase",236
"BACE1","Non-Kinase",237
"BACH2","Non-Kinase",238
"BAD","Non-Kinase",239
"BAG2","Non-Kinase",240
"BAG3","Non-Kinase",241
"BAG6","Non-Kinase",242
"BAIAP2","Non-Kinase",243
"BAIAP2L1","Non-Kinase",244
"BAK1","Non-Kinase",245
"BANF1","Non-Kinase",246
"BANP","Non-Kinase",247
"BAP18","Non-Kinase",248
"BARD1","Non-Kinase",249
"BAX","Non-Kinase",250
"BAZ1A","ATYPICAL",251
"BAZ1B","ATYPICAL",252
"BAZ2A","Non-Kinase",253
"BBC3","Non-Kinase",254
"BCAM","Non-Kinase",255
"BCAR1","Non-Kinase",256
"BCKDHA","Non-Kinase",257
"BCKDK","ATYPICAL",258
"BCL10","Non-Kinase",259
"BCL11B","Non-Kinase",260
"BCL2","Non-Kinase",261
"BCL2L1","Non-Kinase",262
"BCL2L11","Non-Kinase",263
"BCL2L12","Non-Kinase",264
"BCL3","Non-Kinase",265
"BCL6","Non-Kinase",266
"BCL9","Non-Kinase",267
"BCLAF1","Non-Kinase",268
"BCR","ATYPICAL",269
"BDKRB2","Non-Kinase",270
"BDNF","Non-Kinase",271
"BECN1","Non-Kinase",272
"BEST1","Non-Kinase",273
"BEX1","Non-Kinase",274
"BHLHE40","Non-Kinase",275
"BICD1","Non-Kinase",276
"BID","Non-Kinase",277
"BIK","Non-Kinase",278
"BIN1","Non-Kinase",279
"BIRC5","Non-Kinase",280
"BLK","TK",281
"BLM","Non-Kinase",282
"BLNK","Non-Kinase",283
"BLVRA","ATYPICAL",284
"BMAL1","Non-Kinase",285
"BMF","Non-Kinase",286
"BMI1","Non-Kinase",287
"BMP2K","OTHER",288
"BMPR1A","TKL",289
"BMPR1B","TKL",290
"BMX","TK",291
"BNC1","Non-Kinase",292
"BNIP3","Non-Kinase",293
"BNIP3L","Non-Kinase",294
"BOD1L1","Non-Kinase",295
"BORA","Non-Kinase",296
"BRAF","TKL",297
"BRCA1","Non-Kinase",298
"BRCA2","Non-Kinase",299
"BRD2","ATYPICAL",300
"BRD3","ATYPICAL",301
"BRD4","ATYPICAL",302
"BRD9","Non-Kinase",303
"BRDT","ATYPICAL",304
"BRF1","Non-Kinase",305
"BRMS1","Non-Kinase",306
"BRSK1","CAMK",307
"BRSK2","CAMK",308
"BSG","Non-Kinase",309
"BTG1","Non-Kinase",310
"BTG2","Non-Kinase",311
"BTK","TK",312
"BTLA","Non-Kinase",313
"BTRC","Non-Kinase",314
"BUB1","OTHER",315
"BUB1B","OTHER",316
"BUB3","Non-Kinase",317
"BUD13","Non-Kinase",318
"C1orf112","Non-Kinase",319
"C1orf198","Non-Kinase",320
"C1QBP","Non-Kinase",321
"C1R","Non-Kinase",322
"C2CD5","Non-Kinase",323
"C2orf49","Non-Kinase",324
"C5AR1","Non-Kinase",325
"C9orf40","Non-Kinase",326
"CA9","Non-Kinase",327
"CAAP1","Non-Kinase",328
"CABLES1","Non-Kinase",329
"CABP1","Non-Kinase",330
"CABYR","Non-Kinase",331
"CACNA1B","Non-Kinase",332
"CACNA1C","Non-Kinase",333
"CACNA1D","Non-Kinase",334
"CACNA1H","Non-Kinase",335
"CACNA1S","Non-Kinase",336
"CACNB1","Non-Kinase",337
"CACNB2","Non-Kinase",338
"CACNG2","Non-Kinase",339
"CAD","Non-Kinase",340
"CALD1","Non-Kinase",341
"CALM1","Non-Kinase",342
"CALM2","Non-Kinase",343
"CALM3","Non-Kinase",344
"CALU","Non-Kinase",345
"CAMK1","CAMK",346
"CAMK1D","CAMK",347
"CAMK1G","CAMK",348
"CAMK2A","CAMK",349
"CAMK2B","CAMK",350
"CAMK2D","CAMK",351
"CAMK2G","CAMK",352
"CAMK4","CAMK",353
"CAMKK1","OTHER",354
"CAMKK2","OTHER",355
"CAMKV","CAMK",356
"CAMSAP1","Non-Kinase",357
"CAMSAP2","Non-Kinase",358
"CANX","Non-Kinase",359
"CAP1","Non-Kinase",360
"CAPN1","Non-Kinase",361
"CAPN2","Non-Kinase",362
"CAPZA1","Non-Kinase",363
"CAPZB","Non-Kinase",364
"CARD11","Non-Kinase",365
"CARD9","Non-Kinase",366
"CARHSP1","Non-Kinase",367
"CARM1","Non-Kinase",368
"CASK","CAMK",369
"CASKIN1","Non-Kinase",370
"CASP1","Non-Kinase",371
"CASP2","Non-Kinase",372
"CASP3","Non-Kinase",373
"CASP6","Non-Kinase",374
"CASP7","Non-Kinase",375
"CASP8","Non-Kinase",376
"CASP9","Non-Kinase",377
"CASQ2","Non-Kinase",378
"CASR","Non-Kinase",379
"CAST","Non-Kinase",380
"CASTOR1","Non-Kinase",381
"CAT","Non-Kinase",382
"CAV1","Non-Kinase",383
"CAV2","Non-Kinase",384
"CAVIN1","Non-Kinase",385
"CBL","Non-Kinase",386
"CBLB","Non-Kinase",387
"CBLC","Non-Kinase",388
"CBS","Non-Kinase",389
"CBX1","Non-Kinase",390
"CBX3","Non-Kinase",391
"CBX4","Non-Kinase",392
"CBX5","Non-Kinase",393
"CBX8","Non-Kinase",394
"CBY1","Non-Kinase",395
"CC2D1A","Non-Kinase",396
"CCAR2","Non-Kinase",397
"CCDC50","Non-Kinase",398
"CCDC6","Non-Kinase",399
"CCDC80","Non-Kinase",400
"CCDC82","Non-Kinase",401
"CCDC86","Non-Kinase",402
"CCDC88A","Non-Kinase",403
"CCDC88C","Non-Kinase",404
"CCM2","Non-Kinase",405
"CCNA2","Non-Kinase",406
"CCNB1","Non-Kinase",407
"CCND1","Non-Kinase",408
"CCND2","Non-Kinase",409
"CCND3","Non-Kinase",410
"CCNE1","Non-Kinase",411
"CCNF","Non-Kinase",412
"CCNH","Non-Kinase",413
"CCNL2","Non-Kinase",414
"CCNO","Non-Kinase",415
"CCNT1","Non-Kinase",416
"CCNY","Non-Kinase",417
"CCP110","Non-Kinase",418
"CCR2","Non-Kinase",419
"CCR5","Non-Kinase",420
"CCR7","Non-Kinase",421
"CCT2","Non-Kinase",422
"CD163","Non-Kinase",423
"CD19","Non-Kinase",424
"CD226","Non-Kinase",425
"CD247","Non-Kinase",426
"CD274","Non-Kinase",427
"CD28","Non-Kinase",428
"CD300LB","Non-Kinase",429
"CD300LF","Non-Kinase",430
"CD33","Non-Kinase",431
"CD34","Non-Kinase",432
"CD36","Non-Kinase",433
"CD3E","Non-Kinase",434
"CD3G","Non-Kinase",435
"CD4","Non-Kinase",436
"CD44","Non-Kinase",437
"CD46","Non-Kinase",438
"CD5","Non-Kinase",439
"CD6","Non-Kinase",440
"CD72","Non-Kinase",441
"CD79A","Non-Kinase",442
"CD79B","Non-Kinase",443
"CD93","Non-Kinase",444
"CDC14A","Non-Kinase",445
"CDC16","Non-Kinase",446
"CDC20","Non-Kinase",447
"CDC23","Non-Kinase",448
"CDC25A","Non-Kinase",449
"CDC25B","Non-Kinase",450
"CDC25C","Non-Kinase",451
"CDC26","Non-Kinase",452
"CDC27","Non-Kinase",453
"CDC34","Non-Kinase",454
"CDC37","Non-Kinase",455
"CDC42","Non-Kinase",456
"CDC42BPA","AGC",457
"CDC42BPB","AGC",458
"CDC42BPG","AGC",459
"CDC42EP1","Non-Kinase",460
"CDC42EP2","Non-Kinase",461
"CDC42EP4","Non-Kinase",462
"CDC5L","Non-Kinase",463
"CDC6","Non-Kinase",464
"CDC7","OTHER",465
"CDC73","Non-Kinase",466
"CDCA2","Non-Kinase",467
"CDCA5","Non-Kinase",468
"CDCA7","Non-Kinase",469
"CDCA8","Non-Kinase",470
"CDCP1","Non-Kinase",471
"CDH1","Non-Kinase",472
"CDH2","Non-Kinase",473
"CDH5","Non-Kinase",474
"CDK1","CMGC",475
"CDK10","CMGC",476
"CDK11A","CMGC",477
"CDK11B","CMGC",478
"CDK12","CMGC",479
"CDK13","CMGC",480
"CDK14","CMGC",481
"CDK15","CMGC",482
"CDK16","CMGC",483
"CDK17","CMGC",484
"CDK18","CMGC",485
"CDK19","CMGC",486
"CDK2","CMGC",487
"CDK20","CMGC",488
"CDK2AP1","Non-Kinase",489
"CDK3","CMGC",490
"CDK4","CMGC",491
"CDK5","CMGC",492
"CDK5R1","Non-Kinase",493
"CDK5RAP2","Non-Kinase",494
"CDK6","CMGC",495
"CDK7","CMGC",496
"CDK8","CMGC",497
"CDK9","CMGC",498
"CDKL1","CMGC",499
"CDKL2","CMGC",500
"CDKL3","CMGC",501
"CDKL4","CMGC",502
"CDKL5","CMGC",503
"CDKN1A","Non-Kinase",504
"CDKN1B","Non-Kinase",505
"CDKN1C","Non-Kinase",506
"CDKN2A","Non-Kinase",507
"CDKN2D","Non-Kinase",508
"CDT1","Non-Kinase",509
"CDX2","Non-Kinase",510
"CEACAM1","Non-Kinase",511
"CEBPA","Non-Kinase",512
"CEBPB","Non-Kinase",513
"CEBPD","Non-Kinase",514
"CEBPE","Non-Kinase",515
"CELF1","Non-Kinase",516
"CENPA","Non-Kinase",517
"CENPC","Non-Kinase",518
"CENPE","Non-Kinase",519
"CENPF","Non-Kinase",520
"CENPJ","Non-Kinase",521
"CENPQ","Non-Kinase",522
"CENPU","Non-Kinase",523
"CEP131","Non-Kinase",524
"CEP164","Non-Kinase",525
"CEP170","Non-Kinase",526
"CEP170B","Non-Kinase",527
"CEP192","Non-Kinase",528
"CEP250","Non-Kinase",529
"CEP55","Non-Kinase",530
"CEP68","Non-Kinase",531
"CEP76","Non-Kinase",532
"CEP83","Non-Kinase",533
"CERS4","Non-Kinase",534
"CERS5","Non-Kinase",535
"CERS6","Non-Kinase",536
"CETN1","Non-Kinase",537
"CETN2","Non-Kinase",538
"CFL1","Non-Kinase",539
"CFL2","Non-Kinase",540
"CFLAR","Non-Kinase",541
"CFTR","Non-Kinase",542
"CGAS","Non-Kinase",543
"CGB3","Non-Kinase",544
"CGGBP1","Non-Kinase",545
"CGN","Non-Kinase",546
"CHAT","Non-Kinase",547
"CHCHD2","Non-Kinase",548
"CHCHD3","Non-Kinase",549
"CHD4","Non-Kinase",550
"CHD7","Non-Kinase",551
"CHEK1","CAMK",552
"CHEK2","CAMK",553
"CHKA","Non-Kinase",554
"CHKB","Non-Kinase",555
"CHMP4C","Non-Kinase",556
"CHMP7","Non-Kinase",557
"CHN2","Non-Kinase",558
"CHRM2","Non-Kinase",559
"CHRNA7","Non-Kinase",560
"CHTF18","Non-Kinase",561
"CHTOP","Non-Kinase",562
"CHUK","OTHER",563
"CIB1","Non-Kinase",564
"CIC","Non-Kinase",565
"CIITA","Non-Kinase",566
"CIP2A","Non-Kinase",567
"CIT","AGC",568
"CITED2","Non-Kinase",569
"CKAP2","Non-Kinase",570
"CKMT1A","Non-Kinase",571
"CLASP2","Non-Kinase",572
"CLCN3","Non-Kinase",573
"CLDN1","Non-Kinase",574
"CLDN11","Non-Kinase",575
"CLDN3","Non-Kinase",576
"CLDN4","Non-Kinase",577
"CLDN7","Non-Kinase",578
"CLIC5","Non-Kinase",579
"CLIP1","Non-Kinase",580
"CLK1","CMGC",581
"CLK2","CMGC",582
"CLK3","CMGC",583
"CLK4","CMGC",584
"CLOCK","Non-Kinase",585
"CLSPN","Non-Kinase",586
"CLTB","Non-Kinase",587
"CLTC","Non-Kinase",588
"CNKSR1","Non-Kinase",589
"CNN1","Non-Kinase",590
"CNN2","Non-Kinase",591
"CNN3","Non-Kinase",592
"CNOT2","Non-Kinase",593
"CNP","Non-Kinase",594
"CNTROB","Non-Kinase",595
"COBLL1","Non-Kinase",596
"COIL","Non-Kinase",597
"COL17A1","Non-Kinase",598
"COL4A3","Non-Kinase",599
"COL4A3BP","ATYPICAL",600
"COP1","Non-Kinase",601
"COPS5","Non-Kinase",602
"COPS6","Non-Kinase",603
"CORO1A","Non-Kinase",604
"CORO1B","Non-Kinase",605
"CORO1C","Non-Kinase",606
"CORO7","Non-Kinase",607
"CREB1","Non-Kinase",608
"CREB3","Non-Kinase",609
"CREBBP","Non-Kinase",610
"CREM","Non-Kinase",611
"CRHR1","Non-Kinase",612
"CRIP2","Non-Kinase",613
"CRK","Non-Kinase",614
"CRKL","Non-Kinase",615
"CRMP1","Non-Kinase",616
"CROCC","Non-Kinase",617
"CRTC1","Non-Kinase",618
"CRTC2","Non-Kinase",619
"CRTC3","Non-Kinase",620
"CRY1","Non-Kinase",621
"CRY2","Non-Kinase",622
"CRYAB","Non-Kinase",623
"CRYBG1","Non-Kinase",624
"CSF1R","TK",625
"CSF2RB","Non-Kinase",626
"CSF3R","Non-Kinase",627
"CSK","TK",628
"CSNK1A1","CK1",629
"CSNK1A1L","CK1",630
"CSNK1D","CK1",631
"CSNK1E","CK1",632
"CSNK1G1","CK1",633
"CSNK1G2","CK1",634
"CSNK1G3","CK1",635
"CSNK2A1","CMGC",636
"CSNK2A2","CMGC",637
"CSNK2A3","CMGC",638
"CSNK2B","Non-Kinase",639
"CSPG4","Non-Kinase",640
"CTBP1","Non-Kinase",641
"CTBP2","Non-Kinase",642
"CTDP1","Non-Kinase",643
"CTDSPL2","Non-Kinase",644
"CTH","Non-Kinase",645
"CTLA4","Non-Kinase",646
"CTNNA1","Non-Kinase",647
"CTNNB1","Non-Kinase",648
"CTNND1","Non-Kinase",649
"CTNND2","Non-Kinase",650
"CTPS1","Non-Kinase",651
"CTPS2","Non-Kinase",652
"CTR9","Non-Kinase",653
"CTTN","Non-Kinase",654
"CTTNBP2NL","Non-Kinase",655
"CUEDC2","Non-Kinase",656
"CUL5","Non-Kinase",657
"CUX1","Non-Kinase",658
"CWC25","Non-Kinase",659
"CXCR4","Non-Kinase",660
"CYBA","Non-Kinase",661
"CYCS","Non-Kinase",662
"CYLD","Non-Kinase",663
"CYP17A1","Non-Kinase",664
"CYP19A1","Non-Kinase",665
"CYP2B6","Non-Kinase",666
"CYP3A4","Non-Kinase",667
"CYSLTR1","Non-Kinase",668
"CYTH1","Non-Kinase",669
"CYTH2","Non-Kinase",670
"DAAM1","Non-Kinase",671
"DAB1","Non-Kinase",672
"DAB2","Non-Kinase",673
"DAB2IP","Non-Kinase",674
"DACT1","Non-Kinase",675
"DAG1","Non-Kinase",676
"DAGLA","Non-Kinase",677
"DAP","Non-Kinase",678
"DAP3","Non-Kinase",679
"DAPK1","CAMK",680
"DAPK2","CAMK",681
"DAPK3","CAMK",682
"DAPP1","Non-Kinase",683
"DAXX","Non-Kinase",684
"DAZAP1","Non-Kinase",685
"DAZL","Non-Kinase",686
"DBF4","Non-Kinase",687
"DBI","Non-Kinase",688
"DBN1","Non-Kinase",689
"DBNL","Non-Kinase",690
"DCBLD1","Non-Kinase",691
"DCBLD2","Non-Kinase",692
"DCC","Non-Kinase",693
"DCK","Non-Kinase",694
"DCLK1","CAMK",695
"DCLK2","CAMK",696
"DCLK3","CAMK",697
"DCLRE1C","Non-Kinase",698
"DCP1A","Non-Kinase",699
"DCTN1","Non-Kinase",700
"DCTN6","Non-Kinase",701
"DCX","Non-Kinase",702
"DDA1","Non-Kinase",703
"DDAH2","Non-Kinase",704
"DDB1","Non-Kinase",705
"DDHD1","Non-Kinase",706
"DDIT3","Non-Kinase",707
"DDR1","TK",708
"DDR2","TK",709
"DDX1","Non-Kinase",710
"DDX19A","Non-Kinase",711
"DDX19B","Non-Kinase",712
"DDX24","Non-Kinase",713
"DDX25","Non-Kinase",714
"DDX3X","Non-Kinase",715
"DDX3Y","Non-Kinase",716
"DDX41","Non-Kinase",717
"DDX5","Non-Kinase",718
"DDX52","Non-Kinase",719
"DEF6","Non-Kinase",720
"DEK","Non-Kinase",721
"DENND3","Non-Kinase",722
"DENND4C","Non-Kinase",723
"DENR","Non-Kinase",724
"DEPDC1","Non-Kinase",725
"DEPDC5","Non-Kinase",726
"DEPTOR","Non-Kinase",727
"DES","Non-Kinase",728
"DGCR8","Non-Kinase",729
"DGKA","Non-Kinase",730
"DGKD","Non-Kinase",731
"DGKG","Non-Kinase",732
"DGKZ","Non-Kinase",733
"DHFR","Non-Kinase",734
"DHPS","Non-Kinase",735
"DHX38","Non-Kinase",736
"DIABLO","Non-Kinase",737
"DIAPH1","Non-Kinase",738
"DIAPH2","Non-Kinase",739
"DIAPH3","Non-Kinase",740
"DISC1","Non-Kinase",741
"DIXDC1","Non-Kinase",742
"DLC1","Non-Kinase",743
"DLD","Non-Kinase",744
"DLG1","Non-Kinase",745
"DLG2","Non-Kinase",746
"DLG3","Non-Kinase",747
"DLG4","Non-Kinase",748
"DLG5","Non-Kinase",749
"DLGAP1","Non-Kinase",750
"DLGAP5","Non-Kinase",751
"DLX3","Non-Kinase",752
"DLX5","Non-Kinase",753
"DMAP1","Non-Kinase",754
"DMPK","AGC",755
"DMTN","Non-Kinase",756
"DNAJB1","Non-Kinase",757
"DNAJB2","Non-Kinase",758
"DNAJC30","Non-Kinase",759
"DNAJC5","Non-Kinase",760
"DNAJC6","Non-Kinase",761
"DNM1","Non-Kinase",762
"DNM1L","Non-Kinase",763
"DNM2","Non-Kinase",764
"DNMT1","Non-Kinase",765
"DNMT3A","Non-Kinase",766
"DNPEP","Non-Kinase",767
"DOC2B","Non-Kinase",768
"DOCK1","Non-Kinase",769
"DOCK2","Non-Kinase",770
"DOCK6","Non-Kinase",771
"DOCK7","Non-Kinase",772
"DOCK8","Non-Kinase",773
"DOK1","Non-Kinase",774
"DOK2","Non-Kinase",775
"DPF2","Non-Kinase",776
"DPF3","Non-Kinase",777
"DPYSL2","Non-Kinase",778
"DPYSL3","Non-Kinase",779
"DPYSL5","Non-Kinase",780
"DRD2","Non-Kinase",781
"DRD3","Non-Kinase",782
"DRG1","Non-Kinase",783
"DRG2","Non-Kinase",784
"DROSHA","Non-Kinase",785
"DSN1","Non-Kinase",786
"DSP","Non-Kinase",787
"DSTN","Non-Kinase",788
"DSTYK","OTHER",789
"DTD1","Non-Kinase",790
"DTL","Non-Kinase",791
"DTNB","Non-Kinase",792
"DTNBP1","Non-Kinase",793
"DTYMK","Non-Kinase",794
"DUOX1","Non-Kinase",795
"DUSP1","Non-Kinase",796
"DUSP10","Non-Kinase",797
"DUSP16","Non-Kinase",798
"DUSP3","Non-Kinase",799
"DUSP4","Non-Kinase",800
"DUSP5","Non-Kinase",801
"DUSP6","Non-Kinase",802
"DUT","Non-Kinase",803
"DVL1","Non-Kinase",804
"DVL2","Non-Kinase",805
"DVL3","Non-Kinase",806
"DYNC1I2","Non-Kinase",807
"DYNC1LI1","Non-Kinase",808
"DYNLL1","Non-Kinase",809
"DYNLRB1","Non-Kinase",810
"DYRK1A","CMGC",811
"DYRK1B","CMGC",812
"DYRK2","CMGC",813
"DYRK3","CMGC",814
"DYRK4","CMGC",815
"E2F1","Non-Kinase",816
"E2F3","Non-Kinase",817
"E2F4","Non-Kinase",818
"E2F6","Non-Kinase",819
"E4F1","Non-Kinase",820
"EBNA1BP2","Non-Kinase",821
"ECD","Non-Kinase",822
"ECE1","Non-Kinase",823
"ECT2","Non-Kinase",824
"EDC3","Non-Kinase",825
"EDC4","Non-Kinase",826
"EDF1","Non-Kinase",827
"EDNRA","Non-Kinase",828
"EEA1","Non-Kinase",829
"EEF1A1","Non-Kinase",830
"EEF1A2","Non-Kinase",831
"EEF1B2","Non-Kinase",832
"EEF1D","Non-Kinase",833
"EEF2","Non-Kinase",834
"EEF2K","ATYPICAL",835
"EFHD2","Non-Kinase",836
"EFNB2","Non-Kinase",837
"EGFR","TK",838
"EGLN1","Non-Kinase",839
"EGLN2","Non-Kinase",840
"EGR1","Non-Kinase",841
"EHMT2","Non-Kinase",842
"EIF2A","Non-Kinase",843
"EIF2AK1","OTHER",844
"EIF2AK2","OTHER",845
"EIF2AK3","OTHER",846
"EIF2AK4","OTHER",847
"EIF2B5","Non-Kinase",848
"EIF2S1","Non-Kinase",849
"EIF2S2","Non-Kinase",850
"EIF2S3","Non-Kinase",851
"EIF3A","Non-Kinase",852
"EIF3F","Non-Kinase",853
"EIF3J","Non-Kinase",854
"EIF4A3","Non-Kinase",855
"EIF4B","Non-Kinase",856
"EIF4E","Non-Kinase",857
"EIF4EBP1","Non-Kinase",858
"EIF4ENIF1","Non-Kinase",859
"EIF4G1","Non-Kinase",860
"EIF4G2","Non-Kinase",861
"EIF4G3","Non-Kinase",862
"EIF5","Non-Kinase",863
"EIF6","Non-Kinase",864
"ELAVL1","Non-Kinase",865
"ELF3","Non-Kinase",866
"ELF4","Non-Kinase",867
"ELK1","Non-Kinase",868
"ELK3","Non-Kinase",869
"ELK4","Non-Kinase",870
"ELL","Non-Kinase",871
"ELMO1","Non-Kinase",872
"ELMO2","Non-Kinase",873
"ELOA","Non-Kinase",874
"ELP1","Non-Kinase",875
"ELP3","Non-Kinase",876
"EMD","Non-Kinase",877
"EML3","Non-Kinase",878
"EML4","Non-Kinase",879
"EMSY","Non-Kinase",880
"ENDOG","Non-Kinase",881
"ENG","Non-Kinase",882
"ENO1","Non-Kinase",883
"ENOX2","Non-Kinase",884
"ENSA","Non-Kinase",885
"EP300","Non-Kinase",886
"EP400","Non-Kinase",887
"EPAS1","Non-Kinase",888
"EPB41","Non-Kinase",889
"EPB41L3","Non-Kinase",890
"EPB42","Non-Kinase",891
"EPHA1","TK",892
"EPHA10","TK",893
"EPHA2","TK",894
"EPHA3","TK",895
"EPHA4","TK",896
"EPHA5","TK",897
"EPHA6","TK",898
"EPHA7","TK",899
"EPHA8","TK",900
"EPHB1","TK",901
"EPHB2","TK",902
"EPHB3","TK",903
"EPHB4","TK",904
"EPHB6","TK",905
"EPM2A","Non-Kinase",906
"EPN1","Non-Kinase",907
"EPOR","Non-Kinase",908
"EPRS1","Non-Kinase",909
"EPS15","Non-Kinase",910
"EPS8","Non-Kinase",911
"ERAL1","Non-Kinase",912
"ERBB2","TK",913
"ERBB3","TK",914
"ERBB4","TK",915
"ERCC3","Non-Kinase",916
"ERCC6","Non-Kinase",917
"ERCC6L","Non-Kinase",918
"ERF","Non-Kinase",919
"ERG","Non-Kinase",920
"ERH","Non-Kinase",921
"ERN1","OTHER",922
"ERN2","OTHER",923
"ERRFI1","Non-Kinase",924
"ESPL1","Non-Kinase",925
"ESR1","Non-Kinase",926
"ESR2","Non-Kinase",927
"ETAA1","Non-Kinase",928
"ETS1","Non-Kinase",929
"ETS2","Non-Kinase",930
"ETV1","Non-Kinase",931
"ETV3","Non-Kinase",932
"ETV4","Non-Kinase",933
"ETV5","Non-Kinase",934
"ETV6","Non-Kinase",935
"EWSR1","Non-Kinase",936
"EXO1","Non-Kinase",937
"EXOC7","Non-Kinase",938
"EXOSC9","Non-Kinase",939
"EYA1","Non-Kinase",940
"EYA3","Non-Kinase",941
"EZH2","Non-Kinase",942
"EZR","Non-Kinase",943
"F11R","Non-Kinase",944
"F3","Non-Kinase",945
"F5","Non-Kinase",946
"FABP4","Non-Kinase",947
"FADD","Non-Kinase",948
"FAF1","Non-Kinase",949
"FAM168B","Non-Kinase",950
"FAM83G","Non-Kinase",951
"FANCA","Non-Kinase",952
"FANCD2","Non-Kinase",953
"FANCE","Non-Kinase",954
"FANCG","Non-Kinase",955
"FANCI","Non-Kinase",956
"FANCL","Non-Kinase",957
"FANCM","Non-Kinase",958
"FARSA","Non-Kinase",959
"FASTK","ATYPICAL",960
"FBP1","Non-Kinase",961
"FBXL2","Non-Kinase",962
"FBXL20","Non-Kinase",963
"FBXL21P","Non-Kinase",964
"FBXO22","Non-Kinase",965
"FBXO25","Non-Kinase",966
"FBXO31","Non-Kinase",967
"FBXO4","Non-Kinase",968
"FBXO43","Non-Kinase",969
"FBXO5","Non-Kinase",970
"FBXW5","Non-Kinase",971
"FBXW7","Non-Kinase",972
"FCAR","Non-Kinase",973
"FCER1G","Non-Kinase",974
"FCGR2A","Non-Kinase",975
"FCGR2B","Non-Kinase",976
"FCGR2C","Non-Kinase",977
"FCRL3","Non-Kinase",978
"FEN1","Non-Kinase",979
"FER","TK",980
"FERMT2","Non-Kinase",981
"FERMT3","Non-Kinase",982
"FES","TK",983
"FEZ1","Non-Kinase",984
"FFAR4","Non-Kinase",985
"FGA","Non-Kinase",986
"FGF1","Non-Kinase",987
"FGF14","Non-Kinase",988
"FGF2","Non-Kinase",989
"FGFR1","TK",990
"FGFR2","TK",991
"FGFR3","TK",992
"FGFR4","TK",993
"FGR","TK",994
"FH","Non-Kinase",995
"FHIP2B","Non-Kinase",996
"FHIT","Non-Kinase",997
"FHL1","Non-Kinase",998
"FHL2","Non-Kinase",999
"FHOD1","Non-Kinase",1000
"FIP1L1","Non-Kinase",1001
"FIS1","Non-Kinase",1002
"FKBP4","Non-Kinase",1003
"FKBP5","Non-Kinase",1004
"FLCN","Non-Kinase",1005
"FLI1","Non-Kinase",1006
"FLII","Non-Kinase",1007
"FLNA","Non-Kinase",1008
"FLNC","Non-Kinase",1009
"FLOT1","Non-Kinase",1010
"FLOT2","Non-Kinase",1011
"FLT1","TK",1012
"FLT3","TK",1013
"FLT4","TK",1014
"FMNL2","Non-Kinase",1015
"FMR1","Non-Kinase",1016
"FN1","Non-Kinase",1017
"FNIP1","Non-Kinase",1018
"FOS","Non-Kinase",1019
"FOSB","Non-Kinase",1020
"FOSL1","Non-Kinase",1021
"FOSL2","Non-Kinase",1022
"FOXA1","Non-Kinase",1023
"FOXA2","Non-Kinase",1024
"FOXC1","Non-Kinase",1025
"FOXC2","Non-Kinase",1026
"FOXG1","Non-Kinase",1027
"FOXK2","Non-Kinase",1028
"FOXL2","Non-Kinase",1029
"FOXM1","Non-Kinase",1030
"FOXN2","Non-Kinase",1031
"FOXO1","Non-Kinase",1032
"FOXO3","Non-Kinase",1033
"FOXO4","Non-Kinase",1034
"FOXP3","Non-Kinase",1035
"FPR1","Non-Kinase",1036
"FRAT1","Non-Kinase",1037
"FRK","TK",1038
"FRS3","Non-Kinase",1039
"FSCN1","Non-Kinase",1040
"FTO","Non-Kinase",1041
"FUBP1","Non-Kinase",1042
"FUNDC1","Non-Kinase",1043
"FURIN","Non-Kinase",1044
"FUS","Non-Kinase",1045
"FXN","Non-Kinase",1046
"FXR1","Non-Kinase",1047
"FXYD1","Non-Kinase",1048
"FYB1","Non-Kinase",1049
"FYN","TK",1050
"FYTTD1","Non-Kinase",1051
"FZD3","Non-Kinase",1052
"FZD6","Non-Kinase",1053
"FZR1","Non-Kinase",1054
"G3BP1","Non-Kinase",1055
"G6PD","Non-Kinase",1056
"GAB1","Non-Kinase",1057
"GAB2","Non-Kinase",1058
"GABARAPL2","Non-Kinase",1059
"GABBR1","Non-Kinase",1060
"GABBR2","Non-Kinase",1061
"GABRB1","Non-Kinase",1062
"GABRB2","Non-Kinase",1063
"GABRG2","Non-Kinase",1064
"GABRR1","Non-Kinase",1065
"GAD1","Non-Kinase",1066
"GADD45GIP1","Non-Kinase",1067
"GAK","OTHER",1068
"GAP43","Non-Kinase",1069
"GAPDH","Non-Kinase",1070
"GAPVD1","Non-Kinase",1071
"GAS2L1","Non-Kinase",1072
"GAST","Non-Kinase",1073
"GATA1","Non-Kinase",1074
"GATA2","Non-Kinase",1075
"GATA3","Non-Kinase",1076
"GATA4","Non-Kinase",1077
"GATA6","Non-Kinase",1078
"GATAD2A","Non-Kinase",1079
"GBF1","Non-Kinase",1080
"GCH1","Non-Kinase",1081
"GCM1","Non-Kinase",1082
"GCSAM","Non-Kinase",1083
"GDI2","Non-Kinase",1084
"GEM","Non-Kinase",1085
"GFAP","Non-Kinase",1086
"GFI1","Non-Kinase",1087
"GFPT1","Non-Kinase",1088
"GFPT2","Non-Kinase",1089
"GGA1","Non-Kinase",1090
"GHR","Non-Kinase",1091
"GHRL","Non-Kinase",1092
"GIGYF2","Non-Kinase",1093
"GINS2","Non-Kinase",1094
"GIT1","Non-Kinase",1095
"GIT2","Non-Kinase",1096
"GJA1","Non-Kinase",1097
"GJA5","Non-Kinase",1098
"GJA8","Non-Kinase",1099
"GJB1","Non-Kinase",1100
"GKAP1","Non-Kinase",1101
"GLE1","Non-Kinase",1102
"GLI1","Non-Kinase",1103
"GLI2","Non-Kinase",1104
"GLI3","Non-Kinase",1105
"GLIPR2","Non-Kinase",1106
"GLO1","Non-Kinase",1107
"GLRA1","Non-Kinase",1108
"GLRB","Non-Kinase",1109
"GLS","Non-Kinase",1110
"GMFB","Non-Kinase",1111
"GMFG","Non-Kinase",1112
"GMNN","Non-Kinase",1113
"GMPR","Non-Kinase",1114
"GMPS","Non-Kinase",1115
"GNA13","Non-Kinase",1116
"GNA15","Non-Kinase",1117
"GNAI1","Non-Kinase",1118
"GNAI2","Non-Kinase",1119
"GNAT1","Non-Kinase",1120
"GNAZ","Non-Kinase",1121
"GNMT","Non-Kinase",1122
"GOLGA2","Non-Kinase",1123
"GOLGA4","Non-Kinase",1124
"GOLPH3","Non-Kinase",1125
"GORASP1","Non-Kinase",1126
"GORASP2","Non-Kinase",1127
"GP1BB","Non-Kinase",1128
"GPHN","Non-Kinase",1129
"GPI","Non-Kinase",1130
"GPKOW","Non-Kinase",1131
"GPM6A","Non-Kinase",1132
"GPR15","Non-Kinase",1133
"GPRC5A","Non-Kinase",1134
"GPS1","Non-Kinase",1135
"GPSM2","Non-Kinase",1136
"GPSM3","Non-Kinase",1137
"GPX1","Non-Kinase",1138
"GRAP2","Non-Kinase",1139
"GRB10","Non-Kinase",1140
"GRB14","Non-Kinase",1141
"GRB2","Non-Kinase",1142
"GRB7","Non-Kinase",1143
"GRHL1","Non-Kinase",1144
"GRHL3","Non-Kinase",1145
"GRIA1","Non-Kinase",1146
"GRIA2","Non-Kinase",1147
"GRIA4","Non-Kinase",1148
"GRIK2","Non-Kinase",1149
"GRIN1","Non-Kinase",1150
"GRIN2A","Non-Kinase",1151
"GRIN2B","Non-Kinase",1152
"GRIN2C","Non-Kinase",1153
"GRK1","AGC",1154
"GRK4","AGC",1155
"GRK5","AGC",1156
"GRK6","AGC",1157
"GRK7","AGC",1158
"GRM1","Non-Kinase",1159
"GRM5","Non-Kinase",1160
"GRN","Non-Kinase",1161
"GSG2","OTHER",1162
"GSK3A","CMGC",1163
"GSK3B","CMGC",1164
"GSN","Non-Kinase",1165
"GSR","Non-Kinase",1166
"GSTA4","Non-Kinase",1167
"GSTP1","Non-Kinase",1168
"GTF2A1","Non-Kinase",1169
"GTF2A1L","Non-Kinase",1170
"GTF2F1","ATYPICAL",1171
"GTF2I","Non-Kinase",1172
"GTF3C1","Non-Kinase",1173
"GTSE1","Non-Kinase",1174
"GUCA1B","Non-Kinase",1175
"GUCY1B1","Non-Kinase",1176
"GUCY2C","RGC",1177
"GUCY2D","RGC",1178
"GUCY2F","RGC",1179
"GYS1","Non-Kinase",1180
"GYS2","Non-Kinase",1181
"H1-1","Non-Kinase",1182
"H1-2","Non-Kinase",1183
"H1-4","Non-Kinase",1184
"H1-5","Non-Kinase",1185
"H2AC1","Non-Kinase",1186
"H2AC11","Non-Kinase",1187
"H2AC12","Non-Kinase",1188
"H2AC14","Non-Kinase",1189
"H2AC18","Non-Kinase",1190
"H2AC21","Non-Kinase",1191
"H2AC25","Non-Kinase",1192
"H2AC6","Non-Kinase",1193
"H2AX","Non-Kinase",1194
"H2BC11","Non-Kinase",1195
"H2BC12","Non-Kinase",1196
"H2BC12L","Non-Kinase",1197
"H2BC13","Non-Kinase",1198
"H2BC14","Non-Kinase",1199
"H2BC15","Non-Kinase",1200
"H2BC17","Non-Kinase",1201
"H2BC18","Non-Kinase",1202
"H2BC19P","Non-Kinase",1203
"H2BC20P","Non-Kinase",1204
"H2BC21","Non-Kinase",1205
"H2BC26","Non-Kinase",1206
"H2BC3","Non-Kinase",1207
"H2BC4","Non-Kinase",1208
"H2BC5","Non-Kinase",1209
"H2BC9","Non-Kinase",1210
"H3-3A","Non-Kinase",1211
"H3-4","Non-Kinase",1212
"H3C1","Non-Kinase",1213
"H3C15","Non-Kinase",1214
"H4C1","Non-Kinase",1215
"HABP4","Non-Kinase",1216
"HACE1","Non-Kinase",1217
"HAND1","Non-Kinase",1218
"HAS2","Non-Kinase",1219
"HAT1","Non-Kinase",1220
"HAUS8","Non-Kinase",1221
"HAVCR2","Non-Kinase",1222
"HAX1","Non-Kinase",1223
"HBP1","Non-Kinase",1224
"HCK","TK",1225
"HCLS1","Non-Kinase",1226
"HCN2","Non-Kinase",1227
"HCN4","Non-Kinase",1228
"HCRTR1","Non-Kinase",1229
"HDAC1","Non-Kinase",1230
"HDAC2","Non-Kinase",1231
"HDAC3","Non-Kinase",1232
"HDAC4","Non-Kinase",1233
"HDAC5","Non-Kinase",1234
"HDAC6","Non-Kinase",1235
"HDAC7","Non-Kinase",1236
"HDAC8","Non-Kinase",1237
"HDAC9","Non-Kinase",1238
"HDLBP","Non-Kinase",1239
"HECTD3","Non-Kinase",1240
"HELLS","Non-Kinase",1241
"HES1","Non-Kinase",1242
"HES5","Non-Kinase",1243
"HES6","Non-Kinase",1244
"HEXIM1","Non-Kinase",1245
"HGS","Non-Kinase",1246
"HHEX","Non-Kinase",1247
"HIC1","Non-Kinase",1248
"HIF1A","Non-Kinase",1249
"HIF3A","Non-Kinase",1250
"HIP1","Non-Kinase",1251
"HIPK1","CMGC",1252
"HIPK2","CMGC",1253
"HIPK3","CMGC",1254
"HIPK4","CMGC",1255
"HIRA","Non-Kinase",1256
"HIVEP1","Non-Kinase",1257
"HJURP","Non-Kinase",1258
"HK1","Non-Kinase",1259
"HK2","Non-Kinase",1260
"HLA-A","Non-Kinase",1261
"HLA-B","Non-Kinase",1262
"HMGA1","Non-Kinase",1263
"HMGA2","Non-Kinase",1264
"HMGB1","Non-Kinase",1265
"HMGCR","Non-Kinase",1266
"HMGCS1","Non-Kinase",1267
"HMGN1","Non-Kinase",1268
"HMGN2","Non-Kinase",1269
"HMGN5","Non-Kinase",1270
"HMOX1","Non-Kinase",1271
"HMOX2","Non-Kinase",1272
"HNF1A","Non-Kinase",1273
"HNF4A","Non-Kinase",1274
"HNRNPA0","Non-Kinase",1275
"HNRNPA1","Non-Kinase",1276
"HNRNPA2B1","Non-Kinase",1277
"HNRNPC","Non-Kinase",1278
"HNRNPD","Non-Kinase",1279
"HNRNPF","Non-Kinase",1280
"HNRNPH1","Non-Kinase",1281
"HNRNPH2","Non-Kinase",1282
"HNRNPK","Non-Kinase",1283
"HNRNPL","Non-Kinase",1284
"HNRNPM","Non-Kinase",1285
"HNRNPU","Non-Kinase",1286
"HNRNPUL1","Non-Kinase",1287
"HOMER3","Non-Kinase",1288
"HOXA11","Non-Kinase",1289
"HOXB7","Non-Kinase",1290
"HRAS","Non-Kinase",1291
"HRH1","Non-Kinase",1292
"HSD17B4","Non-Kinase",1293
"HSF1","Non-Kinase",1294
"HSF4","Non-Kinase",1295
"HSP90AA1","Non-Kinase",1296
"HSP90AB1","Non-Kinase",1297
"HSP90B1","Non-Kinase",1298
"HSPA1A","Non-Kinase",1299
"HSPA1L","Non-Kinase",1300
"HSPA9","Non-Kinase",1301
"HSPB1","Non-Kinase",1302
"HSPB6","Non-Kinase",1303
"HSPB8","Non-Kinase",1304
"HSPH1","Non-Kinase",1305
"HTR1A","Non-Kinase",1306
"HTR6","Non-Kinase",1307
"HTRA2","Non-Kinase",1308
"HTT","Non-Kinase",1309
"HUNK","CAMK",1310
"HUWE1","Non-Kinase",1311
"HVCN1","Non-Kinase",1312
"IBTK","Non-Kinase",1313
"ICAM3","Non-Kinase",1314
"ICK","CMGC",1315
"ICOSLG","Non-Kinase",1316
"ID1","Non-Kinase",1317
"ID2","Non-Kinase",1318
"ID3","Non-Kinase",1319
"IDH1","Non-Kinase",1320
"IDH2","Non-Kinase",1321
"IDI1","Non-Kinase",1322
"IER3","Non-Kinase",1323
"IFI16","Non-Kinase",1324
"IFIH1","Non-Kinase",1325
"IFITM3","Non-Kinase",1326
"IFNAR1","Non-Kinase",1327
"IFNGR1","Non-Kinase",1328
"IGF1R","TK",1329
"IGF2R","Non-Kinase",1330
"IGFBP1","Non-Kinase",1331
"IGFBP3","Non-Kinase",1332
"IKBKB","OTHER",1333
"IKBKE","OTHER",1334
"IKBKG","Non-Kinase",1335
"IKZF1","Non-Kinase",1336
"IKZF3","Non-Kinase",1337
"IL10RA","Non-Kinase",1338
"IL15RA","Non-Kinase",1339
"IL16","Non-Kinase",1340
"IL17RA","Non-Kinase",1341
"IL17RB","Non-Kinase",1342
"IL2RA","Non-Kinase",1343
"IL2RB","Non-Kinase",1344
"IL6ST","Non-Kinase",1345
"ILF3","Non-Kinase",1346
"ILK","TKL",1347
"ILRUN","Non-Kinase",1348
"IMMT","Non-Kinase",1349
"IMPDH2","Non-Kinase",1350
"INCA1","Non-Kinase",1351
"INCENP","Non-Kinase",1352
"INF2","Non-Kinase",1353
"ING1","Non-Kinase",1354
"ING5","Non-Kinase",1355
"INO80E","Non-Kinase",1356
"INPPL1","Non-Kinase",1357
"INSIG1","Non-Kinase",1358
"INSR","TK",1359
"INSRR","TK",1360
"INVS","Non-Kinase",1361
"IP6K2","Non-Kinase",1362
"IQGAP1","Non-Kinase",1363
"IQGAP2","Non-Kinase",1364
"IRAG1","Non-Kinase",1365
"IRAK1","TKL",1366
"IRAK2","TKL",1367
"IRAK3","TKL",1368
"IRAK4","TKL",1369
"IREB2","Non-Kinase",1370
"IRF1","Non-Kinase",1371
"IRF3","Non-Kinase",1372
"IRF4","Non-Kinase",1373
"IRF5","Non-Kinase",1374
"IRF7","Non-Kinase",1375
"IRS1","Non-Kinase",1376
"IRS2","Non-Kinase",1377
"IRS4","Non-Kinase",1378
"IRX2","Non-Kinase",1379
"ISCU","Non-Kinase",1380
"ISL1","Non-Kinase",1381
"ISX","Non-Kinase",1382
"ITCH","Non-Kinase",1383
"ITGA2","Non-Kinase",1384
"ITGA4","Non-Kinase",1385
"ITGB1","Non-Kinase",1386
"ITGB1BP1","Non-Kinase",1387
"ITGB2","Non-Kinase",1388
"ITGB3","Non-Kinase",1389
"ITGB3BP","Non-Kinase",1390
"ITGB4","Non-Kinase",1391
"ITGB5","Non-Kinase",1392
"ITGB7","Non-Kinase",1393
"ITK","TK",1394
"ITM2A","Non-Kinase",1395
"ITPKA","Non-Kinase",1396
"ITPKB","Non-Kinase",1397
"ITPR1","Non-Kinase",1398
"ITPR2","Non-Kinase",1399
"IWS1","Non-Kinase",1400
"JADE1","Non-Kinase",1401
"JAK1","TK",1402
"JAK2","TK",1403
"JAK3","TK",1404
"JDP2","Non-Kinase",1405
"JPH2","Non-Kinase",1406
"JPT2","Non-Kinase",1407
"JUN","Non-Kinase",1408
"JUNB","Non-Kinase",1409
"JUND","Non-Kinase",1410
"JUP","Non-Kinase",1411
"KALRN","CAMK",1412
"KARS1","Non-Kinase",1413
"KAT2A","Non-Kinase",1414
"KAT2B","Non-Kinase",1415
"KAT5","Non-Kinase",1416
"KAT6A","Non-Kinase",1417
"KAT7","Non-Kinase",1418
"KAT8","Non-Kinase",1419
"KATNA1","Non-Kinase",1420
"KCNA1","Non-Kinase",1421
"KCNA3","Non-Kinase",1422
"KCNA4","Non-Kinase",1423
"KCNA5","Non-Kinase",1424
"KCNAB2","Non-Kinase",1425
"KCNB1","Non-Kinase",1426
"KCNC4","Non-Kinase",1427
"KCND1","Non-Kinase",1428
"KCND2","Non-Kinase",1429
"KCND3","Non-Kinase",1430
"KCNE1","Non-Kinase",1431
"KCNE3","Non-Kinase",1432
"KCNH2","Non-Kinase",1433
"KCNIP3","Non-Kinase",1434
"KCNJ1","Non-Kinase",1435
"KCNJ11","Non-Kinase",1436
"KCNJ12","Non-Kinase",1437
"KCNJ13","Non-Kinase",1438
"KCNJ2","Non-Kinase",1439
"KCNJ3","Non-Kinase",1440
"KCNJ4","Non-Kinase",1441
"KCNJ5","Non-Kinase",1442
"KCNK18","Non-Kinase",1443
"KCNK3","Non-Kinase",1444
"KCNK9","Non-Kinase",1445
"KCNMA1","Non-Kinase",1446
"KCNN1","Non-Kinase",1447
"KCNN2","Non-Kinase",1448
"KCNN4","Non-Kinase",1449
"KCNQ1","Non-Kinase",1450
"KCNQ2","Non-Kinase",1451
"KCNQ5","Non-Kinase",1452
"KCTD12","Non-Kinase",1453
"KDELR1","Non-Kinase",1454
"KDM1A","Non-Kinase",1455
"KDM2A","Non-Kinase",1456
"KDM3A","Non-Kinase",1457
"KDM4B","Non-Kinase",1458
"KDM4C","Non-Kinase",1459
"KDM5A","Non-Kinase",1460
"KDM5B","Non-Kinase",1461
"KDR","TK",1462
"KEAP1","Non-Kinase",1463
"KHDC3L","Non-Kinase",1464
"KHDRBS1","Non-Kinase",1465
"KHSRP","Non-Kinase",1466
"KIDINS220","Non-Kinase",1467
"KIF11","Non-Kinase",1468
"KIF13B","Non-Kinase",1469
"KIF14","Non-Kinase",1470
"KIF1C","Non-Kinase",1471
"KIF20A","Non-Kinase",1472
"KIF20B","Non-Kinase",1473
"KIF22","Non-Kinase",1474
"KIF23","Non-Kinase",1475
"KIF2A","Non-Kinase",1476
"KIF2B","Non-Kinase",1477
"KIF2C","Non-Kinase",1478
"KIF3A","Non-Kinase",1479
"KIF4A","Non-Kinase",1480
"KIF5C","Non-Kinase",1481
"KIFC1","Non-Kinase",1482
"KIR3DL1","Non-Kinase",1483
"KIRREL1","Non-Kinase",1484
"KIT","TK",1485
"KIZ","Non-Kinase",1486
"KLC1","Non-Kinase",1487
"KLC2","Non-Kinase",1488
"KLC4","Non-Kinase",1489
"KLF1","Non-Kinase",1490
"KLF10","Non-Kinase",1491
"KLF16","Non-Kinase",1492
"KLF3","Non-Kinase",1493
"KLF4","Non-Kinase",1494
"KLF5","Non-Kinase",1495
"KLF8","Non-Kinase",1496
"KLHL3","Non-Kinase",1497
"KMT2A","Non-Kinase",1498
"KMT2D","Non-Kinase",1499
"KMT2E","Non-Kinase",1500
"KMT5A","Non-Kinase",1501
"KNL1","Non-Kinase",1502
"KNSTRN","Non-Kinase",1503
"KPNA1","Non-Kinase",1504
"KPNA2","Non-Kinase",1505
"KRAS","Non-Kinase",1506
"KRT18","Non-Kinase",1507
"KRT19","Non-Kinase",1508
"KRT20","Non-Kinase",1509
"KRT8","Non-Kinase",1510
"KSR1","TKL",1511
"KSR2","TKL",1512
"L1CAM","Non-Kinase",1513
"L3MBTL2","Non-Kinase",1514
"LAMC1","Non-Kinase",1515
"LAMP2","Non-Kinase",1516
"LAMTOR4","Non-Kinase",1517
"LAMTOR5","Non-Kinase",1518
"LARP1","Non-Kinase",1519
"LARP6","Non-Kinase",1520
"LARP7","Non-Kinase",1521
"LARS1","Non-Kinase",1522
"LASP1","Non-Kinase",1523
"LAT","Non-Kinase",1524
"LAT2","Non-Kinase",1525
"LATS1","AGC",1526
"LATS2","AGC",1527
"LAX1","Non-Kinase",1528
"LBR","Non-Kinase",1529
"LCK","TK",1530
"LCP1","Non-Kinase",1531
"LCP2","Non-Kinase",1532
"LDHA","Non-Kinase",1533
"LDHB","Non-Kinase",1534
"LEF1","Non-Kinase",1535
"LEPR","Non-Kinase",1536
"LETM1","Non-Kinase",1537
"LGALS3","Non-Kinase",1538
"LGMN","Non-Kinase",1539
"LIFR","Non-Kinase",1540
"LIG1","Non-Kinase",1541
"LIG3","Non-Kinase",1542
"LIG4","Non-Kinase",1543
"LIMA1","Non-Kinase",1544
"LIMD1","Non-Kinase",1545
"LIMK1","TKL",1546
"LIMK2","TKL",1547
"LIN28A","Non-Kinase",1548
"LIN28B","Non-Kinase",1549
"LIN52","Non-Kinase",1550
"LIN9","Non-Kinase",1551
"LIPE","Non-Kinase",1552
"LLGL1","Non-Kinase",1553
"LLGL2","Non-Kinase",1554
"LMNA","Non-Kinase",1555
"LMNB1","Non-Kinase",1556
"LMNB2","Non-Kinase",1557
"LMO7","Non-Kinase",1558
"LMTK2","TK",1559
"LMTK3","TK",1560
"LONP1","Non-Kinase",1561
"LPCAT2","Non-Kinase",1562
"LPIN1","Non-Kinase",1563
"LPP","Non-Kinase",1564
"LPXN","Non-Kinase",1565
"LRCH3","Non-Kinase",1566
"LRP1","Non-Kinase",1567
"LRP6","Non-Kinase",1568
"LRRC45","Non-Kinase",1569
"LRRC4C","Non-Kinase",1570
"LRRC7","Non-Kinase",1571
"LRRC8A","Non-Kinase",1572
"LRRK1","TKL",1573
"LRRK2","TKL",1574
"LRWD1","Non-Kinase",1575
"LSP1","Non-Kinase",1576
"LTB4R","Non-Kinase",1577
"LTB4R2","Non-Kinase",1578
"LTC4S","Non-Kinase",1579
"LTK","TK",1580
"LY96","Non-Kinase",1581
"LYL1","Non-Kinase",1582
"LYN","TK",1583
"LZTS2","Non-Kinase",1584
"MACC1","Non-Kinase",1585
"MACF1","Non-Kinase",1586
"MAD1L1","Non-Kinase",1587
"MAD2L1","Non-Kinase",1588
"MAD2L1BP","Non-Kinase",1589
"MAF1","Non-Kinase",1590
"MAFA","Non-Kinase",1591
"MAFB","Non-Kinase",1592
"MAFG","Non-Kinase",1593
"MAG","Non-Kinase",1594
"MAGEA11","Non-Kinase",1595
"MAGI1","Non-Kinase",1596
"MAK","CMGC",1597
"MALT1","Non-Kinase",1598
"MAOA","Non-Kinase",1599
"MAP1A","Non-Kinase",1600
"MAP1B","Non-Kinase",1601
"MAP1LC3A","Non-Kinase",1602
"MAP1LC3B","Non-Kinase",1603
"MAP1LC3C","Non-Kinase",1604
"MAP1S","Non-Kinase",1605
"MAP2","Non-Kinase",1606
"MAP2K1","STE",1607
"MAP2K2","STE",1608
"MAP2K3","STE",1609
"MAP2K4","STE",1610
"MAP2K5","STE",1611
"MAP2K6","STE",1612
"MAP2K7","STE",1613
"MAP3K1","STE",1614
"MAP3K10","TKL",1615
"MAP3K11","TKL",1616
"MAP3K12","TKL",1617
"MAP3K13","TKL",1618
"MAP3K14","STE",1619
"MAP3K15","STE",1620
"MAP3K19","STE",1621
"MAP3K2","STE",1622
"MAP3K3","STE",1623
"MAP3K4","STE",1624
"MAP3K5","STE",1625
"MAP3K6","STE",1626
"MAP3K7","TKL",1627
"MAP3K8","STE",1628
"MAP3K9","TKL",1629
"MAP4","Non-Kinase",1630
"MAP4K1","STE",1631
"MAP4K2","STE",1632
"MAP4K3","STE",1633
"MAP4K4","STE",1634
"MAP4K5","STE",1635
"MAP7","Non-Kinase",1636
"MAP9","Non-Kinase",1637
"MAPK1","CMGC",1638
"MAPK10","CMGC",1639
"MAPK11","CMGC",1640
"MAPK12","CMGC",1641
"MAPK13","CMGC",1642
"MAPK14","CMGC",1643
"MAPK15","CMGC",1644
"MAPK3","CMGC",1645
"MAPK4","CMGC",1646
"MAPK6","CMGC",1647
"MAPK7","CMGC",1648
"MAPK8","CMGC",1649
"MAPK8IP1","Non-Kinase",1650
"MAPK8IP3","Non-Kinase",1651
"MAPK9","CMGC",1652
"MAPKAP1","Non-Kinase",1653
"MAPKAPK2","CAMK",1654
"MAPKAPK3","CAMK",1655
"MAPKAPK5","CAMK",1656
"MAPRE1","Non-Kinase",1657
"MAPRE2","Non-Kinase",1658
"MAPRE3","Non-Kinase",1659
"MAPT","Non-Kinase",1660
"MARCKS","Non-Kinase",1661
"MARCKSL1","Non-Kinase",1662
"MARK1","CAMK",1663
"MARK2","CAMK",1664
"MARK3","CAMK",1665
"MARK4","CAMK",1666
"MARS1","Non-Kinase",1667
"MAST1","AGC",1668
"MAST2","AGC",1669
"MAST3","AGC",1670
"MAST4","AGC",1671
"MASTL","AGC",1672
"MAT1A","Non-Kinase",1673
"MATK","TK",1674
"MATR3","Non-Kinase",1675
"MAVS","Non-Kinase",1676
"MAX","Non-Kinase",1677
"MAZ","Non-Kinase",1678
"MBD3","Non-Kinase",1679
"MBD4","Non-Kinase",1680
"MBP","Non-Kinase",1681
"MC4R","Non-Kinase",1682
"MCC","Non-Kinase",1683
"MCL1","Non-Kinase",1684
"MCM2","Non-Kinase",1685
"MCM3","Non-Kinase",1686
"MCM4","Non-Kinase",1687
"MCM5","Non-Kinase",1688
"MCM7","Non-Kinase",1689
"MCOLN1","Non-Kinase",1690
"MCPH1","Non-Kinase",1691
"MCRIP1","Non-Kinase",1692
"MCRS1","Non-Kinase",1693
"MCTS1","Non-Kinase",1694
"MCU","Non-Kinase",1695
"MDC1","Non-Kinase",1696
"MDM2","Non-Kinase",1697
"MDM4","Non-Kinase",1698
"ME1","Non-Kinase",1699
"MECOM","Non-Kinase",1700
"MECP2","Non-Kinase",1701
"MED1","Non-Kinase",1702
"MED14","Non-Kinase",1703
"MED28","Non-Kinase",1704
"MEF2A","Non-Kinase",1705
"MEF2B","Non-Kinase",1706
"MEF2C","Non-Kinase",1707
"MEF2D","Non-Kinase",1708
"MEFV","Non-Kinase",1709
"MEGF10","Non-Kinase",1710
"MELK","CAMK",1711
"MEN1","Non-Kinase",1712
"MEP1B","Non-Kinase",1713
"MERTK","TK",1714
"MET","TK",1715
"METTL1","Non-Kinase",1716
"METTL3","Non-Kinase",1717
"MFAP1","Non-Kinase",1718
"MFF","Non-Kinase",1719
"MFN1","Non-Kinase",1720
"MFN2","Non-Kinase",1721
"MICAL2","Non-Kinase",1722
"MICALL1","Non-Kinase",1723
"MIIP","Non-Kinase",1724
"MINK1","STE",1725
"MIP","Non-Kinase",1726
"MIS18A","Non-Kinase",1727
"MISP","Non-Kinase",1728
"MITF","Non-Kinase",1729
"MKI67","Non-Kinase",1730
"MKNK1","CAMK",1731
"MKNK2","CAMK",1732
"MLH1","Non-Kinase",1733
"MLK4","TKL",1734
"MLKL","TKL",1735
"MLLT1","Non-Kinase",1736
"MLLT3","Non-Kinase",1737
"MLXIPL","Non-Kinase",1738
"MME","Non-Kinase",1739
"MMP14","Non-Kinase",1740
"MMP2","Non-Kinase",1741
"MNX1","Non-Kinase",1742
"MOB1A","Non-Kinase",1743
"MOB1B","Non-Kinase",1744
"MOK","CMGC",1745
"MORC2","Non-Kinase",1746
"MOS","OTHER",1747
"MPHOSPH10","Non-Kinase",1748
"MPLKIP","Non-Kinase",1749
"MPZL1","Non-Kinase",1750
"MRE11","Non-Kinase",1751
"MRPS18B","Non-Kinase",1752
"MRTFA","Non-Kinase",1753
"MRTO4","Non-Kinase",1754
"MS4A1","Non-Kinase",1755
"MSN","Non-Kinase",1756
"MST1R","TK",1757
"MSX2","Non-Kinase",1758
"MTA1","Non-Kinase",1759
"MTA2","Non-Kinase",1760
"MTF1","Non-Kinase",1761
"MTHFD1L","Non-Kinase",1762
"MTHFR","Non-Kinase",1763
"MTMR2","Non-Kinase",1764
"MTOR","ATYPICAL",1765
"MTSS1","Non-Kinase",1766
"MTURN","Non-Kinase",1767
"MUC1","Non-Kinase",1768
"MUS81","Non-Kinase",1769
"MUSK","TK",1770
"MVD","Non-Kinase",1771
"MXD1","Non-Kinase",1772
"MYB","Non-Kinase",1773
"MYBBP1A","Non-Kinase",1774
"MYBL1","Non-Kinase",1775
"MYBL2","Non-Kinase",1776
"MYBPC3","Non-Kinase",1777
"MYC","Non-Kinase",1778
"MYCBP2","Non-Kinase",1779
"MYCL","Non-Kinase",1780
"MYCN","Non-Kinase",1781
"MYF5","Non-Kinase",1782
"MYF6","Non-Kinase",1783
"MYH10","Non-Kinase",1784
"MYH2","Non-Kinase",1785
"MYH9","Non-Kinase",1786
"MYL12A","Non-Kinase",1787
"MYL12B","Non-Kinase",1788
"MYL2","Non-Kinase",1789
"MYL9","Non-Kinase",1790
"MYLK","CAMK",1791
"MYLK2","CAMK",1792
"MYLK3","CAMK",1793
"MYLK4","CAMK",1794
"MYO3A","STE",1795
"MYO3B","STE",1796
"MYO5A","Non-Kinase",1797
"MYO6","Non-Kinase",1798
"MYO9B","Non-Kinase",1799
"MYOCD","Non-Kinase",1800
"MYOD1","Non-Kinase",1801
"MYOM1","Non-Kinase",1802
"MYOM2","Non-Kinase",1803
"MYT1","Non-Kinase",1804
"MZF1","Non-Kinase",1805
"NABP2","Non-Kinase",1806
"NACA","Non-Kinase",1807
"NADK","Non-Kinase",1808
"NAGK","Non-Kinase",1809
"NANOG","Non-Kinase",1810
"NASP","Non-Kinase",1811
"NBN","Non-Kinase",1812
"NBR1","Non-Kinase",1813
"NCAM1","Non-Kinase",1814
"NCAPD3","Non-Kinase",1815
"NCAPG","Non-Kinase",1816
"NCAPH","Non-Kinase",1817
"NCAPH2","Non-Kinase",1818
"NCBP1","Non-Kinase",1819
"NCBP3","Non-Kinase",1820
"NCF1","Non-Kinase",1821
"NCF2","Non-Kinase",1822
"NCF4","Non-Kinase",1823
"NCK1","Non-Kinase",1824
"NCKAP5L","Non-Kinase",1825
"NCKIPSD","Non-Kinase",1826
"NCL","Non-Kinase",1827
"NCOA1","Non-Kinase",1828
"NCOA2","Non-Kinase",1829
"NCOA3","Non-Kinase",1830
"NCOA6","Non-Kinase",1831
"NCOR1","Non-Kinase",1832
"NCOR2","Non-Kinase",1833
"NCSTN","Non-Kinase",1834
"NDC80","Non-Kinase",1835
"NDE1","Non-Kinase",1836
"NDEL1","Non-Kinase",1837
"NDFIP2","Non-Kinase",1838
"NDRG1","Non-Kinase",1839
"NDRG2","Non-Kinase",1840
"NDUFA12","Non-Kinase",1841
"NDUFB6","Non-Kinase",1842
"NDUFS2","Non-Kinase",1843
"NDUFS4","Non-Kinase",1844
"NDUFV1","Non-Kinase",1845
"NDUFV2","Non-Kinase",1846
"NDUFV3","Non-Kinase",1847
"NEDD1","Non-Kinase",1848
"NEDD4","Non-Kinase",1849
"NEDD4L","Non-Kinase",1850
"NEDD8","Non-Kinase",1851
"NEDD9","Non-Kinase",1852
"NEFH","Non-Kinase",1853
"NEFL","Non-Kinase",1854
"NEIL1","Non-Kinase",1855
"NEK1","OTHER",1856
"NEK10","OTHER",1857
"NEK11","OTHER",1858
"NEK2","OTHER",1859
"NEK3","OTHER",1860
"NEK4","OTHER",1861
"NEK5","OTHER",1862
"NEK6","OTHER",1863
"NEK7","OTHER",1864
"NEK8","OTHER",1865
"NEK9","OTHER",1866
"NELFA","Non-Kinase",1867
"NELFCD","Non-Kinase",1868
"NELFE","Non-Kinase",1869
"NES","Non-Kinase",1870
"NET1","Non-Kinase",1871
"NEUROD1","Non-Kinase",1872
"NEUROG1","Non-Kinase",1873
"NF1","Non-Kinase",1874
"NF2","Non-Kinase",1875
"NFAT5","Non-Kinase",1876
"NFATC1","Non-Kinase",1877
"NFATC2","Non-Kinase",1878
"NFATC3","Non-Kinase",1879
"NFATC4","Non-Kinase",1880
"NFE2","Non-Kinase",1881
"NFE2L1","Non-Kinase",1882
"NFE2L2","Non-Kinase",1883
"NFKB1","Non-Kinase",1884
"NFKB2","Non-Kinase",1885
"NFKBIA","Non-Kinase",1886
"NFKBIB","Non-Kinase",1887
"NFYA","Non-Kinase",1888
"NGEF","Non-Kinase",1889
"NGFR","Non-Kinase",1890
"NHEJ1","Non-Kinase",1891
"NHS","Non-Kinase",1892
"NIBAN1","Non-Kinase",1893
"NIBAN2","Non-Kinase",1894
"NID1","Non-Kinase",1895
"NIFK","Non-Kinase",1896
"NIM1K","CAMK",1897
"NINL","Non-Kinase",1898
"NKD2","Non-Kinase",1899
"NKX2-1","Non-Kinase",1900
"NKX2-5","Non-Kinase",1901
"NKX3-1","Non-Kinase",1902
"NLGN4X","Non-Kinase",1903
"NLK","CMGC",1904
"NLRC4","Non-Kinase",1905
"NLRP3","Non-Kinase",1906
"NLRP5","Non-Kinase",1907
"NME1","Non-Kinase",1908
"NME2","Non-Kinase",1909
"NMNAT1","Non-Kinase",1910
"NMT1","Non-Kinase",1911
"NOB1","Non-Kinase",1912
"NOL3","Non-Kinase",1913
"NOLC1","Non-Kinase",1914
"NOP53","Non-Kinase",1915
"NOS1","Non-Kinase",1916
"NOS2","Non-Kinase",1917
"NOS3","Non-Kinase",1918
"NOSIP","Non-Kinase",1919
"NOTCH1","Non-Kinase",1920
"NOTCH2","Non-Kinase",1921
"NOVA2","Non-Kinase",1922
"NOX4","Non-Kinase",1923
"NOX5","Non-Kinase",1924
"NOXA1","Non-Kinase",1925
"NOXO1","Non-Kinase",1926
"NPAT","Non-Kinase",1927
"NPFFR2","Non-Kinase",1928
"NPHP1","Non-Kinase",1929
"NPHS1","Non-Kinase",1930
"NPM1","Non-Kinase",1931
"NPR1","RGC",1932
"NPR2","RGC",1933
"NQO1","Non-Kinase",1934
"NR0B2","Non-Kinase",1935
"NR1D1","Non-Kinase",1936
"NR1H2","Non-Kinase",1937
"NR1H3","Non-Kinase",1938
"NR1H4","Non-Kinase",1939
"NR1I2","Non-Kinase",1940
"NR1I3","Non-Kinase",1941
"NR2C2","Non-Kinase",1942
"NR2F6","Non-Kinase",1943
"NR3C1","Non-Kinase",1944
"NR3C2","Non-Kinase",1945
"NR4A1","Non-Kinase",1946
"NR4A2","Non-Kinase",1947
"NR4A3","Non-Kinase",1948
"NR5A1","Non-Kinase",1949
"NR5A2","Non-Kinase",1950
"NRAS","Non-Kinase",1951
"NRBF2","Non-Kinase",1952
"NRBP1","OTHER",1953
"NRBP2","OTHER",1954
"NRCAM","Non-Kinase",1955
"NREP","Non-Kinase",1956
"NRF1","Non-Kinase",1957
"NRG1","Non-Kinase",1958
"NRGN","Non-Kinase",1959
"NRK","STE",1960
"NRXN1","Non-Kinase",1961
"NSD2","Non-Kinase",1962
"NSF","Non-Kinase",1963
"NSFL1C","Non-Kinase",1964
"NSUN2","Non-Kinase",1965
"NTRK1","TK",1966
"NTRK2","TK",1967
"NTRK3","TK",1968
"NUAK1","CAMK",1969
"NUAK2","CAMK",1970
"NUCKS1","Non-Kinase",1971
"NUDC","Non-Kinase",1972
"NUFIP2","Non-Kinase",1973
"NUMA1","Non-Kinase",1974
"NUMB","Non-Kinase",1975
"NUP107","Non-Kinase",1976
"NUP133","Non-Kinase",1977
"NUP153","Non-Kinase",1978
"NUP210","Non-Kinase",1979
"NUP214","Non-Kinase",1980
"NUP50","Non-Kinase",1981
"NUP62","Non-Kinase",1982
"NUP98","Non-Kinase",1983
"NUSAP1","Non-Kinase",1984
"OBSCN","CAMK",1985
"OCLN","Non-Kinase",1986
"ODF2","Non-Kinase",1987
"OFD1","Non-Kinase",1988
"OGA","Non-Kinase",1989
"OGFOD1","Non-Kinase",1990
"OGFR","Non-Kinase",1991
"OGT","Non-Kinase",1992
"OPRD1","Non-Kinase",1993
"OPRK1","Non-Kinase",1994
"OPRL1","Non-Kinase",1995
"OPRM1","Non-Kinase",1996
"OPTN","Non-Kinase",1997
"ORAI1","Non-Kinase",1998
"ORC1","Non-Kinase",1999
"ORC2","Non-Kinase",2000
"ORC6","Non-Kinase",2001
"OSBP","Non-Kinase",2002
"OSBP2","Non-Kinase",2003
"OSBPL11","Non-Kinase",2004
"OSTF1","Non-Kinase",2005
"OTUB1","Non-Kinase",2006
"OTUD5","Non-Kinase",2007
"OTULIN","Non-Kinase",2008
"OXSR1","STE",2009
"OXTR","Non-Kinase",2010
"PA2G4","Non-Kinase",2011
"PABIR1","Non-Kinase",2012
"PACS1","Non-Kinase",2013
"PACS2","Non-Kinase",2014
"PACSIN1","Non-Kinase",2015
"PACSIN2","Non-Kinase",2016
"PAG1","Non-Kinase",2017
"PAGE4","Non-Kinase",2018
"PAH","Non-Kinase",2019
"PAICS","Non-Kinase",2020
"PAK1","STE",2021
"PAK2","STE",2022
"PAK3","STE",2023
"PAK4","STE",2024
"PAK6","STE",2025
"PAK7","STE",2026
"PALLD","Non-Kinase",2027
"PAM","Non-Kinase",2028
"PAN2","Non-Kinase",2029
"PAN3","OTHER",2030
"PANX1","Non-Kinase",2031
"PANX2","Non-Kinase",2032
"PAQR3","Non-Kinase",2033
"PARD3","Non-Kinase",2034
"PARD6A","Non-Kinase",2035
"PARK7","Non-Kinase",2036
"PARN","Non-Kinase",2037
"PARP1","Non-Kinase",2038
"PARP10","Non-Kinase",2039
"PARVA","Non-Kinase",2040
"PASK","CAMK",2041
"PATL1","Non-Kinase",2042
"PAWR","Non-Kinase",2043
"PAX3","Non-Kinase",2044
"PAX6","Non-Kinase",2045
"PAX8","Non-Kinase",2046
"PBK","OTHER",2047
"PBRM1","Non-Kinase",2048
"PBXIP1","Non-Kinase",2049
"PCBP1","Non-Kinase",2050
"PCBP2","Non-Kinase",2051
"PCF11","Non-Kinase",2052
"PCGF2","Non-Kinase",2053
"PCGF6","Non-Kinase",2054
"PCK1","Non-Kinase",2055
"PCM1","Non-Kinase",2056
"PCNA","Non-Kinase",2057
"PCNT","Non-Kinase",2058
"PCYT1A","Non-Kinase",2059
"PDC","Non-Kinase",2060
"PDCD10","Non-Kinase",2061
"PDCD4","Non-Kinase",2062
"PDCD5","Non-Kinase",2063
"PDCD6IP","Non-Kinase",2064
"PDCL","Non-Kinase",2065
"PDE10A","Non-Kinase",2066
"PDE11A","Non-Kinase",2067
"PDE3A","Non-Kinase",2068
"PDE3B","Non-Kinase",2069
"PDE4A","Non-Kinase",2070
"PDE4B","Non-Kinase",2071
"PDE4C","Non-Kinase",2072
"PDE4D","Non-Kinase",2073
"PDE5A","Non-Kinase",2074
"PDE6G","Non-Kinase",2075
"PDE8A","Non-Kinase",2076
"PDGFRA","TK",2077
"PDGFRB","TK",2078
"PDHA1","Non-Kinase",2079
"PDHA2","Non-Kinase",2080
"PDIA3","Non-Kinase",2081
"PDIA6","Non-Kinase",2082
"PDIK1L","OTHER",2083
"PDK1","ATYPICAL",2084
"PDK2","ATYPICAL",2085
"PDK3","ATYPICAL",2086
"PDK4","ATYPICAL",2087
"PDP1","Non-Kinase",2088
"PDPK1","AGC",2089
"PDS5B","Non-Kinase",2090
"PDX1","Non-Kinase",2091
"PDXDC1","Non-Kinase",2092
"PDZK1","Non-Kinase",2093
"PEA15","Non-Kinase",2094
"PEAK1","OTHER",2095
"PEBP1","Non-Kinase",2096
"PECAM1","Non-Kinase",2097
"PELI1","Non-Kinase",2098
"PELI2","Non-Kinase",2099
"PELP1","Non-Kinase",2100
"PER2","Non-Kinase",2101
"PER3","Non-Kinase",2102
"PEX14","Non-Kinase",2103
"PEX5","Non-Kinase",2104
"PFAS","Non-Kinase",2105
"PFKFB2","Non-Kinase",2106
"PFKFB3","Non-Kinase",2107
"PFKL","Non-Kinase",2108
"PFKM","Non-Kinase",2109
"PFKP","Non-Kinase",2110
"PFN1","Non-Kinase",2111
"PGAM1","Non-Kinase",2112
"PGD","Non-Kinase",2113
"PGK1","Non-Kinase",2114
"PGM1","Non-Kinase",2115
"PGR","Non-Kinase",2116
"PHACTR3","Non-Kinase",2117
"PHB1","Non-Kinase",2118
"PHB2","Non-Kinase",2119
"PHF14","Non-Kinase",2120
"PHF2","Non-Kinase",2121
"PHF20","Non-Kinase",2122
"PHF23","Non-Kinase",2123
"PHF6","Non-Kinase",2124
"PHF8","Non-Kinase",2125
"PHGDH","Non-Kinase",2126
"PHKA1","Non-Kinase",2127
"PHKG1","CAMK",2128
"PHKG2","CAMK",2129
"PHLDA1","Non-Kinase",2130
"PHLDB1","Non-Kinase",2131
"PHLPP1","Non-Kinase",2132
"PHOX2A","Non-Kinase",2133
"PI4KB","Non-Kinase",2134
"PIAS1","Non-Kinase",2135
"PIAS2","Non-Kinase",2136
"PIAS4","Non-Kinase",2137
"PICK1","Non-Kinase",2138
"PIDD1","Non-Kinase",2139
"PIK3AP1","Non-Kinase",2140
"PIK3C2A","Non-Kinase",2141
"PIK3C3","Non-Kinase",2142
"PIK3CG","Non-Kinase",2143
"PIK3R1","Non-Kinase",2144
"PIK3R3","Non-Kinase",2145
"PIK3R4","OTHER",2146
"PIK3R6","Non-Kinase",2147
"PIKFYVE","Non-Kinase",2148
"PIM1","CAMK",2149
"PIM2","CAMK",2150
"PIM3","CAMK",2151
"PIMREG","Non-Kinase",2152
"PIN1","Non-Kinase",2153
"PIN4","Non-Kinase",2154
"PINK1","OTHER",2155
"PINX1","Non-Kinase",2156
"PIP4K2A","Non-Kinase",2157
"PIP4K2B","Non-Kinase",2158
"PIP4K2C","Non-Kinase",2159
"PIP5K1B","Non-Kinase",2160
"PIP5K1C","Non-Kinase",2161
"PITPNA","Non-Kinase",2162
"PITPNC1","Non-Kinase",2163
"PITPNM1","Non-Kinase",2164
"PITX2","Non-Kinase",2165
"PJA2","Non-Kinase",2166
"PKD1","Non-Kinase",2167
"PKD2","Non-Kinase",2168
"PKD2L1","Non-Kinase",2169
"PKDCC","OTHER",2170
"PKIA","Non-Kinase",2171
"PKM","Non-Kinase",2172
"PKMYT1","OTHER",2173
"PKN1","AGC",2174
"PKN2","AGC",2175
"PKN3","AGC",2176
"PKP1","Non-Kinase",2177
"PKP2","Non-Kinase",2178
"PKP3","Non-Kinase",2179
"PLA2G4A","Non-Kinase",2180
"PLAU","Non-Kinase",2181
"PLCB1","Non-Kinase",2182
"PLCB3","Non-Kinase",2183
"PLCG1","Non-Kinase",2184
"PLCG2","Non-Kinase",2185
"PLD1","Non-Kinase",2186
"PLD2","Non-Kinase",2187
"PLEC","Non-Kinase",2188
"PLEK","Non-Kinase",2189
"PLEKHG1","Non-Kinase",2190
"PLEKHG2","Non-Kinase",2191
"PLEKHG6","Non-Kinase",2192
"PLIN1","Non-Kinase",2193
"PLIN2","Non-Kinase",2194
"PLIN3","Non-Kinase",2195
"PLK1","OTHER",2196
"PLK2","OTHER",2197
"PLK3","OTHER",2198
"PLK4","OTHER",2199
"PLN","Non-Kinase",2200
"PLRG1","Non-Kinase",2201
"PLSCR1","Non-Kinase",2202
"PLSCR3","Non-Kinase",2203
"PLSCR4","Non-Kinase",2204
"PLXNA1","Non-Kinase",2205
"PLXNA2","Non-Kinase",2206
"PLXNB1","Non-Kinase",2207
"PMAIP1","Non-Kinase",2208
"PML","Non-Kinase",2209
"PNCK","CAMK",2210
"PNKP","Non-Kinase",2211
"PNPLA8","Non-Kinase",2212
"PNPT1","Non-Kinase",2213
"POLD1","Non-Kinase",2214
"POLD2","Non-Kinase",2215
"POLD3","Non-Kinase",2216
"POLDIP3","Non-Kinase",2217
"POLH","Non-Kinase",2218
"POLL","Non-Kinase",2219
"POLM","Non-Kinase",2220
"POLR1G","Non-Kinase",2221
"POLR2A","Non-Kinase",2222
"POLR2F","Non-Kinase",2223
"POMK","OTHER",2224
"POP4","Non-Kinase",2225
"POU2F1","Non-Kinase",2226
"POU3F2","Non-Kinase",2227
"POU5F1","Non-Kinase",2228
"POU6F1","Non-Kinase",2229
"PPARA","Non-Kinase",2230
"PPARD","Non-Kinase",2231
"PPARG","Non-Kinase",2232
"PPARGC1A","Non-Kinase",2233
"PPARGC1B","Non-Kinase",2234
"PPAT","Non-Kinase",2235
"PPFIA1","Non-Kinase",2236
"PPHLN1","Non-Kinase",2237
"PPIF","Non-Kinase",2238
"PPM1B","Non-Kinase",2239
"PPM1D","Non-Kinase",2240
"PPM1G","Non-Kinase",2241
"PPM1J","Non-Kinase",2242
"PPME1","Non-Kinase",2243
"PPP1CA","Non-Kinase",2244
"PPP1CC","Non-Kinase",2245
"PPP1R12A","Non-Kinase",2246
"PPP1R12B","Non-Kinase",2247
"PPP1R12C","Non-Kinase",2248
"PPP1R13L","Non-Kinase",2249
"PPP1R14A","Non-Kinase",2250
"PPP1R14B","Non-Kinase",2251
"PPP1R14C","Non-Kinase",2252
"PPP1R14D","Non-Kinase",2253
"PPP1R16B","Non-Kinase",2254
"PPP1R17","Non-Kinase",2255
"PPP1R1A","Non-Kinase",2256
"PPP1R1B","Non-Kinase",2257
"PPP1R1C","Non-Kinase",2258
"PPP1R2","Non-Kinase",2259
"PPP1R26","Non-Kinase",2260
"PPP1R2B","Non-Kinase",2261
"PPP1R35","Non-Kinase",2262
"PPP1R3A","Non-Kinase",2263
"PPP1R3C","Non-Kinase",2264
"PPP1R7","Non-Kinase",2265
"PPP1R8","Non-Kinase",2266
"PPP1R9A","Non-Kinase",2267
"PPP1R9B","Non-Kinase",2268
"PPP2CA","Non-Kinase",2269
"PPP2R2A","Non-Kinase",2270
"PPP2R2B","Non-Kinase",2271
"PPP2R3A","Non-Kinase",2272
"PPP2R5A","Non-Kinase",2273
"PPP2R5C","Non-Kinase",2274
"PPP2R5D","Non-Kinase",2275
"PPP5C","Non-Kinase",2276
"PPP6R2","Non-Kinase",2277
"PQBP1","Non-Kinase",2278
"PRC1","Non-Kinase",2279
"PRDX1","Non-Kinase",2280
"PRDX2","Non-Kinase",2281
"PRDX3","Non-Kinase",2282
"PRDX6","Non-Kinase",2283
"PREB","Non-Kinase",2284
"PREX1","Non-Kinase",2285
"PREX2","Non-Kinase",2286
"PRH1","Non-Kinase",2287
"PRICKLE1","Non-Kinase",2288
"PRKAA1","CAMK",2289
"PRKAA2","CAMK",2290
"PRKAB1","Non-Kinase",2291
"PRKACA","AGC",2292
"PRKACB","AGC",2293
"PRKACG","AGC",2294
"PRKAG1","Non-Kinase",2295
"PRKAR1A","Non-Kinase",2296
"PRKAR2A","Non-Kinase",2297
"PRKAR2B","Non-Kinase",2298
"PRKCA","AGC",2299
"PRKCB","AGC",2300
"PRKCD","AGC",2301
"PRKCE","AGC",2302
"PRKCG","AGC",2303
"PRKCH","AGC",2304
"PRKCI","AGC",2305
"PRKCQ","AGC",2306
"PRKCZ","AGC",2307
"PRKD1","CAMK",2308
"PRKD2","CAMK",2309
"PRKD3","CAMK",2310
"PRKDC","ATYPICAL",2311
"PRKG1","AGC",2312
"PRKG2","AGC",2313
"PRKN","Non-Kinase",2314
"PRKX","AGC",2315
"PRKY","AGC",2316
"PRL","Non-Kinase",2317
"PRLR","Non-Kinase",2318
"PRMT5","Non-Kinase",2319
"PRNP","Non-Kinase",2320
"PROM1","Non-Kinase",2321
"PROSER2","Non-Kinase",2322
"PRPF19","Non-Kinase",2323
"PRPF3","Non-Kinase",2324
"PRPF31","Non-Kinase",2325
"PRPF4B","CMGC",2326
"PRPH","Non-Kinase",2327
"PRPS1","Non-Kinase",2328
"PRPS2","Non-Kinase",2329
"PRR5","Non-Kinase",2330
"PRRC2A","Non-Kinase",2331
"PRRC2B","Non-Kinase",2332
"PRRC2C","Non-Kinase",2333
"PSEN1","Non-Kinase",2334
"PSEN2","Non-Kinase",2335
"PSIP1","Non-Kinase",2336
"PSKH1","CAMK",2337
"PSKH2","CAMK",2338
"PSMA3","Non-Kinase",2339
"PSMA5","Non-Kinase",2340
"PSMA7","Non-Kinase",2341
"PSMC4","Non-Kinase",2342
"PSMC5","Non-Kinase",2343
"PSMD1","Non-Kinase",2344
"PSMD11","Non-Kinase",2345
"PSMD2","Non-Kinase",2346
"PSMD3","Non-Kinase",2347
"PSME3","Non-Kinase",2348
"PSTPIP1","Non-Kinase",2349
"PTBP1","Non-Kinase",2350
"PTEN","Non-Kinase",2351
"PTGER4","Non-Kinase",2352
"PTGES3","Non-Kinase",2353
"PTGIR","Non-Kinase",2354
"PTGS2","Non-Kinase",2355
"PTH1R","Non-Kinase",2356
"PTHLH","Non-Kinase",2357
"PTK2","TK",2358
"PTK2B","TK",2359
"PTK6","TK",2360
"PTK7","TK",2361
"PTMA","Non-Kinase",2362
"PTOV1","Non-Kinase",2363
"PTPN1","Non-Kinase",2364
"PTPN11","Non-Kinase",2365
"PTPN12","Non-Kinase",2366
"PTPN18","Non-Kinase",2367
"PTPN2","Non-Kinase",2368
"PTPN22","Non-Kinase",2369
"PTPN3","Non-Kinase",2370
"PTPN5","Non-Kinase",2371
"PTPN6","Non-Kinase",2372
"PTPN7","Non-Kinase",2373
"PTPRA","Non-Kinase",2374
"PTPRC","Non-Kinase",2375
"PTPRCAP","Non-Kinase",2376
"PTPRF","Non-Kinase",2377
"PTPRJ","Non-Kinase",2378
"PTPRR","Non-Kinase",2379
"PTPRT","Non-Kinase",2380
"PTRH2","Non-Kinase",2381
"PTS","Non-Kinase",2382
"PTTG1","Non-Kinase",2383
"PTTG1IP","Non-Kinase",2384
"PTTG2","Non-Kinase",2385
"PXK","OTHER",2386
"PXN","Non-Kinase",2387
"PYCARD","Non-Kinase",2388
"PYCR1","Non-Kinase",2389
"PYCR2","Non-Kinase",2390
"PYGB","Non-Kinase",2391
"PYGL","Non-Kinase",2392
"PYGM","Non-Kinase",2393
"PYGO2","Non-Kinase",2394
"QDPR","Non-Kinase",2395
"QTRT1","Non-Kinase",2396
"RAB10","Non-Kinase",2397
"RAB11A","Non-Kinase",2398
"RAB11FIP1","Non-Kinase",2399
"RAB11FIP2","Non-Kinase",2400
"RAB11FIP3","Non-Kinase",2401
"RAB11FIP5","Non-Kinase",2402
"RAB1A","Non-Kinase",2403
"RAB34","Non-Kinase",2404
"RAB37","Non-Kinase",2405
"RAB3IP","Non-Kinase",2406
"RAB4A","Non-Kinase",2407
"RAB5A","Non-Kinase",2408
"RAB5B","Non-Kinase",2409
"RAB8A","Non-Kinase",2410
"RABEP1","Non-Kinase",2411
"RAC1","Non-Kinase",2412
"RACGAP1","Non-Kinase",2413
"RACK1","Non-Kinase",2414
"RAD1","Non-Kinase",2415
"RAD17","Non-Kinase",2416
"RAD18","Non-Kinase",2417
"RAD21","Non-Kinase",2418
"RAD50","Non-Kinase",2419
"RAD51","Non-Kinase",2420
"RAD52","Non-Kinase",2421
"RAD54L","Non-Kinase",2422
"RAD9A","Non-Kinase",2423
"RAF1","TKL",2424
"RAG2","Non-Kinase",2425
"RAI1","Non-Kinase",2426
"RAI14","Non-Kinase",2427
"RALA","Non-Kinase",2428
"RALB","Non-Kinase",2429
"RALBP1","Non-Kinase",2430
"RALGAPA2","Non-Kinase",2431
"RALY","Non-Kinase",2432
"RAMAC","Non-Kinase",2433
"RAN","Non-Kinase",2434
"RANBP2","Non-Kinase",2435
"RANBP3","Non-Kinase",2436
"RANBP9","Non-Kinase",2437
"RANGAP1","Non-Kinase",2438
"RAP1A","Non-Kinase",2439
"RAP1B","Non-Kinase",2440
"RAP1GAP","Non-Kinase",2441
"RAP1GAP2","Non-Kinase",2442
"RAPGEF1","Non-Kinase",2443
"RAPGEF2","Non-Kinase",2444
"RAPGEF3","Non-Kinase",2445
"RAPH1","Non-Kinase",2446
"RARA","Non-Kinase",2447
"RARG","Non-Kinase",2448
"RASA1","Non-Kinase",2449
"RASAL2","Non-Kinase",2450
"RASD2","Non-Kinase",2451
"RASGRF1","Non-Kinase",2452
"RASGRF2","Non-Kinase",2453
"RASGRP1","Non-Kinase",2454
"RASGRP2","Non-Kinase",2455
"RASGRP3","Non-Kinase",2456
"RASSF1","Non-Kinase",2457
"RAVER1","Non-Kinase",2458
"RB1","Non-Kinase",2459
"RB1CC1","Non-Kinase",2460
"RBBP5","Non-Kinase",2461
"RBBP7","Non-Kinase",2462
"RBBP8","Non-Kinase",2463
"RBFOX2","Non-Kinase",2464
"RBL1","Non-Kinase",2465
"RBL2","Non-Kinase",2466
"RBM10","Non-Kinase",2467
"RBM14","Non-Kinase",2468
"RBM17","Non-Kinase",2469
"RBM26","Non-Kinase",2470
"RBM27","Non-Kinase",2471
"RBM28","Non-Kinase",2472
"RBM3","Non-Kinase",2473
"RBM38","Non-Kinase",2474
"RBM39","Non-Kinase",2475
"RBM4","Non-Kinase",2476
"RBM42","Non-Kinase",2477
"RBM7","Non-Kinase",2478
"RBM8A","Non-Kinase",2479
"RBMX","Non-Kinase",2480
"RBMXL1","Non-Kinase",2481
"RBPJ","Non-Kinase",2482
"RBPMS","Non-Kinase",2483
"RBSN","Non-Kinase",2484
"RCAN1","Non-Kinase",2485
"RCC1","Non-Kinase",2486
"RCHY1","Non-Kinase",2487
"RCSD1","Non-Kinase",2488
"RDX","Non-Kinase",2489
"RECQL4","Non-Kinase",2490
"RECQL5","Non-Kinase",2491
"REEP1","Non-Kinase",2492
"REEP2","Non-Kinase",2493
"REL","Non-Kinase",2494
"RELA","Non-Kinase",2495
"RELB","Non-Kinase",2496
"RELL1","Non-Kinase",2497
"REM1","Non-Kinase",2498
"REPS1","Non-Kinase",2499
"REPS2","Non-Kinase",2500
"REST","Non-Kinase",2501
"RET","TK",2502
"RETREG1","Non-Kinase",2503
"REV3L","Non-Kinase",2504
"REXO1","Non-Kinase",2505
"RFC1","Non-Kinase",2506
"RFWD3","Non-Kinase",2507
"RFX1","Non-Kinase",2508
"RGCC","Non-Kinase",2509
"RGPD3","Non-Kinase",2510
"RGPD4","Non-Kinase",2511
"RGPD5","Non-Kinase",2512
"RGPD8","Non-Kinase",2513
"RGS10","Non-Kinase",2514
"RGS13","Non-Kinase",2515
"RGS14","Non-Kinase",2516
"RGS16","Non-Kinase",2517
"RGS18","Non-Kinase",2518
"RGS19","Non-Kinase",2519
"RGS2","Non-Kinase",2520
"RGS7","Non-Kinase",2521
"RHBG","Non-Kinase",2522
"RHEB","Non-Kinase",2523
"RHO","Non-Kinase",2524
"RHOA","Non-Kinase",2525
"RHOB","Non-Kinase",2526
"RHOT1","Non-Kinase",2527
"RHOU","Non-Kinase",2528
"RICTOR","Non-Kinase",2529
"RIF1","Non-Kinase",2530
"RIGI","Non-Kinase",2531
"RIMS1","Non-Kinase",2532
"RIN1","Non-Kinase",2533
"RIOK1","Non-Kinase",2534
"RIOK2","Non-Kinase",2535
"RIOK3","ATYPICAL",2536
"RIPK1","TKL",2537
"RIPK2","TKL",2538
"RIPK3","TKL",2539
"RIPK4","TKL",2540
"RIPOR1","Non-Kinase",2541
"RIT1","Non-Kinase",2542
"RMDN3","Non-Kinase",2543
"RMI2","Non-Kinase",2544
"RNASEL","OTHER",2545
"RND3","Non-Kinase",2546
"RNF11","Non-Kinase",2547
"RNF138","Non-Kinase",2548
"RNF20","Non-Kinase",2549
"RNF4","Non-Kinase",2550
"RNF40","Non-Kinase",2551
"RNF41","Non-Kinase",2552
"RNF7","Non-Kinase",2553
"RNMT","Non-Kinase",2554
"RNPS1","Non-Kinase",2555
"ROBO1","Non-Kinase",2556
"ROBO3","Non-Kinase",2557
"ROCK1","AGC",2558
"ROCK2","AGC",2559
"ROR1","TK",2560
"ROR2","TK",2561
"RORA","Non-Kinase",2562
"RORC","Non-Kinase",2563
"ROS1","TK",2564
"RP9","Non-Kinase",2565
"RPA2","Non-Kinase",2566
"RPAP3","Non-Kinase",2567
"RPL10","Non-Kinase",2568
"RPL11","Non-Kinase",2569
"RPL12","Non-Kinase",2570
"RPL13","Non-Kinase",2571
"RPL13A","Non-Kinase",2572
"RPL19","Non-Kinase",2573
"RPL21","Non-Kinase",2574
"RPL7A","Non-Kinase",2575
"RPL8","Non-Kinase",2576
"RPLP2","Non-Kinase",2577
"RPRD1B","Non-Kinase",2578
"RPS10","Non-Kinase",2579
"RPS11","Non-Kinase",2580
"RPS15","Non-Kinase",2581
"RPS19","Non-Kinase",2582
"RPS27","Non-Kinase",2583
"RPS27L","Non-Kinase",2584
"RPS3","Non-Kinase",2585
"RPS3A","Non-Kinase",2586
"RPS6","Non-Kinase",2587
"RPS6KA1","AGC",2588
"RPS6KA2","AGC",2589
"RPS6KA3","AGC",2590
"RPS6KA4","AGC",2591
"RPS6KA5","AGC",2592
"RPS6KA6","AGC",2593
"RPS6KB1","AGC",2594
"RPS6KB2","AGC",2595
"RPS6KC1","AGC",2596
"RPS6KL1","AGC",2597
"RPTOR","Non-Kinase",2598
"RRAD","Non-Kinase",2599
"RRAGC","Non-Kinase",2600
"RRAS","Non-Kinase",2601
"RRAS2","Non-Kinase",2602
"RRM1","Non-Kinase",2603
"RRM2","Non-Kinase",2604
"RRM2B","Non-Kinase",2605
"RRN3","Non-Kinase",2606
"RRP12","Non-Kinase",2607
"RSC1A1","Non-Kinase",2608
"RSF1","Non-Kinase",2609
"RSL1D1","Non-Kinase",2610
"RSPH3","Non-Kinase",2611
"RTCB","Non-Kinase",2612
"RTKN","Non-Kinase",2613
"RTN4","Non-Kinase",2614
"RUBCNL","Non-Kinase",2615
"RUFY1","Non-Kinase",2616
"RUNX1","Non-Kinase",2617
"RUNX2","Non-Kinase",2618
"RUNX3","Non-Kinase",2619
"RUVBL1","Non-Kinase",2620
"RXRA","Non-Kinase",2621
"RYK","TK",2622
"RYR1","Non-Kinase",2623
"RYR2","Non-Kinase",2624
"S100A9","Non-Kinase",2625
"S1PR1","Non-Kinase",2626
"SAFB2","Non-Kinase",2627
"SAMHD1","Non-Kinase",2628
"SARM1","Non-Kinase",2629
"SARS1","Non-Kinase",2630
"SASH1","Non-Kinase",2631
"SAT1","Non-Kinase",2632
"SATB1","Non-Kinase",2633
"SAV1","Non-Kinase",2634
"SBK1","OTHER",2635
"SBK2","OTHER",2636
"SBK3","OTHER",2637
"SCAF11","Non-Kinase",2638
"SCAMP1","Non-Kinase",2639
"SCAMP3","Non-Kinase",2640
"SCD","Non-Kinase",2641
"SCML2","Non-Kinase",2642
"SCN10A","Non-Kinase",2643
"SCN5A","Non-Kinase",2644
"SCN8A","Non-Kinase",2645
"SCN9A","Non-Kinase",2646
"SCNN1B","Non-Kinase",2647
"SCNN1G","Non-Kinase",2648
"SCRIB","Non-Kinase",2649
"SCYL1","OTHER",2650
"SCYL2","OTHER",2651
"SCYL3","OTHER",2652
"SDC1","Non-Kinase",2653
"SDC2","Non-Kinase",2654
"SDC3","Non-Kinase",2655
"SDC4","Non-Kinase",2656
"SDCBP","Non-Kinase",2657
"SDHA","Non-Kinase",2658
"SEC14L2","Non-Kinase",2659
"SEC16A","Non-Kinase",2660
"SEC23A","Non-Kinase",2661
"SEC23B","Non-Kinase",2662
"SEC63","Non-Kinase",2663
"SECISBP2L","Non-Kinase",2664
"SENP1","Non-Kinase",2665
"SENP2","Non-Kinase",2666
"SENP3","Non-Kinase",2667
"SEPTIN1","Non-Kinase",2668
"SEPTIN12","Non-Kinase",2669
"SEPTIN2","Non-Kinase",2670
"SEPTIN3","Non-Kinase",2671
"SEPTIN5","Non-Kinase",2672
"SEPTIN7","Non-Kinase",2673
"SEPTIN8","Non-Kinase",2674
"SEPTIN9","Non-Kinase",2675
"SERINC3","Non-Kinase",2676
"SERINC5","Non-Kinase",2677
"SERPINF1","Non-Kinase",2678
"SESN2","Non-Kinase",2679
"SET","Non-Kinase",2680
"SETDB1","Non-Kinase",2681
"SETMAR","Non-Kinase",2682
"SF1","Non-Kinase",2683
"SF3B1","Non-Kinase",2684
"SF3B2","Non-Kinase",2685
"SFN","Non-Kinase",2686
"SFPQ","Non-Kinase",2687
"SGK1","AGC",2688
"SGK2","AGC",2689
"SGK223","OTHER",2690
"SGK3","AGC",2691
"SGK494","AGC",2692
"SGO1","Non-Kinase",2693
"SH2B1","Non-Kinase",2694
"SH2B2","Non-Kinase",2695
"SH2B3","Non-Kinase",2696
"SH2D2A","Non-Kinase",2697
"SH2D4A","Non-Kinase",2698
"SH3BP2","Non-Kinase",2699
"SH3BP4","Non-Kinase",2700
"SH3BP5","Non-Kinase",2701
"SH3GL1","Non-Kinase",2702
"SH3GL2","Non-Kinase",2703
"SH3GLB1","Non-Kinase",2704
"SH3PXD2B","Non-Kinase",2705
"SH3RF1","Non-Kinase",2706
"SHARPIN","Non-Kinase",2707
"SHC1","Non-Kinase",2708
"SHC3","Non-Kinase",2709
"SHC4","Non-Kinase",2710
"SHCBP1","Non-Kinase",2711
"SHOC2","Non-Kinase",2712
"SHOX","Non-Kinase",2713
"SI","Non-Kinase",2714
"SIAH1","Non-Kinase",2715
"SIAH2","Non-Kinase",2716
"SIGIRR","Non-Kinase",2717
"SIGLEC10","Non-Kinase",2718
"SIK1","CAMK",2719
"SIK2","CAMK",2720
"SIK3","CAMK",2721
"SIKE1","Non-Kinase",2722
"SIM2","Non-Kinase",2723
"SIN3A","Non-Kinase",2724
"SIPA1L1","Non-Kinase",2725
"SIRPA","Non-Kinase",2726
"SIRT1","Non-Kinase",2727
"SIRT2","Non-Kinase",2728
"SIRT3","Non-Kinase",2729
"SIRT6","Non-Kinase",2730
"SIRT7","Non-Kinase",2731
"SIVA1","Non-Kinase",2732
"SKA3","Non-Kinase",2733
"SKAP1","Non-Kinase",2734
"SKI","Non-Kinase",2735
"SKP2","Non-Kinase",2736
"SLA","Non-Kinase",2737
"SLAIN2","Non-Kinase",2738
"SLAMF1","Non-Kinase",2739
"SLBP","Non-Kinase",2740
"SLC11A1","Non-Kinase",2741
"SLC12A1","Non-Kinase",2742
"SLC12A2","Non-Kinase",2743
"SLC12A3","Non-Kinase",2744
"SLC12A4","Non-Kinase",2745
"SLC12A5","Non-Kinase",2746
"SLC12A6","Non-Kinase",2747
"SLC12A7","Non-Kinase",2748
"SLC18A2","Non-Kinase",2749
"SLC1A3","Non-Kinase",2750
"SLC25A4","Non-Kinase",2751
"SLC25A5","Non-Kinase",2752
"SLC26A4","Non-Kinase",2753
"SLC29A1","Non-Kinase",2754
"SLC2A1","Non-Kinase",2755
"SLC2A2","Non-Kinase",2756
"SLC2A4","Non-Kinase",2757
"SLC3A2","Non-Kinase",2758
"SLC4A1","Non-Kinase",2759
"SLC4A3","Non-Kinase",2760
"SLC4A4","Non-Kinase",2761
"SLC6A2","Non-Kinase",2762
"SLC6A3","Non-Kinase",2763
"SLC6A4","Non-Kinase",2764
"SLC6A9","Non-Kinase",2765
"SLC7A11","Non-Kinase",2766
"SLC8B1","Non-Kinase",2767
"SLC9A1","Non-Kinase",2768
"SLC9A3","Non-Kinase",2769
"SLC9A3R1","Non-Kinase",2770
"SLC9A3R2","Non-Kinase",2771
"SLC9A5","Non-Kinase",2772
"SLCO1B1","Non-Kinase",2773
"SLITRK1","Non-Kinase",2774
"SLK","STE",2775
"SLN","Non-Kinase",2776
"SLTM","Non-Kinase",2777
"SLX4","Non-Kinase",2778
"SLX9","Non-Kinase",2779
"SMAD1","Non-Kinase",2780
"SMAD2","Non-Kinase",2781
"SMAD3","Non-Kinase",2782
"SMAD4","Non-Kinase",2783
"SMAD6","Non-Kinase",2784
"SMAD7","Non-Kinase",2785
"SMAD9","Non-Kinase",2786
"SMARCA4","Non-Kinase",2787
"SMARCAL1","Non-Kinase",2788
"SMARCC2","Non-Kinase",2789
"SMARCD3","Non-Kinase",2790
"SMC1A","Non-Kinase",2791
"SMC3","Non-Kinase",2792
"SMCR8","Non-Kinase",2793
"SMG1","ATYPICAL",2794
"SMN1","Non-Kinase",2795
"SMPD1","Non-Kinase",2796
"SMTN","Non-Kinase",2797
"SMURF2","Non-Kinase",2798
"SNAI1","Non-Kinase",2799
"SNAI2","Non-Kinase",2800
"SNAP23","Non-Kinase",2801
"SNAP25","Non-Kinase",2802
"SNAP29","Non-Kinase",2803
"SNAPIN","Non-Kinase",2804
"SNCA","Non-Kinase",2805
"SNCAIP","Non-Kinase",2806
"SNCB","Non-Kinase",2807
"SNCG","Non-Kinase",2808
"SND1","Non-Kinase",2809
"SNED1","Non-Kinase",2810
"SNPH","Non-Kinase",2811
"SNRK","Non-Kinase",2812
"SNRNP70","Non-Kinase",2813
"SNTA1","Non-Kinase",2814
"SNW1","Non-Kinase",2815
"SNX17","Non-Kinase",2816
"SNX2","Non-Kinase",2817
"SNX27","Non-Kinase",2818
"SNX8","Non-Kinase",2819
"SNX9","Non-Kinase",2820
"SOCS1","Non-Kinase",2821
"SOCS3","Non-Kinase",2822
"SOD1","Non-Kinase",2823
"SOD2","Non-Kinase",2824
"SON","Non-Kinase",2825
"SORBS1","Non-Kinase",2826
"SORBS2","Non-Kinase",2827
"SORBS3","Non-Kinase",2828
"SORL1","Non-Kinase",2829
"SORT1","Non-Kinase",2830
"SOS1","Non-Kinase",2831
"SOX2","Non-Kinase",2832
"SOX8","Non-Kinase",2833
"SOX9","Non-Kinase",2834
"SP1","Non-Kinase",2835
"SP3","Non-Kinase",2836
"SP7","Non-Kinase",2837
"SPAG1","Non-Kinase",2838
"SPAG5","Non-Kinase",2839
"SPAG9","Non-Kinase",2840
"SPAST","Non-Kinase",2841
"SPDEF","Non-Kinase",2842
"SPDL1","Non-Kinase",2843
"SPEG","CAMK",2844
"SPEN","Non-Kinase",2845
"SPHK1","Non-Kinase",2846
"SPHK2","Non-Kinase",2847
"SPI1","Non-Kinase",2848
"SPIB","Non-Kinase",2849
"SPIN1","Non-Kinase",2850
"SPN","Non-Kinase",2851
"SPOP","Non-Kinase",2852
"SPP1","Non-Kinase",2853
"SPR","Non-Kinase",2854
"SPRED1","Non-Kinase",2855
"SPRY2","Non-Kinase",2856
"SPSB1","Non-Kinase",2857
"SPTAN1","Non-Kinase",2858
"SPTBN1","Non-Kinase",2859
"SPTBN4","Non-Kinase",2860
"SPTLC1","Non-Kinase",2861
"SQSTM1","Non-Kinase",2862
"SRC","TK",2863
"SRCIN1","Non-Kinase",2864
"SREBF1","Non-Kinase",2865
"SREBF2","Non-Kinase",2866
"SRF","Non-Kinase",2867
"SRI","Non-Kinase",2868
"SRMS","TK",2869
"SRPK1","CMGC",2870
"SRPK2","CMGC",2871
"SRPK3","CMGC",2872
"SRRM1","Non-Kinase",2873
"SRRM2","Non-Kinase",2874
"SRRT","Non-Kinase",2875
"SRSF1","Non-Kinase",2876
"SRSF11","Non-Kinase",2877
"SRSF2","Non-Kinase",2878
"SRSF3","Non-Kinase",2879
"SRSF5","Non-Kinase",2880
"SRSF9","Non-Kinase",2881
"SSB","Non-Kinase",2882
"SSBP1","Non-Kinase",2883
"SSBP3","Non-Kinase",2884
"SSH1","Non-Kinase",2885
"SSH3","Non-Kinase",2886
"SSR1","Non-Kinase",2887
"SSRP1","Non-Kinase",2888
"SSTR2","Non-Kinase",2889
"SSTR5","Non-Kinase",2890
"SSU72","Non-Kinase",2891
"ST13","Non-Kinase",2892
"STAM2","Non-Kinase",2893
"STAMBP","Non-Kinase",2894
"STAP2","Non-Kinase",2895
"STAR","Non-Kinase",2896
"STARD10","Non-Kinase",2897
"STAT1","Non-Kinase",2898
"STAT2","Non-Kinase",2899
"STAT3","Non-Kinase",2900
"STAT4","Non-Kinase",2901
"STAT5A","Non-Kinase",2902
"STAT5B","Non-Kinase",2903
"STAT6","Non-Kinase",2904
"STBD1","Non-Kinase",2905
"STC2","Non-Kinase",2906
"STIL","Non-Kinase",2907
"STIM1","Non-Kinase",2908
"STING1","Non-Kinase",2909
"STIP1","Non-Kinase",2910
"STK10","STE",2911
"STK11","CAMK",2912
"STK16","OTHER",2913
"STK17A","CAMK",2914
"STK17B","CAMK",2915
"STK19","ATYPICAL",2916
"STK24","STE",2917
"STK25","STE",2918
"STK26","STE",2919
"STK3","STE",2920
"STK31","OTHER",2921
"STK32A","AGC",2922
"STK32B","AGC",2923
"STK32C","AGC",2924
"STK33","CAMK",2925
"STK35","OTHER",2926
"STK36","OTHER",2927
"STK38","AGC",2928
"STK38L","AGC",2929
"STK39","STE",2930
"STK4","STE",2931
"STK40","CAMK",2932
"STKLD1","OTHER",2933
"STMN1","Non-Kinase",2934
"STMN2","Non-Kinase",2935
"STMN3","Non-Kinase",2936
"STOM","Non-Kinase",2937
"STOML2","Non-Kinase",2938
"STRADA","Non-Kinase",2939
"STRAP","Non-Kinase",2940
"STX17","Non-Kinase",2941
"STX1A","Non-Kinase",2942
"STXBP1","Non-Kinase",2943
"STXBP2","Non-Kinase",2944
"STXBP4","Non-Kinase",2945
"STYK1","TK",2946
"SUB1","Non-Kinase",2947
"SUDS3","Non-Kinase",2948
"SUFU","Non-Kinase",2949
"SUGP2","Non-Kinase",2950
"SUGT1","Non-Kinase",2951
"SULT4A1","Non-Kinase",2952
"SUN1","Non-Kinase",2953
"SUN2","Non-Kinase",2954
"SUPT16H","Non-Kinase",2955
"SUPT5H","Non-Kinase",2956
"SUPT6H","Non-Kinase",2957
"SUPV3L1","Non-Kinase",2958
"SUV39H1","Non-Kinase",2959
"SUZ12","Non-Kinase",2960
"SV2A","Non-Kinase",2961
"SVIL","Non-Kinase",2962
"SYK","TK",2963
"SYMPK","Non-Kinase",2964
"SYN1","Non-Kinase",2965
"SYN2","Non-Kinase",2966
"SYN3","Non-Kinase",2967
"SYNCRIP","Non-Kinase",2968
"SYNGAP1","Non-Kinase",2969
"SYNJ2","Non-Kinase",2970
"SYT2","Non-Kinase",2971
"SYT4","Non-Kinase",2972
"SYT6","Non-Kinase",2973
"SYTL1","Non-Kinase",2974
"TAB1","Non-Kinase",2975
"TAB3","Non-Kinase",2976
"TACC1","Non-Kinase",2977
"TACC3","Non-Kinase",2978
"TACSTD2","Non-Kinase",2979
"TAF1","ATYPICAL",2980
"TAF1L","ATYPICAL",2981
"TAF7","Non-Kinase",2982
"TAGAP","Non-Kinase",2983
"TAGLN","Non-Kinase",2984
"TAGLN2","Non-Kinase",2985
"TAL1","Non-Kinase",2986
"TAL2","Non-Kinase",2987
"TANC1","Non-Kinase",2988
"TANK","Non-Kinase",2989
"TAOK1","STE",2990
"TAOK2","STE",2991
"TAOK3","Non-Kinase",2992
"TARBP2","Non-Kinase",2993
"TARDBP","Non-Kinase",2994
"TAX1BP1","Non-Kinase",2995
"TBC1D1","Non-Kinase",2996
"TBC1D23","Non-Kinase",2997
"TBC1D4","Non-Kinase",2998
"TBC1D7","Non-Kinase",2999
"TBCB","Non-Kinase",3000
"TBCE","Non-Kinase",3001
"TBCK","OTHER",3002
"TBK1","OTHER",3003
"TBL1XR1","Non-Kinase",3004
"TBL2","Non-Kinase",3005
"TBX21","Non-Kinase",3006
"TBX3","Non-Kinase",3007
"TBXA2R","Non-Kinase",3008
"TCAP","Non-Kinase",3009
"TCEAL1","Non-Kinase",3010
"TCF3","Non-Kinase",3011
"TCF4","Non-Kinase",3012
"TCF7L2","Non-Kinase",3013
"TCOF1","Non-Kinase",3014
"TDP1","Non-Kinase",3015
"TDP2","Non-Kinase",3016
"TEC","TK",3017
"TEK","TK",3018
"TELO2","Non-Kinase",3019
"TENT2","Non-Kinase",3020
"TERF1","Non-Kinase",3021
"TERF2","Non-Kinase",3022
"TERF2IP","Non-Kinase",3023
"TERT","Non-Kinase",3024
"TESK1","TKL",3025
"TESK2","TKL",3026
"TET2","Non-Kinase",3027
"TEX14","OTHER",3028
"TFAM","Non-Kinase",3029
"TFAP2A","Non-Kinase",3030
"TFCP2","Non-Kinase",3031
"TFCP2L1","Non-Kinase",3032
"TFDP1","Non-Kinase",3033
"TFE3","Non-Kinase",3034
"TFEB","Non-Kinase",3035
"TFG","Non-Kinase",3036
"TFPI","Non-Kinase",3037
"TFPT","Non-Kinase",3038
"TFRC","Non-Kinase",3039
"TGFB1I1","Non-Kinase",3040
"TGFBR1","TKL",3041
"TGFBR2","TKL",3042
"TGFBR3","Non-Kinase",3043
"TGM2","Non-Kinase",3044
"TGS1","Non-Kinase",3045
"TH","Non-Kinase",3046
"THEMIS","Non-Kinase",3047
"THOC5","Non-Kinase",3048
"THOP1","Non-Kinase",3049
"THRAP3","Non-Kinase",3050
"THRB","Non-Kinase",3051
"TIAM1","Non-Kinase",3052
"TICAM1","Non-Kinase",3053
"TICAM2","Non-Kinase",3054
"TICRR","Non-Kinase",3055
"TIE1","TK",3056
"TIFA","Non-Kinase",3057
"TIGIT","Non-Kinase",3058
"TIMP2","Non-Kinase",3059
"TINF2","Non-Kinase",3060
"TIRAP","Non-Kinase",3061
"TK1","Non-Kinase",3062
"TKT","Non-Kinase",3063
"TLE1","Non-Kinase",3064
"TLK1","OTHER",3065
"TLK2","OTHER",3066
"TLN1","Non-Kinase",3067
"TLR3","Non-Kinase",3068
"TLR4","Non-Kinase",3069
"TLR5","Non-Kinase",3070
"TMIGD2","Non-Kinase",3071
"TMOD1","Non-Kinase",3072
"TMPO","Non-Kinase",3073
"TNF","Non-Kinase",3074
"TNFAIP1","Non-Kinase",3075
"TNFAIP3","Non-Kinase",3076
"TNFAIP8L2","Non-Kinase",3077
"TNFRSF1A","Non-Kinase",3078
"TNIK","STE",3079
"TNK1","TK",3080
"TNK2","TK",3081
"TNKS","Non-Kinase",3082
"TNKS1BP1","Non-Kinase",3083
"TNNI3","Non-Kinase",3084
"TNNT2","Non-Kinase",3085
"TNRC18","Non-Kinase",3086
"TNS3","Non-Kinase",3087
"TOB1","Non-Kinase",3088
"TOB2","Non-Kinase",3089
"TOM1L1","Non-Kinase",3090
"TOP1","Non-Kinase",3091
"TOP2A","Non-Kinase",3092
"TOP2B","Non-Kinase",3093
"TOPBP1","Non-Kinase",3094
"TOPORS","Non-Kinase",3095
"TOR1AIP1","Non-Kinase",3096
"TP53","Non-Kinase",3097
"TP53BP1","Non-Kinase",3098
"TP53BP2","Non-Kinase",3099
"TP53RK","OTHER",3100
"TP63","Non-Kinase",3101
"TP73","Non-Kinase",3102
"TPD52","Non-Kinase",3103
"TPH1","Non-Kinase",3104
"TPH2","Non-Kinase",3105
"TPI1","Non-Kinase",3106
"TPM1","Non-Kinase",3107
"TPP1","Non-Kinase",3108
"TPPP","Non-Kinase",3109
"TPR","Non-Kinase",3110
"TPT1","Non-Kinase",3111
"TPX2","Non-Kinase",3112
"TRAF1","Non-Kinase",3113
"TRAF2","Non-Kinase",3114
"TRAF3","Non-Kinase",3115
"TRAF3IP2","Non-Kinase",3116
"TRAF4","Non-Kinase",3117
"TRAF6","Non-Kinase",3118
"TRAP1","Non-Kinase",3119
"TRIB1","CAMK",3120
"TRIB2","CAMK",3121
"TRIB3","CAMK",3122
"TRIM24","ATYPICAL",3123
"TRIM25","Non-Kinase",3124
"TRIM28","ATYPICAL",3125
"TRIM29","Non-Kinase",3126
"TRIM32","Non-Kinase",3127
"TRIM33","ATYPICAL",3128
"TRIM56","Non-Kinase",3129
"TRIM59","Non-Kinase",3130
"TRIM66","ATYPICAL",3131
"TRIM71","Non-Kinase",3132
"TRIM9","Non-Kinase",3133
"TRIO","CAMK",3134
"TRIOBP","Non-Kinase",3135
"TRIP10","Non-Kinase",3136
"TRIP12","Non-Kinase",3137
"TRIP13","Non-Kinase",3138
"TRIP6","Non-Kinase",3139
"TRPA1","Non-Kinase",3140
"TRPC1","Non-Kinase",3141
"TRPC3","Non-Kinase",3142
"TRPC4","Non-Kinase",3143
"TRPC5","Non-Kinase",3144
"TRPC6","Non-Kinase",3145
"TRPC7","Non-Kinase",3146
"TRPM2","Non-Kinase",3147
"TRPM4","Non-Kinase",3148
"TRPM6","ATYPICAL",3149
"TRPM7","ATYPICAL",3150
"TRPM8","Non-Kinase",3151
"TRPV1","Non-Kinase",3152
"TRPV3","Non-Kinase",3153
"TRPV4","Non-Kinase",3154
"TRPV5","Non-Kinase",3155
"TRPV6","Non-Kinase",3156
"TSC1","Non-Kinase",3157
"TSC2","Non-Kinase",3158
"TSPY1","Non-Kinase",3159
"TSPYL2","Non-Kinase",3160
"TSPYL5","Non-Kinase",3161
"TSR1","Non-Kinase",3162
"TSSK1B","CAMK",3163
"TSSK2","CAMK",3164
"TSSK3","CAMK",3165
"TSSK4","CAMK",3166
"TSSK6","CAMK",3167
"TTBK1","CK1",3168
"TTBK2","CK1",3169
"TTC3","Non-Kinase",3170
"TTC5","Non-Kinase",3171
"TTI1","Non-Kinase",3172
"TTK","OTHER",3173
"TTLL4","Non-Kinase",3174
"TTN","CAMK",3175
"TUBA1A","Non-Kinase",3176
"TUBA1B","Non-Kinase",3177
"TUBA1C","Non-Kinase",3178
"TUBA4A","Non-Kinase",3179
"TUBB","Non-Kinase",3180
"TUBB2A","Non-Kinase",3181
"TUBB3","Non-Kinase",3182
"TUBG1","Non-Kinase",3183
"TUBG2","Non-Kinase",3184
"TUBGCP6","Non-Kinase",3185
"TUFM","Non-Kinase",3186
"TUT1","Non-Kinase",3187
"TWIST1","Non-Kinase",3188
"TXK","TK",3189
"TXN","Non-Kinase",3190
"TXNIP","Non-Kinase",3191
"TYK2","TK",3192
"TYMS","Non-Kinase",3193
"TYR","Non-Kinase",3194
"TYRO3","TK",3195
"TYROBP","Non-Kinase",3196
"U2AF2","Non-Kinase",3197
"UBA1","Non-Kinase",3198
"UBAP2L","Non-Kinase",3199
"UBC","Non-Kinase",3200
"UBE2A","Non-Kinase",3201
"UBE2I","Non-Kinase",3202
"UBE2J1","Non-Kinase",3203
"UBE2O","Non-Kinase",3204
"UBE2R2","Non-Kinase",3205
"UBE2S","Non-Kinase",3206
"UBE3A","Non-Kinase",3207
"UBQLN4","Non-Kinase",3208
"UBR4","Non-Kinase",3209
"UBR5","Non-Kinase",3210
"UBTF","Non-Kinase",3211
"UBXN1","Non-Kinase",3212
"UBXN2B","Non-Kinase",3213
"UCHL3","Non-Kinase",3214
"UFD1","Non-Kinase",3215
"UFL1","Non-Kinase",3216
"UGDH","Non-Kinase",3217
"UGT1A3","Non-Kinase",3218
"UGT1A7","Non-Kinase",3219
"UGT2B7","Non-Kinase",3220
"UHMK1","OTHER",3221
"UHRF1","Non-Kinase",3222
"UIMC1","Non-Kinase",3223
"ULK1","OTHER",3224
"ULK2","OTHER",3225
"ULK3","OTHER",3226
"ULK4","OTHER",3227
"UNC5B","Non-Kinase",3228
"UNG","Non-Kinase",3229
"UPF1","Non-Kinase",3230
"URI1","Non-Kinase",3231
"USF1","Non-Kinase",3232
"USF2","Non-Kinase",3233
"USP1","Non-Kinase",3234
"USP10","Non-Kinase",3235
"USP13","Non-Kinase",3236
"USP14","Non-Kinase",3237
"USP15","Non-Kinase",3238
"USP16","Non-Kinase",3239
"USP2","Non-Kinase",3240
"USP20","Non-Kinase",3241
"USP21","Non-Kinase",3242
"USP24","Non-Kinase",3243
"USP25","Non-Kinase",3244
"USP28","Non-Kinase",3245
"USP34","Non-Kinase",3246
"USP35","Non-Kinase",3247
"USP37","Non-Kinase",3248
"USP4","Non-Kinase",3249
"USP7","Non-Kinase",3250
"USP8","Non-Kinase",3251
"USP9X","Non-Kinase",3252
"UTP3","Non-Kinase",3253
"UTRN","Non-Kinase",3254
"UVRAG","Non-Kinase",3255
"VAMP4","Non-Kinase",3256
"VAMP7","Non-Kinase",3257
"VASP","Non-Kinase",3258
"VAV1","Non-Kinase",3259
"VAV2","Non-Kinase",3260
"VAV3","Non-Kinase",3261
"VCL","Non-Kinase",3262
"VCP","Non-Kinase",3263
"VCPIP1","Non-Kinase",3264
"VDAC1","Non-Kinase",3265
"VDAC2","Non-Kinase",3266
"VDR","Non-Kinase",3267
"VGLL1","Non-Kinase",3268
"VGLL4","Non-Kinase",3269
"VHL","Non-Kinase",3270
"VIL1","Non-Kinase",3271
"VIM","Non-Kinase",3272
"VIPAS39","Non-Kinase",3273
"VIRMA","Non-Kinase",3274
"VPS72","Non-Kinase",3275
"VRK1","CK1",3276
"VRK2","CK1",3277
"VRK3","CK1",3278
"VTN","Non-Kinase",3279
"WAC","Non-Kinase",3280
"WAS","Non-Kinase",3281
"WASF1","Non-Kinase",3282
"WASF2","Non-Kinase",3283
"WASF3","Non-Kinase",3284
"WASHC2A","Non-Kinase",3285
"WASL","Non-Kinase",3286
"WBP2","Non-Kinase",3287
"WDCP","Non-Kinase",3288
"WDHD1","Non-Kinase",3289
"WDR5","Non-Kinase",3290
"WDR62","Non-Kinase",3291
"WDR77","Non-Kinase",3292
"WEE1","OTHER",3293
"WEE2","OTHER",3294
"WIPF1","Non-Kinase",3295
"WIZ","Non-Kinase",3296
"WNK1","OTHER",3297
"WNK2","OTHER",3298
"WNK3","OTHER",3299
"WNK4","OTHER",3300
"WRAP53","Non-Kinase",3301
"WRN","Non-Kinase",3302
"WT1","Non-Kinase",3303
"WTAP","Non-Kinase",3304
"WWC1","Non-Kinase",3305
"WWOX","Non-Kinase",3306
"WWTR1","Non-Kinase",3307
"XBP1","Non-Kinase",3308
"XDH","Non-Kinase",3309
"XIAP","Non-Kinase",3310
"XK","Non-Kinase",3311
"XPA","Non-Kinase",3312
"XPC","Non-Kinase",3313
"XPO1","Non-Kinase",3314
"XPO5","Non-Kinase",3315
"XRCC1","Non-Kinase",3316
"XRCC2","Non-Kinase",3317
"XRCC3","Non-Kinase",3318
"XRCC4","Non-Kinase",3319
"XRCC5","Non-Kinase",3320
"XRCC6","Non-Kinase",3321
"XRN2","Non-Kinase",3322
"YAP1","Non-Kinase",3323
"YBX1","Non-Kinase",3324
"YBX2","Non-Kinase",3325
"YBX3","Non-Kinase",3326
"YES1","TK",3327
"YKT6","Non-Kinase",3328
"YLPM1","Non-Kinase",3329
"YTHDF2","Non-Kinase",3330
"YWHAB","Non-Kinase",3331
"YWHAE","Non-Kinase",3332
"YWHAG","Non-Kinase",3333
"YWHAH","Non-Kinase",3334
"YWHAQ","Non-Kinase",3335
"YWHAZ","Non-Kinase",3336
"YY1","Non-Kinase",3337
"ZAK","TKL",3338
"ZAP70","TK",3339
"ZBTB11","Non-Kinase",3340
"ZBTB16","Non-Kinase",3341
"ZBTB2","Non-Kinase",3342
"ZBTB4","Non-Kinase",3343
"ZC3H11A","Non-Kinase",3344
"ZC3H14","Non-Kinase",3345
"ZC3H18","Non-Kinase",3346
"ZC3H4","Non-Kinase",3347
"ZC3H8","Non-Kinase",3348
"ZC3HC1","Non-Kinase",3349
"ZDHHC13","Non-Kinase",3350
"ZEB1","Non-Kinase",3351
"ZFP36","Non-Kinase",3352
"ZFP36L1","Non-Kinase",3353
"ZFP64","Non-Kinase",3354
"ZFYVE19","Non-Kinase",3355
"ZFYVE28","Non-Kinase",3356
"ZHX1","Non-Kinase",3357
"ZKSCAN8","Non-Kinase",3358
"ZMYM2","Non-Kinase",3359
"ZMYM3","Non-Kinase",3360
"ZNF148","Non-Kinase",3361
"ZNF207","Non-Kinase",3362
"ZNF239","Non-Kinase",3363
"ZNF281","Non-Kinase",3364
"ZNF322","Non-Kinase",3365
"ZNF395","Non-Kinase",3366
"ZNF420","Non-Kinase",3367
"ZNF592","Non-Kinase",3368
"ZNF609","Non-Kinase",3369
"ZNF622","Non-Kinase",3370
"ZNF638","Non-Kinase",3371
"ZNF692","Non-Kinase",3372
"ZNF746","Non-Kinase",3373
"ZNF768","Non-Kinase",3374
"ZNHIT1","Non-Kinase",3375
"ZNRF2","Non-Kinase",3376
"ZRANB1","Non-Kinase",3377
"ZSCAN5A","Non-Kinase",3378
"ZWINT","Non-Kinase",3379
"ZYX","Non-Kinase",3380
