Term,Category,Genes
Pathways in cancer,Human Diseases,PLCB3 IKBKB IL2RB STAT5B JUN PIK3R1 FOS BAD MAPK3 RASGRP3 MTOR CSF2RB STAT2 CDC42 NRAS EP300 TRAF2 DCC LRP6 RASGRP1 PRKACA HSP90AA1 ELK1 DAPK1 LEF1 TGFBR1 ITGB1 AR CREBBP ABL1 FGFR3 CCND1 RET HSP90B1 CEBPA HES5 DVL2 ARAF RAF1 AGTR1 NOS2 EPOR APC PIK3R3 SPI1 PTGS2 NFKB2 MAP2K2 RALBP1 PRKACG ARNT NFKB1 CRK PLCG1 DAPK2 CTBP2 CSF1R CCND2 SP1 RALB EPAS1 SMAD2 CDK4 PIM1 GNAI2 STK4 RAC1 JUP GSTA4 PPARG GLI2 RAD51 BAX PTK2 NTRK1 HSP90AB1 IFNAR1 CAMK2B TFG FH CALM2 BCL2L1 IGF1R FZD6 ETS1 APAF1 KIT CASP9 PDGFRA BAK1 CBL GNA13 MLH1 PRKCA APPL1 SMAD4 E2F1 STAT1 CAMK2D MYC CALM3 TRAF4 CCND3 VHL TRAF1 MAPK1 ROCK1 AKT2 FLT4 CDK2 KEAP1 STAT5A RPS6KA5 AXIN2 PRKCG RELA RPS6KB1 SMAD3 BID IFNGR1 CDKN2A CAMK2A STAT6 MMP2 IL6ST TRAF3 MECOM ADCY6 CAMK2G NKX3-1 JAK1 RB1 ADCY3 EGLN1 GSK3B BRCA2 CCNE1 MAP2K1 FGFR1 NOTCH1 STAT4 AKT3 MET STAT3 CTNNA1 TRAF6 CASP7 PTEN DAPK3 MAPK9 RHOA SUFU PLD1 ESR1 RARA CYCS JAK2 RASSF1 CTBP1 PAX8 CASP3 CALM1 GSTP1 EDNRA GNAI1 MITF BDKRB2 AXIN1 TERT NCOA3 RALA RPS6KB2 E2F3 NFE2L2 FADD NFKBIA PML HDAC1 PMAIP1 NCOA1 MAX TPR CDKN1B RASGRP2 ROCK2 SOS1 BBC3 FOXO1 IKBKG PLCG2 DVL1 GLI1 EGLN2 IL15RA HDAC2 FZD3 TP53 CDH1 MDM2 ARHGEF1 ESR2 HMOX1 TCF7L2 FGFR4 PRKCB CTNNB1 IL2RA EML4 RXRA FGFR2 TGFBR2 FGF2 HIF1A BRAF FRAT1 PDGFRB BIRC5 BCR FGF1 BCL2L11 SLC2A1 ZBTB16 HRAS PRKACB MAPK8 XIAP COL4A3 FLT3 NOTCH2 PPARD RUNX1 FN1 PLCB1 GLI3 LAMC1 BCL2 PTGER4 GRB2 CDKN1A ITGA2 AKT1 SKP2 HES1 CXCR4 CSF3R PLD2 CRKL MAPK10 KRAS DVL3 CCNA2 CHUK CASP8 CCDC6 NQO1 JAK3 ERBB2 PIM2 CDK6 ALK EGFR
MAPK signaling pathway,Environmental Information Processing,MAP3K1 ARRB2 JUND MAPK11 IKBKB JUN FOS MAP2K5 DUSP10 MAP3K5 RASGRP3 MAPK3 HSPA1A ELK4 NF1 CDC42 NRAS TRAF2 MAP2K3 RASGRP1 PRKACA IRAK4 RPS6KA4 RPS6KA1 ELK1 MAPT CACNA1B TGFBR1 TNF RASGRF1 DUSP3 MAP4K1 FGFR3 ARAF RAF1 FLNC MKNK1 DAXX TEK TAOK1 PAK2 NFKB2 CACNA1D MAP2K2 PPP5C PRKACG TAOK2 NFKB1 MAPKAPK3 NLK CRK STK3 MAP2K4 CACNB1 CSF1R MEF2C STK4 RRAS2 RAC1 MAPK7 MAP3K2 RELB MAPK12 NTRK1 PTPN5 MAPK8IP3 IGF1R TNFRSF1A DUSP6 KIT PDGFRA ARRB1 RAP1A MAP3K6 PRKCA MYC MKNK2 DDIT3 INSR DUSP16 MAPK1 MAPK14 AKT2 FLT4 RPS6KA6 RPS6KA5 MAP3K8 PRKCG RELA EPHA2 RASA1 MAPK8IP1 MAPKAPK5 KDR MECOM CACNA1S CACNG2 PTPN7 RRAS NFATC1 MAP2K1 FGFR1 AKT3 MET CDC25B TRAF6 ATF4 MAP3K7 MAPK9 NTRK2 HSPA1L DUSP5 NR4A1 RAP1B CASP3 MAPKAPK2 TAOK3 PAK1 MAP3K13 CACNB2 MAP4K4 RASGRP2 BDNF MAP3K14 SOS1 MAP4K2 IKBKG EGFR TP53 DUSP1 RAPGEF2 FGFR4 PTPRR NGFR PRKCB RASGRF2 MAP3K11 FGFR2 MAP2K6 TGFBR2 FGF2 BRAF FLNA MAP2K7 PDGFRB CACNA1H ERBB4 FGF1 MAP3K12 IRAK1 PPM1B MAP4K3 DUSP4 RPS6KA3 ERBB3 FLT1 PLA2G4A PRKACB HRAS MAPK8 RPS6KA2 FLT3 MAP3K3 ATF2 STMN1 GRB2 AKT1 MAPK13 MAPK10 KRAS SRF CRKL NFATC3 CHUK MAP3K4 TAB1 ERBB2 HSPB1 CACNA1C MAX
Viral carcinogenesis,Human Diseases,STAT5B JUN PIK3R1 H2BC21 EIF2AK2 BAD MAPK3 CDC42 EP300 NRAS TRAF2 HDAC3 PRKACA SND1 PXN CREBBP CCND1 H2BC13 YWHAE PIK3R3 ACTN1 NFKB2 PRKACG NFKB1 UBE3A CHEK1 CCND2 CDC20 H2BC9 SYK CDK4 HDAC4 RAC1 H2BC14 BAX IRF3 DLG1 GSN BAK1 H2BC5 CCND3 IRF7 CREB1 RBPJ TRAF1 MAPK1 CDK2 STAT5A SRC RELA H2BC17 RBL1 GTF2A1L CDKN2A CDK1 CHD4 IL6ST TRAF3 YWHAB JAK1 RB1 REL CCNE1 HDAC5 HNRNPK STAT3 ATF4 H4C1 LYN HDAC8 YWHAG RHOA CDK6 HLA-A YWHAH H2BC3 CASP3 MAPKAPK2 YWHAQ SNW1 HDAC9 GTF2A1 NFKBIA HDAC1 PMAIP1 HLA-B CDKN1B SCRIB IKBKG H2BC12 DDB1 H2BC11 KAT2A HDAC2 TP53 MDM2 CREB3 MAD1L1 H2BC4 YWHAZ KAT2B RBL2 PRKACB HRAS CCR5 HDAC6 ATF2 ACTN4 HDAC7 USP7 GRB2 CDKN1A SKP2 KRAS H2BC15 MRPS18B CCNA2 DDX3X CASP8 JAK3 UBR4 PKM SRF H2BC18
Neurotrophin signaling pathway,Organismal Systems,MAP3K1 IKBKB MAPK11 JUN PIK3R1 IRS1 BAD MAP2K5 MAP3K5 MAPK3 CDC42 NRAS IRAK4 RPS6KA1 NTRK3 ABL1 IRAK3 RAF1 PRKCD YWHAE PIK3R3 MAP2K2 NFKB1 CRK PLCG1 SHC1 RAC1 PTPN11 BAX SHC4 MAPK7 MAPK12 NTRK1 CAMK2B SORT1 CALM2 RAP1A PSEN1 CAMK2D CALM3 RAPGEF1 MAPK1 MAPK14 AKT2 RPS6KA6 RPS6KA5 ARHGDIA RELA TP73 CAMK2A CAMK2G MATK GSK3B MAP2K1 AKT3 SH2B1 TRAF6 IRAK2 ATF4 MAPK9 NTRK2 RHOA RAP1B CALM1 MAPKAPK2 ARHGDIB GAB1 SHC3 SH2B2 CAMK4 NFKBIA KIDINS220 BDNF SOS1 PLCG2 TP53 PSEN2 NGFR SH2B3 BRAF PDPK1 MAP2K7 IRAK1 RPS6KA3 HRAS MAPK8 NFKBIB RPS6KA2 MAP3K3 RIPK2 BCL2 GRB2 AKT1 MAPK13 MAPK10 FOXO3 KRAS CRKL
Hepatitis B,Human Diseases,MAP3K1 IKBKB MAPK11 STAT5B JUN PIK3R1 FOS BAD MAPK3 STAT2 EP300 NRAS MAP2K3 IRAK4 ELK1 TIRAP TGFBR1 TNF CREBBP RAF1 ARAF PIK3R3 MAP2K2 NFKB1 NFATC2 MAP2K4 BAX TYK2 MAPK12 IRF3 IFNAR1 CASP9 PRKCA SMAD4 E2F1 STAT1 MYC IRF7 CREB1 NFATC4 MAPK1 MAPK14 AKT2 CDK2 STAT5A PRKCG SRC RELA IKBKE SMAD3 BID STAT6 TRAF3 YWHAB JAK1 RB1 PCNA CCNE1 PTK2B NFATC1 MAP2K1 AKT3 STAT4 STAT3 TRAF6 ATF4 MAP3K7 MAPK9 CYCS JAK2 TLR3 CASP3 YWHAQ TICAM2 E2F3 FADD NFKBIA TBK1 SOS1 IKBKG DDB1 IFIH1 TP53 PRKCB MAP2K6 TGFBR2 CREB3 BRAF MAP2K7 BIRC5 IRAK1 YWHAZ TICAM1 HRAS MAPK8 MAVS TLR4 ATF2 BCL2 GRB2 CDKN1A AKT1 MAPK13 MAPK10 KRAS NFATC3 CCNA2 DDX3X CHUK CASP8 TAB1 JAK3 APAF1
Shigellosis,Human Diseases,PFN1 PLCB3 SEPTIN8 MAPK11 IKBKB CAPN2 JUN PIK3R1 MAPK3 MYL2 MTOR ATM CDC42 FOXO4 TRAF2 SHARPIN HCLS1 BNIP3 CGAS ITGB1 TNF PXN VCL H3-3A ACTR2 ATG14 PRKCD PIK3R3 SEPTIN12 ACTN1 ARPC1B NFKB1 BCAR1 CBX3 PLCG1 CRK CYTH2 BECN1 CAPN1 SEPTIN7 RAC1 BAX TLN1 PTK2 MAPK12 IRF3 PRKCQ BCL2L1 TNFRSF1A HK2 PIK3C3 ARHGEF2 MALT1 VDAC1 AKT1S1 CYTH1 WASF2 MAPK1 MAPK14 AKT2 ATG5 ROCK1 RPS6KA5 MYL12A SRC GSK3A SEPTIN2 RELA RPS6KB1 WASL H3C15 HK1 H3C1 CASP1 SEPTIN9 GSK3B DIAPH1 AKT3 CD44 TRAF6 SQSTM1 SEPTIN3 MAP3K7 MAPK9 RHOA STING1 CYCS BTRC TIFA CTTN ITPR2 DOCK1 RPS6KB2 NLRC4 PYCARD NFKBIA TBK1 H3-4 MYL12B ROCK2 FOXO1 UBC IKBKG TAB3 ILK ITPR1 PLCG2 TP53 MDM2 WASF1 NLRP3 BCL10 TLR5 PRKCE RRAGC GABARAPL2 RPTOR MYL9 PIK3R4 MAPK8 NFKBIB ELMO2 PLCB1 RIPK2 TLR4 ACTN4 ATG16L1 RIPK1 BCL2 ELMO1 AKT1 MAPK13 MAPK10 FOXO3 CRKL CAST ARPC5 CHUK TAB1 EGFR
MicroRNAs in cancer,Human Diseases,IKBKB PIK3R1 IRS1 MAPK3 MTOR ATM EP300 NRAS FSCN1 CREBBP FGFR3 ABL1 CCND1 BRCA1 RAF1 EZH2 PIK3R3 APC PTGS2 MAP2K2 NFKB1 ABCC1 EZR CRK PLCG1 UBE2I CCND2 PLAU ZEB1 ABCB1 PIM1 SHC1 HDAC4 RDX KIF23 SHC4 MAPK7 SIRT1 HMGA2 DNMT1 PDGFRA BAK1 PRKCA E2F1 BMF MYC MAPK1 ROCK1 RPS6KA5 MDM4 PRKCG CDKN2A CDC25A TP63 BMI1 HDAC5 CCNE1 HNRNPK MAP2K1 NOTCH1 CD44 STAT3 MET CDC25B VIM PTEN ITGB3 CDCA5 RHOA PDCD4 RASSF1 SPRY2 CDC25C CASP3 DNMT3A E2F3 IRS2 HDAC1 CDKN1B SOS1 PLCG2 MCL1 HDAC2 FZD3 TP53 MDM2 TPM1 HMOX1 MARCKS PRKCB PRKCE GLS PAK4 RPTOR PDGFRB BCL2L11 SOCS1 ERBB3 HRAS NOTCH2 STMN1 BCL2 GRB2 CDKN1A KRAS CRKL TRIM71 ERBB2 CDK6 EGFR
Human T-cell leukemia virus 1 infection,Human Diseases,MAP3K1 IKBKB STAT5B IL2RB JUN PIK3R1 BUB1B FOS MAPK3 ELK4 ATM EP300 NRAS BUB3 PRKACA ELK1 TGFBR1 TNF CREBBP CCND1 ZFP36 PIK3R3 SPI1 NFKB2 MAP2K2 PRKACG NFKB1 RANBP3 NFATC2 ITGB2 SLC25A5 CDC26 CHEK1 MAP2K4 CCND2 CDC20 SMAD2 CDK4 CHEK2 BAX TLN1 RELB CANX BCL2L1 DLG1 TNFRSF1A ETS1 RAN SMAD4 E2F1 VDAC1 MYC CDC27 CRTC2 CCND3 ANAPC1 CREB1 NFATC4 MAPK1 AKT2 CDK2 STAT5A RELA SMAD3 MAD2L1 CDKN2A SLC25A4 ADCY6 CD4 CDC23 JAK1 RB1 ADCY3 CCNE1 NFATC1 MAP2K1 AKT3 CRTC3 CD3G PTEN EGR1 ATF4 CRTC1 MAPK9 KAT5 HLA-A TERT E2F3 NFKBIA ANAPC4 HLA-B TCF3 MAP3K14 IKBKG IL15RA KAT2A TP53 LCK IL2RA TGFBR2 PTTG2 CREB3 CD3E MAD1L1 SLC2A1 PTTG1 ESPL1 KAT2B ANAPC7 PRKACB XIAP HRAS MAPK8 CDC16 MAP3K3 ATF2 FOSL1 ATR MSX2 CDKN1A AKT1 MAPK10 KRAS NFATC3 CCNA2 CHUK ETS2 XPO1 JAK3 VDAC2 SRF
Yersinia infection,Human Diseases,IKBKB MAPK11 JUN PIK3R1 FOS MAPK3 CDC42 TRAF2 MAP2K3 IRAK4 RPS6KA1 PKN2 PKN1 ITGB1 TNF PXN ACTR2 PIK3R3 VAV1 ARPC1B MAP2K2 NFKB1 NFATC2 BCAR1 CRK PLCG1 MAP2K4 RAC1 VAV3 LIMK1 PTK2 MAPK12 PIP5K1C BAIAP2 IRF3 ARHGEF7 LAT ZAP70 FYB1 WASF2 MAPK1 MAPK14 ROCK1 AKT2 RPS6KA6 SRC RELA WASL CD4 CASP1 GSK3B PTK2B NFATC1 MAP2K1 AKT3 GIT2 LCP2 TRAF6 WAS MAP3K7 MAPK9 RHOA DOCK1 NLRC4 PYCARD NFKBIA TBK1 ROCK2 IKBKG LCK ARHGEF1 NLRP3 MAP2K6 MAP2K7 IRAK1 RPS6KA3 PIP5K1B FCGR2A MAPK8 RPS6KA2 ELMO2 FN1 TLR4 MEFV ELMO1 VAV2 AKT1 MAPK13 MAPK10 WIPF1 CRKL ARPC5 NFATC3 CHUK TAB1 TICAM1 ITGA4
Insulin signaling pathway,Organismal Systems,IKBKB PIK3R1 IRS1 BAD MAPK3 MTOR PTPRF NRAS PRKACA FLOT1 PHKA1 ELK1 PRKAG1 RPS6 PRKAR2A ARAF RAF1 PTPN1 MKNK1 PIK3R3 MAP2K2 PRKACG CRK SHC1 SHC4 PYGB SORBS1 CALM2 EXOC7 LIPE PPP1R3A HK2 TSC1 CALM3 RAPGEF1 MKNK2 FLOT2 INSR MAPK1 AKT2 PHKG2 IRS4 RPS6KB1 HK1 PDE3B GSK3B PCK1 MAP2K1 AKT3 MAPK9 ACACB PHKG1 TRIP10 GYS2 CALM1 RHEB PYGM SHC3 RPS6KB2 PRKAB1 SH2B2 IRS2 GYS1 SOS1 FOXO1 FBP1 SREBF1 PPP1CA ACACA INPPL1 PRKAR1A EIF4EBP1 PRKAR2B PRKAA1 BRAF PDPK1 RPTOR PRKCI SOCS1 EIF4E TSC2 PRKACB PPP1R3C SLC2A4 MAPK8 HRAS PPP1CC SOCS3 PPARGC1A PRKCZ GRB2 PYGL PRKAA2 AKT1 MAPK10 KRAS CRKL CBLB CBL
Pathways of neurodegeneration,Human Diseases,PLCB3 MAPK11 CAPN2 NOS1 BAD MAPK3 MAP3K5 ATG2B MTOR TUBB2A NRAS TRAF2 MAP2K3 LRP6 UBA1 MAPT CACNA1B HIP1 TNF DCTN6 CAT ATG14 GRIN1 DVL2 CSNK2A1 ARAF RAF1 NOS2 OPTN PSMD1 DAXX KLC1 APC PSMD2 PPIF PTGS2 CACNA1D MCU MAP2K2 PINK1 MFN1 NFKB1 GRIA1 ATG13 ATXN3 NDUFV3 TANK RAB8A SNCA PLCG1 BECN1 GRM5 GRIA2 SLC25A5 NDUFA12 ULK2 RYR1 CDK5 CAPN1 GRIN2C PARK7 RAC1 BAX MAPK12 MAP3K10 CAMK2B SLC6A3 TUBB3 CALM2 SEPTIN5 TNFRSF1A BCL2L1 ATP2A2 FZD6 CASP9 PIK3C3 BAK1 NRBF2 TRAP1 GPX1 PRKCA NDUFV1 PSEN1 FUS VDAC1 CAMK2D CALM3 CHRNA7 DDIT3 PSMC5 PSMD11 MAPK1 KLC2 MAPK14 NDUFV2 GRIN2B AXIN2 PRKCG RELA PRNP TUBA1B NDUFS2 BID HTRA2 CAMK2A SLC25A4 KLC4 CSNK2A2 CSNK1A1 CACNA1S CAMK2G RB1CC1 UBE2J1 GSK3B RAB1A MAP2K1 TUBA1C NEFH NDUFB6 ULK1 APP CSNK2B SQSTM1 CASP7 ATF4 MAPK9 TARDBP CYCS PSMD3 MFN2 PSMA5 AMBRA1 GRIA4 AGER NDUFS4 CASP3 CALM1 ATP5F1C ITPR2 PSMA3 AXIN1 STX1A ATF6 NOX4 FADD ATXN1 GRM1 EIF2AK3 ERN1 TBK1 DLG4 BDNF PSMC4 TRPC3 TUBA1A UBC CSNK1A1L SOD1 ITPR1 PSMA7 DVL1 TUBA4A FZD3 RYR2 SDHA PSEN2 PRKCB SMCR8 CTNNB1 CSNK2A3 PRKN MAP2K6 TUBB GABARAPL2 BRAF MAP2K7 FRAT1 ATG101 NEFL EIF2S1 HRAS GRIN2A PIK3R4 MAPK8 RAB5A PLCB1 DCTN1 KIF5C HTT CSNK1E BCL2 PRPH CDK5R1 XBP1 MAPK13 MAPK10 KRAS DVL3 CASP8 VDAC2 SNCAIP ATXN2L CACNA1C LRRK2 APAF1 VCP
Cellular senescence,Cellular Processes,MAPK11 CAPN2 PIK3R1 MAPK3 MTOR ATM NRAS MAP2K3 IGFBP3 TGFBR1 CCND1 RAF1 PIK3R3 CACNA1D MAP2K2 MCU NFKB1 NFATC2 SLC25A5 CHEK1 CCND2 CAPN1 SMAD2 CDK4 RRAS2 CHEK2 CCNB1 MAPK12 HIPK4 SIRT1 CALM2 ETS1 LIN9 TRAF3IP2 TSC1 E2F1 HIPK3 VDAC1 MYC CALM3 CCND3 HIPK1 NFATC4 MAPK1 GATA4 MAPK14 AKT2 CDK2 RELA SMAD3 RAD50 RBL1 CDKN2A CDC25A CDK1 SLC25A4 MRE11 RAD9A RB1 E2F4 CCNE1 RRAS NFATC1 MAP2K1 AKT3 TRPV4 SQSTM1 PTEN HLA-A BTRC CALM1 MAPKAPK2 RHEB ITPR2 NBN E2F3 FOXM1 HLA-B FOXO1 MYBL2 ITPR1 HIPK2 PPP1CA TP53 MDM2 EIF4EBP1 MAP2K6 TGFBR2 RBL2 TRPM7 TSC2 HRAS PPP1CC RAD1 ATR CDKN1A AKT1 MAPK13 FOXO3 KRAS NFATC3 LIN52 CCNA2 VDAC2 CDK6 ZFP36L1
Lipid and atherosclerosis,Human Diseases,PLCB3 IKBKB MAPK11 JUN PIK3R1 FOS BAD MAPK3 MAP3K5 HSPA1A CDC42 NRAS TRAF2 MAP2K3 IRAK4 HSP90AA1 TIRAP TNF NCF1 HSP90B1 CD36 PIK3R3 VAV1 LY96 NFKB1 NFATC2 TANK PLCG1 MAP2K4 PPARG RAC1 VAV3 BAX PTK2 MAPK12 IRF3 HSP90AB1 CAMK2B BCL2L1 CALM2 TNFRSF1A CASP9 RAP1A PRKCA CAMK2D ABCA1 CALM3 IRF7 DDIT3 MAPK1 CYBA MAPK14 AKT2 SRC RELA IKBKE BID CAMK2A CYP2B6 TRAF3 CASP1 CAMK2G GSK3B NFATC1 AKT3 STAT3 TRAF6 CASP7 ATF4 LYN MAP3K7 MAPK9 RHOA CYCS HSPA1L NCF4 JAK2 AGER RAP1B CASP3 CALM1 TICAM2 ATF6 NFE2L2 NCF2 PYCARD NFKBIA EIF2AK3 ERN1 TBK1 ROCK2 IKBKG CASP6 SOD2 ITPR1 TP53 ARHGEF1 NOS3 NLRP3 POU2F1 RXRA MAP2K6 PDPK1 MAP2K7 IRAK1 TICAM1 EIF2S1 HRAS MAPK8 PLCB1 TLR4 BCL2 VAV2 XBP1 AKT1 MAPK13 MAPK10 KRAS NFATC3 CHUK CASP8 TAB1 APAF1
Cell cycle,Cellular Processes,BUB1B FZR1 BUB1 ATM EP300 RAD21 BUB3 CREBBP ABL1 CCND1 YWHAE PRKDC WEE1 CDC26 CHEK1 CCND2 CDC20 SMAD2 CDK4 CHEK2 CCNB1 CDK7 CDC14A MCM4 SMAD4 E2F1 ANAPC1 MYC CDC27 CCND3 DBF4 CDK2 MCM5 SMAD3 MAD2L1 MCM2 RBL1 CDKN2A CDC25A CDK1 CDC23 YWHAB RB1 E2F4 GSK3B PCNA CCNE1 CDC25B CDC6 ORC2 YWHAG CDKN2D ORC1 YWHAH CDC25C YWHAQ TFDP1 CDKN1C E2F3 ORC6 SMC1A SMC3 HDAC1 ANAPC4 SFN CDKN1B CDC7 WEE2 TTK PKMYT1 HDAC2 TP53 MDM2 MCM3 PTTG2 MAD1L1 YWHAZ PTTG1 ESPL1 RBL2 ANAPC7 CDC16 PLK1 CCNH ATR CDKN1A SKP2 CCNA2 MCM7 CDK6
Proteoglycans in cancer,Human Diseases,MAPK11 NANOG PIK3R1 MAPK3 SDC4 SLC9A1 MTOR CDC42 NRAS PRKACA ELK1 HCLS1 PPP1R12A ITGB1 TNF PXN RPS6 CCND1 ARAF RAF1 FLNC PTPN6 PIK3R3 VAV1 MAP2K2 PRKACG PPP1R12C EZR PLCG1 PLAU SMAD2 DDX5 RRAS2 RAC1 RDX VAV3 PTPN11 PTK2 MAPK12 TWIST1 CAMK2B IGF1R FZD6 PRKCA SDC2 CAMK2D MYC MAPK1 EIF4B MAPK14 AKT2 ROCK1 TIAM1 PRKCG SRC MSN RPS6KB1 CAMK2A SDC1 MMP2 KDR CAMK2G IQGAP1 RRAS MAP2K1 FGFR1 AKT3 CD44 STAT3 MET ITGB3 RHOA ESR1 VTN PDCD4 CTTN CASP3 PAK1 ITPR2 GAB1 RPS6KB2 ROCK2 SOS1 ITPR1 PLCG2 PPP1CA FZD3 TP53 MDM2 ARHGEF1 DROSHA ITGB5 PRKCB CTNNB1 CAV2 CAV1 FGF2 HIF1A BRAF FLNA PDPK1 ERBB4 PPP1R12B ERBB3 PRKACB HRAS PPP1CC FN1 TLR4 GRB2 CDKN1A VAV2 ITGA2 AKT1 MAPK13 KRAS ERBB2 CBL EGFR
T cell receptor signaling pathway,Organismal Systems,IKBKB MAPK11 TEC PAK3 JUN PIK3R1 FOS MAPK3 CDC42 NRAS RASGRP1 TNF RAF1 PTPN6 PIK3R3 VAV1 PAK2 GRAP2 MAP2K2 NFKB1 NFATC2 PLCG1 CDK4 CARD11 VAV3 CD247 MAPK12 PRKCQ DLG1 LAT MALT1 ZAP70 MAPK1 MAPK14 AKT2 MAP3K8 RELA CD4 CD28 PTPRC GSK3B NFATC1 MAP2K1 AKT3 LCP2 CD3G PAK6 MAP3K7 MAPK9 RHOA FYN PAK1 ITK NFKBIA MAP3K14 SOS1 IKBKG LCK BCL10 PAK4 CD3E PDPK1 MAP2K7 NCK1 HRAS MAPK8 NFKBIB GRB2 VAV2 AKT1 MAPK13 MAPK10 KRAS NFATC3 CHUK CTLA4 CBLB
FoxO signaling pathway,Environmental Information Processing,IKBKB MAPK11 PIK3R1 IRS1 MAPK3 ATM HOMER3 EP300 FOXO4 NRAS BNIP3 TGFBR1 PRKAG1 CREBBP CCND1 CAT ARAF RAF1 PIK3R3 SGK2 MAP2K2 FOXG1 STK11 NLK CCND2 STK4 CCNB1 MAPK12 PLK2 SIRT1 IGF1R BCL6 SMAD4 INSR MAPK1 MAPK14 AKT2 CDK2 IRS4 SMAD3 PCK1 MAP2K1 AKT3 STAT3 PTEN MAPK9 CDKN2D PRKAB1 IRS2 GRM1 CDKN1B SOS1 FOXO1 SOD2 MDM2 SGK3 PRKAA1 TGFBR2 GABARAPL2 BRAF PDPK1 RAG2 AGAP2 SGK1 BCL2L11 PLK4 RBL2 HRAS SLC2A4 MAPK8 PLK1 S1PR1 CSNK1E FBXO25 USP7 GRB2 CDKN1A PRKAA2 AKT1 SKP2 MAPK13 MAPK10 FOXO3 KRAS CHUK PLK3 EGFR
Salmonella infection,Human Diseases,PFN1 IKBKB MAPK11 PAK3 JUN FOS MAPK3 RAB5B MYL2 DYNC1I2 TUBB2A AHNAK2 CDC42 TRAF2 MAP2K3 MYO6 IRAK4 HSP90AA1 LEF1 PKN1 TIRAP TNF RHOB ACTR2 DCTN6 HSP90B1 RAF1 FLNC KLC1 ARPC1B LY96 MAP2K2 NFKB1 CYTH2 MAP2K4 RAC1 BAX MAPK12 HSP90AB1 DYNC1LI1 TUBB3 TNFRSF1A EXOC7 PIK3C3 GAPDH BAK1 AHNAK TXN MYC CYTH1 MAPK1 KLC2 MAPK14 AKT2 RIPK3 MYL12A RELA SNX9 TUBA1B PIK3C2A WASL KLC4 ANXA2 CASP1 PTPRC RRAS MAP2K1 TUBA1C AKT3 PIK3CG TRAF6 CASP7 MAP3K7 MAPK9 RHOA CYCS ABI1 KPNA1 CASP3 PAK1 RALA NLRC4 FADD PYCARD NFKBIA MYL12B ROCK2 TUBA1A IKBKG DYNLL1 TAB3 TUBA4A DNM2 NLRP3 TCF7L2 DYNLRB1 TLR5 CTNNB1 FBXO22 MAP2K6 TUBB FLNA MAP2K7 WASF3 IRAK1 MLKL MYL9 RPS3 HRAS MAPK8 ELMO2 RAB5A FHOD1 RIPK2 TLR4 DCTN1 KIF5C RIPK1 BCL2 ELMO1 AKT1 MAPK13 MAPK10 ARPC5 CHUK CASP8 TAB1
Human immunodeficiency virus 1 infection,Human Diseases,IKBKB MAPK11 PAK3 JUN PIK3R1 FOS BAD MAPK3 MTOR ATM NRAS TRAF2 MAP2K3 IRAK4 APOBEC3G CGAS TNF PXN CUL5 RAF1 PIK3R3 PAK2 MAP2K2 NFKB1 NFATC2 WEE1 CRK PLCG1 CHEK1 GNAI2 RAC1 CD247 BAX CCNB1 LIMK1 PTK2 MAPK12 IRF3 BCL2L1 CALM2 TNFRSF1A CASP9 SAMHD1 BAK1 PRKCA CALM3 NFATC4 MAPK1 MAPK14 AKT2 PRKCG RELA RPS6KB1 BID CDK1 CD4 PDIA3 CFL2 CFL1 PTK2B LIMK2 NFATC1 MAP2K1 AKT3 CD3G TRAF6 PAK6 MAP3K7 MAPK9 STING1 CYCS HLA-A BTRC RNF7 CDC25C CASP3 CALM1 PAK1 ITPR2 GNAI1 RPS6KB2 FADD NFKBIA TBK1 HLA-B AP1M1 WEE2 IKBKG DDB1 ITPR1 PLCG2 PRKCB MAP2K6 CD3E PAK4 MAP2K7 AP1B1 IRAK1 HRAS MAPK8 CCR5 TLR4 RIPK1 BCL2 ATR AKT1 MAPK13 MAPK10 CXCR4 APOBEC3B CRKL KRAS NFATC3 CHUK CASP8 TAB1
Kaposi sarcoma-associated herpesvirus infection,Human Diseases,IKBKB MAPK11 JUN PIK3R1 FOS EIF2AK2 MAPK3 MTOR STAT2 EP300 NRAS TRAF2 LEF1 CREBBP CCND1 ATG14 ZFP36 RAF1 PIK3R3 PTGS2 MAP2K2 NFKB1 NFATC2 PLCG1 MAP2K4 BECN1 SYK CDK4 RAC1 BAX TYK2 MAPK12 IRF3 IFNAR1 TNFRSF1A CALM2 CASP9 PIK3C3 BAK1 E2F1 STAT1 MYC CALM3 IRF7 CREB1 NFATC4 MAPK1 MAPK14 AKT2 RCAN1 SRC RELA HCK IKBKE IFNGR1 BID PREX1 IL6ST TRAF3 JAK1 RB1 GSK3B NFATC1 MAP2K1 AKT3 PIK3CG STAT3 LYN MAPK9 CYCS HLA-A JAK2 TLR3 CASP3 CALM1 MAPKAPK2 PIK3R6 ITPR2 E2F3 FADD NFKBIA TBK1 HLA-B UBC IKBKG ITPR1 PLCG2 TP53 TCF7L2 CTNNB1 MAP2K6 FGF2 GABARAPL2 HIF1A MAP2K7 HRAS MAPK8 CCR5 CDKN1A AKT1 MAPK13 MAPK10 KRAS NFATC3 CHUK CASP8 CDK6 TICAM1
PI3K-Akt signaling pathway,Environmental Information Processing,IKBKB IL2RB PIK3R1 IRS1 BAD MAPK3 MTOR NRAS HSP90AA1 PKN2 PKN1 ITGB1 RPS6 FGFR3 CCND1 HSP90B1 BRCA1 RAF1 TEK YWHAE GHR EPOR PIK3R3 SGK2 MAP2K2 NFKB1 STK11 PPP2CA CSF1R CCND2 PKN3 SPP1 CDK4 SYK RAC1 PTK2 NTRK1 HSP90AB1 IFNAR1 BCL2L1 IGF1R KIT CASP9 PDGFRA TSC1 PRKCA MYC CRTC2 CCND3 PRLR CREB1 INSR MAPK1 EIF4B CHRM2 AKT2 FLT4 CDK2 ITGB4 RELA EPHA2 RPS6KB1 KDR YWHAB JAK1 MYB GSK3B CCNE1 PCK1 MAP2K1 FGFR1 AKT3 CDC37 PIK3CG MET PTEN PHLPP1 ATF4 ITGB3 YWHAG NTRK2 PIK3AP1 VTN YWHAH NR4A1 JAK2 GYS2 RHEB YWHAQ PIK3R6 PPP2R5C PPP2R2B RPS6KB2 ITGB7 GYS1 PPP2R5A CDKN1B BDNF SOS1 IKBKG MCL1 TP53 MDM2 NOS3 FGFR4 ITGB5 EIF4EBP1 SGK3 NGFR IL2RA PRKAA1 FGFR2 RXRA FGF2 CREB3 RPTOR PDPK1 PDGFRB ERBB4 FGF1 SGK1 BCL2L11 YWHAZ ERBB3 EIF4E PPP2R3A FLT1 RBL2 TSC2 HRAS COL4A3 CD19 FLT3 FN1 TLR4 ATF2 LAMC1 BCL2 PPP2R5D PRL GRB2 CDKN1A ITGA2 PRKAA2 PPP2R2A AKT1 CSF3R FOXO3 KRAS MAGI1 CHUK JAK3 ERBB2 CDK6 EGFR ITGA4
ErbB signaling pathway,Environmental Information Processing,GSK3B EIF4EBP1 STAT5B PAK3 CAMK2B JUN PIK3R1 MAP2K1 PRKCB BAD MAPK3 AKT3 MTOR PAK6 PAK4 BRAF NRAS MAPK9 MAP2K7 ERBB4 PRKCA ELK1 NCK1 CAMK2D MYC ERBB3 ABL1 HRAS ARAF RAF1 MAPK1 PAK1 MAPK8 AKT2 STAT5A PIK3R3 GAB1 PRKCG PAK2 SRC SHC3 MAP2K2 RPS6KB2 NRG1 RPS6KB1 CRK PLCG1 GRB2 CDKN1B MAP2K4 CDKN1A AKT1 SOS1 MAPK10 KRAS CAMK2A CRKL PLCG2 ABL2 SHC1 ERBB2 CAMK2G CBLB SHC4 CBL EGFR PTK2
Autophagy,Cellular Processes,LAMP2 PIK3R1 IRS1 EIF2AK4 BAD MAPK3 ATG2B MTOR NRAS PRKACA HMGB1 DAPK1 BNIP3 ATG14 RAF1 PRKCD PIK3R3 MAP2K2 STK11 PRKACG ATG13 TANK DAPK2 PPP2CA RAB8A BECN1 ULK2 RRAS2 CAMKK2 PRKCQ BCL2L1 IGF1R UVRAG PIK3C3 NRBF2 TSC1 SNAP29 ATG4B AKT1S1 MAPK1 AKT2 SH3GLB1 IRS4 ATG5 STX17 RPS6KB1 RB1CC1 RAB1A RRAS MAP2K1 AKT3 TRAF6 ULK1 SQSTM1 PTEN DAPK3 MAP3K7 MAPK9 CFLAR AMBRA1 RHEB RPS6KB2 IRS2 EIF2AK3 ERN1 TBK1 DEPTOR ITPR1 SMCR8 PRKAA1 RRAGC GABARAPL2 HIF1A PDPK1 RPTOR ATG101 EIF2S1 ATG9A TSC2 PRKACB PIK3R4 MAPK8 HRAS ATG16L1 BCL2 PRKAA2 AKT1 MAPK10 KRAS
Epstein-Barr virus infection,Human Diseases,IKBKB MAPK11 JUN PIK3R1 EIF2AK2 STAT2 TRAF2 MAP2K3 IRAK4 RUNX3 TNF CCND1 PSMD1 PIK3R3 PSMD2 NFKB2 NFKB1 MAP2K4 CCND2 SYK CDK4 RAC1 CD247 BAX TYK2 RELB MAPK12 IRF3 IFNAR1 CASP9 NCOR2 BAK1 E2F1 STAT1 MYC CCND3 IRF7 PSMC5 RBPJ PSMD11 MAPK14 AKT2 CDK2 RELA IKBKE BID TRAF3 PDIA3 JAK1 RB1 CCNE1 AKT3 VIM CD3G STAT3 CD44 TRAF6 LYN MAP3K7 MAPK9 CYCS HLA-A PSMD3 CASP3 SNW1 BLNK E2F3 FADD NFKBIA HDAC1 TBK1 HLA-B CDKN1B MAP3K14 PSMC4 IKBKG PLCG2 HDAC2 TP53 MDM2 NEDD4 MAP2K6 CD3E MAP2K7 TNFAIP3 IRAK1 BCL2L11 SIN3A MAPK8 NFKBIB CD19 MAVS RIPK1 BCL2 USP7 CDKN1A AKT1 SKP2 MAPK13 MAPK10 HES1 BTK CCNA2 CHUK CASP8 TAB1 JAK3 CDK6 APAF1
Focal adhesion,Cellular Processes,CAPN2 PAK3 JUN VASP PIK3R1 PARVA BAD MAPK3 MYL2 CDC42 ELK1 PPP1R12A ITGB1 PXN RASGRF1 VCL CCND1 RAF1 FLNC PIK3R3 ACTN1 VAV1 PAK2 PPP1R12C BCAR1 CRK CCND2 SPP1 SHC1 RAC1 VAV3 SHC4 TLN1 PTK2 PIP5K1C IGF1R PDGFRA RAP1A PRKCA CCND3 RAPGEF1 MAPK1 AKT2 ROCK1 FLT4 PRKCG MYL12A SRC ITGB4 KDR GSK3B DIAPH1 ARHGAP35 MAP2K1 AKT3 MET PAK6 PTEN ITGB3 MAPK9 RHOA FYN VTN RAP1B PAK1 SHC3 DOCK1 MYLK2 ITGB7 MYL12B ROCK2 SOS1 ILK PPP1CA ZYX ITGB5 MYLK4 PRKCB CTNNB1 CAV2 CAV1 PAK4 BRAF FLNA PDPK1 PDGFRB PPP1R12B MYL9 PIP5K1B FLT1 MYLK3 HRAS XIAP MAPK8 COL4A3 MYLK PPP1CC FN1 ACTN4 LAMC1 BCL2 GRB2 VAV2 ITGA2 AKT1 MAPK10 CRKL ERBB2 ARHGAP5 EGFR ITGA4
Chronic myeloid leukemia,Human Diseases,IKBKB STAT5B BCL2L1 MAP2K1 PIK3R1 BAD AKT3 MAPK3 TGFBR2 BRAF NRAS BAK1 BCR SMAD4 TGFBR1 E2F1 MYC CTBP1 ABL1 CCND1 HRAS RAF1 ARAF MAPK1 AKT2 BAX RUNX1 STAT5A SHC3 PIK3R3 E2F3 MAP2K2 RELA NFKB1 NFKBIA HDAC1 SMAD3 CRK GRB2 MDM2 CDKN1B CDKN1A AKT1 SOS1 GAB2 CDKN2A KRAS CRKL CTBP2 IKBKG CHUK MECOM CDK4 SHC1 HDAC2 PTPN11 TP53 CDK6 SHC4 CBL RB1
Human cytomegalovirus infection,Human Diseases,PLCB3 IKBKB MAPK11 PIK3R1 MAPK3 MTOR NRAS TRAF2 PRKACA ELK1 CGAS TNF PXN CCND1 RAF1 PIK3R3 PTGS2 MAP2K2 PRKACG NFKB1 NFATC2 BCAR1 CRK SP1 CDK4 GNAI2 RAC1 BAX PTK2 MAPK12 IRF3 TNFRSF1A CALM2 AKAP13 IL10RA CASP9 PDGFRA BAK1 TSC1 GNA13 PRKCA E2F1 MYC CALM3 CREB1 NFATC4 MAPK1 MAPK14 AKT2 ROCK1 PRKCG SRC RELA RPS6KB1 BID CDKN2A ADCY6 PDIA3 JAK1 RB1 ADCY3 GSK3B PTK2B NFATC1 MAP2K1 AKT3 STAT3 ATF4 ITGB3 RHOA STING1 CYCS HLA-A CASP3 CALM1 RHEB ITPR2 GNAI1 RPS6KB2 E2F3 FADD NFKBIA TBK1 HLA-B ROCK2 SOS1 IKBKG ITPR1 TP53 MDM2 ARHGEF1 EIF4EBP1 PRKCB CTNNB1 MAP2K6 CREB3 TSC2 PRKACB HRAS CCR5 PLCB1 ATF2 RIPK1 PTGER4 GRB2 CDKN1A AKT1 MAPK13 CXCR4 KRAS CRKL NFATC3 CHUK CASP8 CDK6 EGFR
cAMP signaling pathway,Environmental Information Processing,JUN PIK3R1 FOS BAD MAPK3 SLC9A1 EP300 PRKACA PPP1R12A CREBBP HCN4 GRIN1 RAF1 ADRB1 PIK3R3 VAV1 PPARA CACNA1D MAP2K2 PRKACG NFKB1 GRIA1 ORAI1 GRIA2 GRIN2C GNAI2 RRAS2 RAC1 VAV3 ADRB2 CAMK2B CALM2 ATP2A2 LIPE PDE10A SOX9 RAP1A PDE3A SSTR2 CAMK2D CALM3 HTR1A CREB1 MAPK1 AKT2 CHRM2 ROCK1 GRIN2B GABBR2 TIAM1 RELA SSTR5 PDE4A GABBR1 ATP2B1 RAPGEF3 CAMK2A PDE3B OXTR ADCY6 CACNA1S CAMK2G AFDN ADCY3 RRAS NFATC1 MAP2K1 ATP2B4 HCN2 AKT3 MAPK9 NPR1 RHOA PLD1 DRD2 GHRL GRIA4 RAP1B CALM1 PAK1 PDE4B EDNRA GNAI1 CAMK4 NFKBIA FXYD1 BDNF ROCK2 PLN ATP2B2 TNNI3 GLI1 PPP1CA PDE4D PDE4C RYR2 CREB3 BRAF ATP1A1 HTR6 MYL9 PPP1R1B PRKACB GRIN2A MAPK8 PPP1CC GLI3 CFTR VAV2 AKT1 MAPK10 PLD2 CACNA1C
PD-L1 expression and PD-1 checkpoint pathway in cancer,Human Diseases,MAPK12 IKBKB MAPK11 PRKCQ JUN PIK3R1 NFATC1 FOS MAPK3 MAP2K1 AKT3 CSNK2A3 CD3G STAT3 MTOR CSNK2B TRAF6 PTEN EML4 MAP2K6 CD3E HIF1A NRAS LAT MAP2K3 RASGRP1 TIRAP ZAP70 STAT1 JAK2 HRAS RAF1 CSNK2A1 MAPK1 NFKBIB MAPK14 PTPN6 AKT2 TICAM2 PIK3R3 RPS6KB2 MAP3K3 TLR4 MAP2K2 RELA NFKB1 RPS6KB1 NFKBIA NFATC2 PLCG1 IFNGR1 AKT1 MAPK13 CD274 KRAS NFATC3 IKBKG CHUK CSNK2A2 CD4 EGFR CD28 PTPN11 LCK CD247 ALK JAK1 TICAM1
Osteoclast differentiation,Organismal Systems,JUND MAPK11 IKBKB TEC CYLD JUN PIK3R1 FOS MAPK3 STAT2 TRAF2 TGFBR1 TNF NCF1 PIK3R3 NFKB2 SPI1 NFKB1 NFATC2 CSF1R GAB2 SYK PPARG RAC1 TYK2 RELB MAPK12 IFNAR1 TNFRSF1A STAT1 CREB1 MAPK1 CYBA MAPK14 AKT2 RELA IFNGR1 FHL2 JAK1 NFATC1 MAP2K1 AKT3 LCP2 TRAF6 SQSTM1 ITGB3 MAP3K7 MAPK9 FYN FOSB NCF4 BLNK MITF NCF2 NFKBIA CAMK4 JUNB MAP3K14 IKBKG PLCG2 LCK FCGR2B FCGR2C MAP2K6 TYROBP TGFBR2 MAP2K7 SOCS1 SIRPA FOSL2 FCGR2A MAPK8 SOCS3 FOSL1 GRB2 AKT1 MAPK13 MAPK10 BTK CHUK TAB1
Hepatitis C,Human Diseases,IKBKB PIK3R1 EIF2AK4 EIF2AK2 BAD MAPK3 STAT2 NRAS TRAF2 OCLN CLDN4 TNF CCND1 RAF1 ARAF YWHAE PIK3R3 PPARA MAP2K2 NFKB1 PPP2CA CDK4 BAX TYK2 IRF3 IFNAR1 TNFRSF1A APAF1 CASP9 BAK1 NR1H3 E2F1 STAT1 MYC IRF7 CLDN7 MAPK1 AKT2 CDK2 RELA EIF2AK1 IKBKE BID TRAF3 YWHAB JAK1 RB1 PIAS1 GSK3B MAP2K1 AKT3 STAT3 TRAF6 YWHAG CFLAR CYCS CDK6 YWHAH TLR3 CASP3 YWHAQ PPP2R2B CLDN1 E2F3 FADD NFKBIA EIF2AK3 TBK1 CLDN11 SOS1 IKBKG TP53 CTNNB1 RXRA BRAF PSME3 YWHAZ TICAM1 EIF2S1 HRAS SOCS3 MAVS RIPK1 GRB2 CDKN1A AKT1 PPP2R2A KRAS RNASEL CHUK CASP8 CLDN3 EGFR
Regulation of actin cytoskeleton,Cellular Processes,PFN1 PAK3 PIK3R1 MAPK3 SLC9A1 MYL2 CDC42 NRAS GIT1 PPP1R12A ITGB1 PXN VCL FGFR3 ACTR2 RAF1 ARAF MYH10 APC PIK3R3 ACTN1 VAV1 ARPC1B PAK2 MAP2K2 PPP1R12C ITGB2 EZR BCAR1 CRK RRAS2 RAC1 RDX VAV3 PIP4K2B LIMK1 PTK2 PIP5K1C ARHGEF7 BAIAP2 GSN DIAPH2 PDGFRA MOS GNA13 WASF2 MAPK1 CHRM2 ROCK1 TIAM1 MYL12A SRC ITGB4 MSN PIP4K2C WASL CFL2 PIKFYVE CFL1 SSH3 IQGAP1 DIAPH1 IQGAP2 RRAS ARHGAP35 MAP2K1 MYH9 FGFR1 LIMK2 PAK6 ITGB3 RHOA ARHGEF6 PAK1 BDKRB2 DOCK1 SSH1 MYLK2 ITGB7 MYL12B ARHGEF4 ROCK2 SOS1 PIP4K2A PPP1CA ARHGEF1 WASF1 FGFR4 ITGB5 MYLK4 FGFR2 FGF2 PAK4 BRAF PDGFRB PPP1R12B FGF1 MYL9 PIP5K1B MYLK3 HRAS INSRR MYLK PPP1CC FN1 ACTN4 VAV2 ITGA2 CXCR4 KRAS CRKL ARPC5 DIAPH3 EGFR ITGA4
Alzheimer disease,Human Diseases,PLCB3 IKBKB CAPN2 NOS1 PIK3R1 IRS1 EIF2AK2 BAD MAPK3 MAP3K5 ATG2B MTOR TUBB2A NRAS TRAF2 LRP6 MAPT TNF ATG14 DVL2 NOS2 GRIN1 CSNK2A1 ARAF RAF1 PSMD1 KLC1 APC PIK3R3 PSMD2 PPIF PTGS2 CACNA1D MCU MAP2K2 NFKB1 ATG13 NDUFV3 SNCA SLC25A5 BECN1 GRM5 LRP1 NDUFA12 ULK2 CAPN1 CDK5 GRIN2C RTN4 TUBB3 CALM2 TNFRSF1A ATP2A2 FZD6 MME CASP9 PIK3C3 GAPDH NRBF2 NDUFV1 PSEN1 VDAC1 CALM3 CHRNA7 DDIT3 PSMC5 INSR PSMD11 MAPK1 KLC2 AKT2 NDUFV2 GRIN2B IRS4 AXIN2 RELA TUBA1B NDUFS2 BID SLC25A4 KLC4 CSNK2A2 CSNK1A1 CACNA1S RB1CC1 GSK3B MAP2K1 TUBA1C AKT3 NDUFB6 ULK1 APP CSNK2B CASP7 ATF4 MAPK9 APBB1 CYCS PSMD3 PSMA5 AMBRA1 AGER NDUFS4 CASP3 CALM1 ATP5F1C ITPR2 PSMA3 AXIN1 ATF6 NOX4 IRS2 FADD EIF2AK3 ERN1 PSMC4 TUBA1A CSNK1A1L ITPR1 PSMA7 DVL1 TUBA4A FZD3 SDHA PSEN2 NCSTN CTNNB1 CSNK2A3 TUBB BRAF FRAT1 MAP2K7 ATG101 EIF2S1 HRAS GRIN2A PIK3R4 MAPK8 PLCB1 KIF5C CSNK1E ADAM17 CDK5R1 XBP1 AKT1 MAPK10 KRAS DVL3 CHUK CASP8 APOE VDAC2 BACE1 CACNA1C APAF1
Measles,Human Diseases,IKBKB IL2RB STAT5B JUN PIK3R1 EIF2AK2 BAD EIF2AK4 FOS HSPA1A STAT2 IRAK4 CCND1 CSNK2A1 PIK3R3 CD46 NFKB1 CCND2 CDK4 BAX TYK2 IRF3 IFNAR1 BCL2L1 CASP9 BAK1 STAT1 CCND3 SLAMF1 IRF7 AKT2 CDK2 STAT5A RELA MSN EIF2AK1 IKBKE TP73 BID TRAF3 CSNK2A2 CD28 JAK1 ADAR GSK3B CCNE1 AKT3 CD3G STAT3 CSNK2B TRAF6 MAP3K7 MAPK9 CYCS CDK6 HSPA1L CASP3 FADD NFKBIA EIF2AK3 TBK1 CDKN1B BBC3 IKBKG IFIH1 TP53 FCGR2B RCHY1 IL2RA CSNK2A3 CD3E RACK1 TNFAIP3 IRAK1 EIF2S1 MAPK8 NFKBIB MAVS TLR4 BCL2 AKT1 MAPK10 CHUK CASP8 JAK3 CBLB APAF1
Insulin resistance,Human Diseases,GSK3B IKBKB PYGB PRKCQ TNFRSF1A PIK3R1 IRS1 PCK1 AKT3 PRKCB PRKCE PPP1R3A STAT3 MTOR PRKAA1 PTEN CREB3 PTPRF PDPK1 MAPK9 ACACB MLXIPL NR1H2 OGT RPS6KA1 NR1H3 SLC2A1 PRKAG1 TNF SLC2A2 RPS6KA3 TBC1D4 CRTC2 CD36 CREB1 INSR PTPN1 GYS2 PPP1R3C SLC2A4 AKT2 PYGM PRKCD MAPK8 RPS6KA6 RPS6KA2 PPP1CC PIK3R3 GFPT1 RPS6KB2 PRKAB1 PPARA TRIB3 SOCS3 RELA IRS2 PPARGC1A NFKB1 RPS6KB1 NFKBIA GYS1 PRKCZ OGA PYGL GFPT2 PRKAA2 AKT1 MAPK10 FOXO1 SREBF1 PPARGC1B PPP1CA PTPN11 NOS3
Apoptosis,Cellular Processes,IKBKB CAPN2 JUN PIK3R1 FOS BAD MAPK3 MAP3K5 ATM CSF2RB NRAS TRAF2 TNF RAF1 DAXX PIK3R3 DIABLO MAP2K2 NFKB1 BECN1 CAPN1 BAX SPTAN1 NTRK1 BCL2L1 TNFRSF1A LMNB2 ENDOG CASP9 BAK1 DAB2IP DDIT3 TRAF1 MAPK1 AKT2 CASP2 RELA TUBA1B LMNB1 BID HTRA2 LMNA MAP2K1 TUBA1C AKT3 CASP7 ATF4 MAPK9 CFLAR CYCS CASP3 ITPR2 FADD NFKBIA EIF2AK3 ERN1 PMAIP1 MAP3K14 BBC3 TUBA1A CASP6 IKBKG ITPR1 MCL1 TUBA4A TP53 PIDD1 NGFR PARP1 PDPK1 BIRC5 BCL2L11 EIF2S1 HRAS XIAP MAPK8 AIFM1 RIPK1 BCL2 AKT1 MAPK10 KRAS CHUK CASP8 APAF1
Ras signaling pathway,Environmental Information Processing,IKBKB PAK3 PIK3R1 BAD MAPK3 RAB5B RASGRP3 NF1 CDC42 FOXO4 NRAS RASGRP1 PRKACA ELK1 SHOC2 RASGRF1 FGFR3 ABL1 GRIN1 RAF1 KSR2 TEK PIK3R3 PAK2 MAP2K2 RALBP1 PRKACG NFKB1 PLCG1 CSF1R GAB2 RALB ABL2 SHC1 STK4 RRAS2 RAC1 PTPN11 SHC4 NTRK1 BCL2L1 CALM2 IGF1R ETS1 KIT PDGFRA LAT RAP1A PRKCA ZAP70 CALM3 KSR1 INSR MAPK1 AKT2 TIAM1 FLT4 GRIN2B RASAL2 PRKCG RELA EPHA2 RASA1 KDR AFDN REL RRAS MAP2K1 FGFR1 AKT3 MET PAK6 MAPK9 NTRK2 RHOA PLD1 RASSF1 RAP1B CALM1 PAK1 GAB1 SHC3 RALA TBK1 RASGRP2 BDNF SOS1 RIN1 IKBKG PLCG2 FGFR4 NGFR PRKCB RASGRF2 FGFR2 FGF2 PAK4 PDGFRB SYNGAP1 FGF1 FLT1 PLA2G4A PRKACB GRIN2A HRAS MAPK8 RAB5A FLT3 GRB2 AKT1 MAPK10 KRAS PLD2 CHUK ETS2 EGFR
Human papillomavirus infection,Human Diseases,IKBKB PIK3R1 EIF2AK2 BAD MAPK3 MTOR ATM STAT2 EP300 NRAS CDC42 PRKACA ITGB1 TNF PXN LLGL2 CREBBP CCND1 DVL2 HES5 RAF1 APC PIK3R3 PTGS2 MAP2K2 DLG3 PRKACG SLC9A3R1 NFKB1 UBE3A PPP2CA CCND2 SPP1 DLG2 IRF1 CDK4 BAX TYK2 PTK2 IRF3 IFNAR1 TNFRSF1A DLG1 FZD6 TUBG1 PKM BAK1 TSC1 E2F1 PSEN1 STAT1 CCND3 CREB1 RBPJ MAPK1 AKT2 CDK2 AXIN2 ITGB4 RELA RPS6KB1 IKBKE RBL1 CHD4 TRAF3 CSNK1A1 JAK1 RB1 GSK3B CCNE1 MAP2K1 NOTCH1 AKT3 PTEN ITGB3 TUBG2 VTN HLA-A HES6 TLR3 CASP3 RHEB PPP2R5C PPP2R2B TERT AXIN1 RPS6KB2 FADD ITGB7 HDAC1 TBK1 PPP2R5A HLA-B CDKN1B PARD6A SOS1 FOXO1 SCRIB CSNK1A1L IKBKG DVL1 EGFR HDAC2 FZD3 TP53 MDM2 ITGB5 EIF4EBP1 TCF7L2 CTNNB1 LLGL1 CREB3 PDGFRB PRKCI PPP2R3A RBL2 TSC2 HRAS PRKACB COL4A3 NOTCH2 FN1 PRKCZ LAMC1 ATR PTGER4 PPP2R5D GRB2 CDKN1A ITGA2 PPP2R2A AKT1 HES1 KRAS DVL3 MAGI1 CCNA2 PARD3 CHUK CASP8 UBR4 CDK6 TICAM1 ITGA4
"Growth hormone synthesis, secretion and action",Organismal Systems,MAP3K1 PLCB3 MAPK11 STAT5B PIK3R1 IRS1 FOS MAPK3 MTOR EP300 NRAS MAP2K3 PRKACA IGFBP3 CREBBP RAF1 GHR PIK3R3 CACNA1D MAP2K2 PRKACG BCAR1 CRK PLCG1 MAP2K4 SHC1 GNAI2 SHC4 PTK2 MAPK12 PRKCA STAT1 SSTR2 CREB1 MAPK1 MAPK14 AKT2 IRS4 STAT5A PRKCG SSTR5 ADCY6 CACNA1S ADCY3 GSK3B MAP2K1 AKT3 STAT3 ATF4 MAPK9 GHRL JAK2 ITPR2 GNAI1 SHC3 IRS2 JUNB SOS1 ITPR1 PLCG2 PRKCB MAP2K6 CREB3 SOCS1 PRKACB HRAS MAPK8 PLCB1 SOCS3 ATF2 GRB2 AKT1 MAPK13 MAPK10 KRAS CRKL CACNA1C
Transcriptional misregulation in cancer,Human Diseases,IL2RB NSD2 ELK4 ATM MLLT3 HHEX MEN1 IGFBP3 H3-3A CEBPA CDK9 WT1 SPI1 KMT2A NFKB1 PER2 CSF1R MLLT1 EYA1 CCND2 SP1 MEF2C PLAU ZEB1 DDX5 ID2 PPARG JUP BAX PTK2 NTRK1 BCL2L1 IGF1R HMGA2 DUSP6 BCL6 BAK1 CEBPB FUS RUNX2 MYC ETV6 DDIT3 TRAF1 RELA ETV4 H3C15 H3C1 BMI1 PAX3 REL FLI1 ATF1 MET CDK14 RARA PROM1 ETV5 PAX8 ERG MITF CCNT1 CEBPE BCL11B ITGB7 PML HDAC1 LYL1 H3-4 HOXA11 CDKN1B TCF3 FOXO1 BMP2K SMAD1 TFE3 HDAC2 TP53 MDM2 NGFR EWSR1 RXRA TGFBR2 NR4A3 ZBTB16 FLT1 SIN3A FLT3 RUNX1 CDKN1A MYCN CCNA2 KLF3 NCOR1 ETV1 MAX
Prostate cancer,Human Diseases,HSP90AB1 IKBKB GSK3B CCNE1 TCF7L2 IGF1R PIK3R1 MAP2K1 FGFR1 BAD MAPK3 AKT3 CTNNB1 FGFR2 MTOR PTEN CREB3 ATF4 BRAF EP300 NRAS CASP9 PDGFRA PDPK1 PDGFRB HSP90AA1 LEF1 E2F1 ETV5 AR CREBBP CCND1 HSP90B1 CREB1 ARAF RAF1 MAPK1 HRAS INSRR AKT2 CDK2 GSTP1 ERG PIK3R3 E2F3 MAP2K2 RELA NFKB1 NFKBIA BCL2 GRB2 CDKN1A CDKN1B AKT1 SOS1 KRAS FOXO1 PLAU ZEB1 IKBKG CHUK EGFR ERBB2 TP53 NKX3-1 MDM2 RB1
Oxytocin signaling pathway,Organismal Systems,PLCB3 JUN FOS MAP2K5 MAPK3 NRAS KCNJ5 PRKACA ELK1 PPP1R12A PRKAG1 CCND1 CAMK1D RAF1 EEF2K PTGS2 CACNA1D MAP2K2 PRKACG PPP1R12C NFATC2 CACNB1 KCNJ3 RYR1 MEF2C GNAI2 MAPK7 CAMK1 KCNJ4 CAMKK2 CAMK2B CALM2 NPR2 PRKCA KCNJ2 CAMK2D CALM3 NFATC4 MAPK1 ROCK1 PRKCG RCAN1 SRC RGS2 CAMK2A OXTR ADCY6 CACNA1S CAMK2G CACNG2 GUCY1B1 ADCY3 NFATC1 MAP2K1 PIK3CG NPR1 RHOA CAMK1G CALM1 PIK3R6 ITPR2 GNAI1 PRKAB1 CACNB2 MYLK2 CAMK4 EEF2 ROCK2 ITPR1 PPP1CA KCNJ12 NOS3 RYR2 MYLK4 PRKCB PRKAA1 PPP1R12B MYL9 PLA2G4A MYLK3 PRKACB HRAS PPP1CC MYLK PLCB1 TRPM2 CDKN1A PRKAA2 KRAS NFATC3 CACNA1C EGFR
Pancreatic cancer,Human Diseases,BRCA2 IKBKB BCL2L1 MAP2K1 PIK3R1 BAD AKT3 MAPK3 STAT3 TGFBR2 MTOR BRAF CDC42 CASP9 MAPK9 BAK1 PLD1 SMAD4 TGFBR1 E2F1 STAT1 CCND1 RB1 RAF1 ARAF ARHGEF6 MAPK8 MAPK1 AKT2 BAX PIK3R3 RALA RPS6KB2 E2F3 RALBP1 RELA NFKB1 RPS6KB1 SMAD3 CDKN1A AKT1 MAPK10 CDKN2A KRAS PLD2 RALB IKBKG SMAD2 CHUK CDK4 ERBB2 RAC1 TP53 CDK6 RAD51 JAK1 EGFR
Rap1 signaling pathway,Environmental Information Processing,PFN1 PLCB3 MAPK11 PIK3R1 VASP MAPK3 RASGRP3 CDC42 NRAS MAP2K3 ITGB1 FGFR3 GRIN1 RAF1 TEK PIK3R3 VAV1 MAP2K2 ITGB2 BCAR1 CRK PLCG1 CSF1R RALB GNAI2 RAC1 VAV3 SIPA1L1 TLN1 MAPK12 IGF1R CALM2 KIT PDGFRA ID1 LAT RAP1A PRKCA CALM3 RAPGEF1 FYB1 PRKD1 INSR MAPK1 MAPK14 AKT2 TIAM1 GRIN2B FLT4 PRKCG SRC EPHA2 RAPGEF3 PRKD2 FPR1 PRKD3 KDR ADCY6 AFDN ADCY3 RRAS MAP2K1 FGFR1 AKT3 LCP2 MET ITGB3 RHOA DRD2 RAP1B CALM1 GNAI1 RALA PARD6A RASGRP2 SKAP1 CDH1 RAPGEF2 FGFR4 NGFR PRKCB CTNNB1 FGFR2 MAP2K6 FGF2 BRAF PDGFRB FGF1 PRKCI FLT1 HRAS GRIN2A PLCB1 CTNND1 PRKCZ VAV2 AKT1 MAPK13 KRAS CRKL MAGI1 PARD3 RGS14 RAP1GAP EGFR
C-type lectin receptor signaling pathway,Organismal Systems,MAPK12 NLRP3 IKBKB MAPK11 CYLD RRAS JUN PIK3R1 CALM2 NFATC1 MAPK3 AKT3 BCL10 STAT2 NRAS MAPK9 RHOA MALT1 TNF STAT1 LSP1 CALM3 KSR1 HRAS RAF1 NFATC4 MAPK1 CALM1 MAPKAPK2 MAPK14 AKT2 PRKCD PAK1 ITPR2 MAPK8 PIK3R3 NFKB2 PTGS2 SRC RELA NFKB1 IKBKE PYCARD NFKBIA NFATC2 BCL3 AKT1 MAP3K14 MAPK13 MAPK10 KRAS NFATC3 IKBKG ITPR1 PLCG2 IRF1 CHUK SYK CASP1 CASP8 FCER1G RRAS2 PTPN11 CARD9 PLK3 CBLB MDM2 RELB
Pathogenic Escherichia coli infection,Human Diseases,IKBKB MAPK11 PAK3 JUN FOS MAPK3 TUBB2A CDC42 TRAF2 OCLN MYO6 CLDN4 IRAK4 HCLS1 TIRAP ITGB1 TNF ABL1 ACTR2 PTPN6 ARPC1B PAK2 NFKB1 SLC9A3R1 EZR CYTH2 RAC1 PTPN11 BAX MAPK12 BAIAP2 TUBB3 TNFRSF1A CASP9 NCL GAPDH BAK1 ARHGEF2 GNA13 CLDN7 CYTH1 WASF2 MAPK1 MAPK14 ROCK1 SRC RELA TUBA1B WASL CASP1 RAB1A TUBA1C MYH9 TRAF6 CASP7 MAP3K7 MAPK9 RHOA FYN CYCS ABI1 CTTN CASP3 PAK1 MYO5A CLDN1 FADD PYCARD NFKBIA CLDN11 ROCK2 TUBA1A IKBKG TAB3 TUBA4A ARHGEF1 WASF1 NLRP3 TLR5 TUBB WASF3 IRAK1 BAIAP2L1 RPS3 NCK1 FCGR2A MAPK8 NFKBIB TLR4 RIPK1 MAPK13 MAPK10 WIPF1 ARPC5 CHUK CASP8 TAB1 CLDN3 MYH10
Tight junction,Cellular Processes,MAP3K1 JUN VASP F11R MAP3K5 MYL2 CDC42 OCLN PRKACA CLDN4 HCLS1 ITGB1 PRKAG1 LLGL2 ACTR2 CCND1 ACTN1 ARPC1B CACNA1D DLG3 STK11 SLC9A3R1 PRKACG EZR PPP2CA RAB8A DLG2 AMOT CDK4 RAC1 RDX DLG1 YBX3 ARHGEF2 RAP1A AMOTL1 CLDN7 GATA4 ROCK1 TIAM1 MYL12A SRC MSN NF2 TUBA1B AFDN PCNA MYH9 TUBA1C WAS MAPK9 RHOA CGN CTTN AMOTL2 PPP2R2B CLDN1 PRKAB1 CLDN11 MYL12B PARD6A ARHGAP17 ROCK2 SCRIB TUBA1A TUBA4A RAPGEF2 PRKCE NEDD4 LLGL1 PRKAA1 SYMPK MAP2K7 PRKCI MYL9 PRKACB MAPK8 RUNX1 ACTN4 PRKCZ NEDD4L CFTR PRKAA2 PPP2R2A MAPK10 ARPC5 MAGI1 PARD3 ERBB2 CLDN3 MYH10
Neutrophil extracellular trap formation,Organismal Systems,PLCB3 H2AC11 MAPK11 H2BC21 PIK3R1 MAPK3 MTOR HDAC3 HMGB1 H2AC18 NCF1 H3-3A H2BC13 RAF1 H2AC6 PIK3R3 PPIF MAP2K2 NFKB1 ITGB2 PLCG1 SLC25A5 H2AC21 H2BC9 SYK H2AC1 HDAC4 RAC1 H2BC14 MAPK12 H2BC5 PRKCA VDAC1 MAPK1 CYBA MAPK14 AKT2 PRKCG SRC RELA H2BC17 H3C15 FPR1 SLC25A4 H3C1 CASP1 H2AX HDAC5 MAP2K1 AKT3 H4C1 ITGB3 MAP3K7 HDAC8 NCF4 H2BC3 AGER HDAC9 NCF2 HDAC1 H3-4 FGA H2BC12 H2BC11 PLCG2 AQP9 HDAC2 PRKCB CLCN3 H2BC4 H2AC14 H2AC12 FCGR2A PLCB1 HAT1 HDAC6 TLR4 HDAC7 AKT1 MAPK13 H2BC15 C5AR1 VDAC2 H2BC18
AMPK signaling pathway,Environmental Information Processing,SIRT1 HNF4A PFKP CAMKK2 PCK1 EIF4EBP1 IGF1R PIK3R1 IRS1 AKT3 LIPE ADIPOR1 PRKAA1 MTOR ULK1 CREB3 RPTOR PDPK1 MAP3K7 ACACB TBC1D1 TSC1 PFKFB3 PRKAG1 CRTC2 PFKFB2 PPP2R3A CCND1 HMGCR AKT1S1 CD36 PFKM PFKL CREB1 INSR GYS2 RHEB TSC2 AKT2 PPP2R5C EEF2K IRS4 PPP2R2B PIK3R3 RPS6KB2 PRKAB1 SCD PPARGC1A IRS2 SLC2A4 STK11 RPS6KB1 CFTR GYS1 PPP2R5D PPP2R5A RAB8A PPP2CA EEF2 RAB10 PRKAA2 AKT1 PPP2R2A FOXO3 FOXO1 FBP1 CCNA2 SREBF1 ELAVL1 STRADA PPARG ACACA LEPR
Colorectal cancer,Human Diseases,GSK3B TCF7L2 JUN PIK3R1 MAP2K1 FOS BAD MAPK3 AKT3 CTNNB1 TGFBR2 MTOR BRAF CASP9 NRAS MAPK9 DCC BAK1 BIRC5 RHOA APPL1 CYCS BCL2L11 LEF1 TGFBR1 SMAD4 MYC CCND1 CASP3 ARAF RAF1 MAPK1 HRAS MAPK8 AKT2 APC PIK3R3 AXIN2 AXIN1 RALA RPS6KB2 MAP2K2 RPS6KB1 BCL2 PMAIP1 SMAD3 GRB2 CDKN1A AKT1 SOS1 BBC3 MAPK10 KRAS RALB SMAD2 RAC1 TP53 MLH1 BAX EGFR
cGMP-PKG signaling pathway,Environmental Information Processing,PLCB3 KCNMA1 VASP IRS1 BAD MAPK3 PPP1R12A PRKG2 RAF1 ADRB1 AGTR1 PPIF CACNA1D MAP2K2 NFATC2 SLC25A5 MEF2C GNAI2 ADRB2 CALM2 NPR2 ATP2A2 ADRA1D GNA13 PDE5A PDE3A VDAC1 CALM3 CREB1 INSR NFATC4 GATA4 MAPK1 ROCK1 AKT2 IRS4 ADRA1B RGS2 ATP2B1 SLC25A4 PDE3B ADCY6 CACNA1S GUCY1B1 ADCY3 NFATC1 MAP2K1 ATP2B4 AKT3 PIK3CG ATF4 NPR1 RHOA TRPC6 ADRA2A CALM1 PIK3R6 EDNRA ITPR2 GNAI1 BDKRB2 MEF2D IRS2 MYLK2 IRAG1 ROCK2 PLN ATP2B2 ITPR1 PRKG1 PPP1CA OPRD1 NOS3 MYLK4 MEF2B PRKCE CREB3 ATP1A1 MYL9 GTF2I MYLK3 PPP1CC MYLK PLCB1 ATF2 AKT1 MEF2A NFATC3 VDAC2 CACNA1C SRF
Fc gamma R-mediated phagocytosis,Organismal Systems,FCGR2B PIP5K1C MARCKS LIMK2 ASAP1 VASP PIK3R1 GSN MAPK3 MAP2K1 AKT3 SPHK2 PRKCB PRKCE WAS CDC42 LYN ASAP3 LAT PLD1 WASF3 BIN1 PRKCA NCF1 PIP5K1B ACTR2 PLA2G4A RAF1 WASF2 MAPK1 PAK1 SPHK1 AKT2 FCGR2A PRKCD PIK3R3 DOCK1 VAV1 ARPC1B PRKCG RPS6KB2 HCK RPS6KB1 MARCKSL1 CRK PLCG1 VAV2 AKT1 GAB2 PLD2 CRKL ARPC5 INPPL1 PLCG2 SYK RAC1 PTPRC VAV3 CFL2 DNM2 AMPH CFL1 LIMK1 WASF1
Acute myeloid leukemia,Human Diseases,TCF7L2 EIF4EBP1 STAT5B IKBKB MAP2K1 PIK3R1 BAD DUSP6 AKT3 MAPK3 STAT3 MTOR KIT BRAF NRAS RARA LEF1 MYC ZBTB16 CCND1 CEBPA RAF1 ARAF MAPK1 HRAS AKT2 FLT3 PPARD RUNX1 STAT5A PIK3R3 RPS6KB2 CEBPE SPI1 MAP2K2 RELA NFKB1 RPS6KB1 PML GRB2 PER2 AKT1 SOS1 KRAS CSF1R IKBKG CCNA2 CHUK PIM1 PIM2 JUP
Longevity regulating pathway,Organismal Systems,SIRT1 EIF4EBP1 CAMKK2 IGF1R PIK3R1 IRS1 AKT3 ADIPOR1 PRKAA1 HSPA1A MTOR ULK1 SESN2 CREB3 ATF4 RPTOR NRAS CRYAB TSC1 PRKACA APPL1 ATG101 PRKAG1 HSPA1L EIF4E EHMT2 AKT1S1 CAT TSC2 CREB1 INSR PRKACB RHEB HRAS AKT2 ATG5 IRS4 RB1CC1 PIK3R3 RPS6KB2 PRKAB1 ATF2 PPARGC1A RELA IRS2 NFKB1 STK11 PRKACG ATG13 RPS6KB1 FOXA2 CAMK4 HDAC1 PRKAA2 AKT1 FOXO3 FOXO1 KRAS SOD1 SOD2 ADCY6 PPARG HDAC2 TP53 BAX ADCY3
Alcoholism,Human Diseases,H2AC11 H2BC21 MAPK3 PKIA NRAS HDAC3 PRKACA H2AC18 H3-3A GRIN1 ARAF H2BC13 RAF1 H2AC6 SLC29A1 PRKACG H2AC21 H2BC9 GRIN2C SHC1 H2AC1 HDAC4 GNAI2 H2BC14 SHC4 CAMKK2 SLC6A3 CALM2 H2BC5 CAMKK1 CALM3 CREB1 MAPK1 GRIN2B H2BC17 H3C15 H3C1 H2AX HDAC5 MAP2K1 ATF4 H4C1 HDAC8 NTRK2 DRD2 FOSB H2BC3 CALM1 SLC18A2 HDAC9 GNAI1 SHC3 MAOA CAMK4 HDAC1 H3-4 BDNF SOS1 H2BC12 H2BC11 PPP1CA HDAC2 CREB3 BRAF H2BC4 H2AC14 H2AC12 PPP1R1B HRAS PRKACB GRIN2A PPP1CC HAT1 HDAC6 ATF2 HDAC7 GRB2 TH KRAS H2BC15 H2BC18
Adherens junction,Cellular Processes,BAIAP2 TCF7L2 IQGAP1 SORBS1 IGF1R CTNNB1 FGFR1 ACP1 MAPK3 CSNK2A3 MET TGFBR2 CSNK2B CTNNA1 WAS PTPRF EP300 CDC42 MAP3K7 RHOA FYN WASF3 PTPRJ SNAI2 LEF1 TGFBR1 SMAD4 CREBBP VCL INSR PTPN1 WASF2 CSNK2A1 MAPK1 PTPN6 CTNND1 ACTN1 SRC ACTN4 SMAD3 NLK YES1 WASL PARD3 LMO7 FER CSNK2A2 SNAI1 ERBB2 RAC1 AFDN CDH1 EGFR WASF1
Central carbon metabolism in cancer,Human Diseases,NTRK1 PFKP G6PD PDHA2 MAP2K1 PIK3R1 FGFR1 AKT3 MAPK3 GLS MET FGFR2 MTOR HK2 LDHB KIT PTEN LDHA HIF1A NRAS PDGFRA PDGFRB NTRK3 SLC2A1 SLC2A2 MYC FGFR3 SIRT6 RET PFKM PFKL RAF1 PDHA1 MAPK1 HRAS AKT2 FLT3 PGAM1 PIK3R3 MAP2K2 AKT1 HK1 IDH1 KRAS PDK1 IDH2 SIRT3 ERBB2 TP53 PKM EGFR
NOD-like receptor signaling pathway,Organismal Systems,PLCB3 IKBKB MAPK11 JUN NEK7 IFI16 MAPK3 STAT2 TRAF2 PSTPIP1 SHARPIN IRAK4 HSP90AA1 PKN2 PKN1 TNF PRKCD YWHAE MCU MFN1 NFKB1 SUGT1 TP53BP1 TANK TXNIP TYK2 MAPK12 IRF3 HSP90AB1 IFNAR1 BCL2L1 TXN STAT1 VDAC1 IRF7 MAPK1 CYBA MAPK14 ATG5 RIPK3 RELA IKBKE TRAF3 CASP1 JAK1 TRAF6 DNM1L MAP3K7 MAPK9 RHOA STING1 MFN2 ITPR2 NLRC4 FADD PYCARD NFKBIA TBK1 TAB3 IKBKG ITPR1 CARD9 NLRP3 TRIP6 GABARAPL2 TNFAIP3 PANX1 TRPM7 XIAP MAPK8 NFKBIB PLCB1 MAVS RIPK2 TRPM2 TLR4 CASR ATG16L1 RIPK1 BCL2 MEFV MAPK13 MAPK10 RNASEL CHUK CASP8 TAB1 VDAC2 TICAM1
Sphingolipid signaling pathway,Environmental Information Processing,PLCB3 MAPK12 MAPK11 SPTLC1 TNFRSF1A PIK3R1 MAP2K1 PRKCB MAPK3 AKT3 MAP3K5 SPHK2 PRKCE PTEN PDPK1 NRAS MAPK9 TRAF2 RHOA PLD1 FYN GNA13 PRKCA TNF PPP2R3A CERS4 CERS6 RAF1 MAPK1 MAPK8 SPHK1 HRAS MAPK14 ROCK1 AKT2 PPP2R5C PPP2R2B GNAI1 BDKRB2 PIK3R3 PLCB1 PRKCG CERS5 MAP2K2 RELA S1PR1 PRKCZ NFKB1 BCL2 ABCC1 PPP2R5D PPP2R5A PPP2CA BID ROCK2 AKT1 GAB2 PPP2R2A MAPK13 MAPK10 KRAS PLD2 SMPD1 GNAI2 FCER1G OPRD1 RAC1 TP53 BAX NOS3
GnRH signaling pathway,Organismal Systems,MAP3K1 PLCB3 MAPK12 MAPK11 PTK2B CAMK2B JUN CALM2 MAP2K1 PRKCB MAPK3 MAP2K6 EGR1 ATF4 CDC42 NRAS MAPK9 MAP2K7 MAP2K3 PLD1 PRKACA PRKCA ELK1 CAMK2D CALM3 PLA2G4A HRAS RAF1 MAPK1 CALM1 PRKACB MAPK8 MAPK14 ITPR2 PRKCD PLCB1 MAP3K3 SRC CACNA1D MAP2K2 PRKACG GRB2 MAP2K4 SOS1 MAPK13 MAPK10 CAMK2A KRAS PLD2 MMP2 MMP14 ITPR1 ADCY6 MAP3K4 EGFR CACNA1C CACNA1S CAMK2G MAPK7 MAP3K2 ADCY3
Endocytosis,Cellular Processes,ARRB2 IL2RB EPS15 RAB5B USP8 HSPA1A GRK5 CDC42 ASAP3 AP2M1 RAB11A RAB11FIP1 GIT1 TGFBR1 FGFR3 ACTR2 SH3GL2 ARPC1B CYTH2 RAB8A DAB2 SMAD2 CLTC SNX2 CBLC PIP5K1C RBSN IGF1R CHMP4C PDGFRA ARRB1 ARFGEF1 GRK7 STAMBP GRK6 BIN1 RNF41 CYTH1 RABEP1 IGF2R SH3GLB1 EPN1 SRC CAPZA1 SMAD3 SMURF2 WASL RAB11FIP3 AMPH CHMP7 GIT2 TRAF6 EEA1 RHOA PLD1 RAB11FIP2 HLA-A HSPA1L TFRC PML STAM2 HLA-B PARD6A EGFR DNM2 MDM2 FGFR4 CAPZB ASAP1 IL2RA NEDD4 AP2B1 CAV2 FGFR2 CAV1 TGFBR2 GRK1 WASHC2A CLTB AGAP2 PRKCI PDCD6IP PIP5K1B GBF1 ARAP1 RUFY1 HRAS RAB5A CCR5 KIF5C PRKCZ NEDD4L DNM1 ACAP1 RAB10 ITCH GRK4 CXCR4 SH3GL1 ARPC5 PLD2 WIPF1 PARD3 RAB4A CBLB CBL RAB11FIP5 DNAJC6 HGS
HIF-1 signaling pathway,Environmental Information Processing,HMOX1 EIF4EBP1 PFKP CAMK2B IGF1R PIK3R1 MAP2K1 PDHA2 MAPK3 AKT3 PRKCB STAT3 MTOR LDHB HK2 LDHA EP300 HIF1A GAPDH ENO1 PFKFB3 PRKCA SLC2A1 CAMK2D RPS6 CREBBP EIF4E FLT1 VHL MKNK2 PFKM PFKL NOS2 INSR PDHA1 MAPK1 MKNK1 AKT2 TFRC TEK PGK1 PIK3R3 RPS6KB2 PRKCG TLR4 MAP2K2 RELA NFKB1 ARNT RPS6KB1 BCL2 CDKN1A PLCG1 CDKN1B IFNGR1 AKT1 HK1 NOS3 CAMK2A PDK1 PLCG2 EGLN2 ERBB2 CAMK2G EGFR EGLN1
Non-small cell lung cancer,Human Diseases,STAT5B MAP2K1 PRKCB PIK3R1 BAD AKT3 MAPK3 EML4 RXRA STAT3 MET BRAF PDPK1 CASP9 NRAS BAK1 PRKCA E2F1 RASSF1 RET CCND1 RB1 HRAS RAF1 ARAF MAPK1 AKT2 STAT5A PIK3R3 PRKCG KIF5C E2F3 MAP2K2 GRB2 CDKN1A PLCG1 AKT1 SOS1 FHIT FOXO3 CDKN2A KRAS PLCG2 CDK4 STK4 JAK3 ERBB2 TP53 CDK6 BAX ALK EGFR
Chemokine signaling pathway,Organismal Systems,PLCB3 ARRB2 IKBKB STAT5B PIK3R1 BAD DOCK2 MAPK3 GRK5 STAT2 CDC42 NRAS PRKACA NCF1 PXN RAF1 PRKCD PIK3R3 VAV1 NFKB1 PRKACG BCAR1 CRK PLCG1 SHC1 GNAI2 RAC1 VAV3 SHC4 PTK2 ARRB1 GRK7 GRK6 RAP1A STAT1 MAPK1 ROCK1 AKT2 TIAM1 SRC GSK3A RELA HCK PREX1 ADCY6 ADCY3 GSK3B PTK2B FGR MAP2K1 AKT3 PIK3CG STAT3 WAS LYN RHOA CCR2 JAK2 RAP1B PAK1 PIK3R6 ITK GNAI1 SHC3 NFKBIA RASGRP2 ROCK2 SOS1 IKBKG PLCG2 PRKCB GRK1 BRAF CCR7 PRKACB HRAS NFKBIB CCR5 PLCB1 PRKCZ GRB2 ELMO1 VAV2 AKT1 FOXO3 GRK4 KRAS CRKL CXCR4 PARD3 CHUK JAK3
Thyroid hormone signaling pathway,Organismal Systems,PLCB3 GSK3B PFKP PIK3R1 ATP2A2 MAP2K1 BAD MAPK3 SLC9A1 AKT3 NOTCH1 PRKCB MTOR CTNNB1 RXRA HIF1A EP300 NRAS CASP9 ITGB3 PDPK1 MED14 HDAC3 PRKACA ESR1 PRKCA ATP1A1 THRB SLC2A1 STAT1 MYC CREBBP TBC1D4 PFKFB2 CCND1 KAT2B PFKM PFKL RAF1 MAPK1 GATA4 RHEB TSC2 AKT2 PRKACB SIN3A HRAS NOTCH2 PLCB1 NCOA3 PIK3R3 PRKCG RCAN1 SRC MED1 MAP2K2 PRKACG HDAC1 NCOA1 PLCG1 AKT1 KRAS FOXO1 PLN NCOA2 PLCG2 KAT2A HDAC2 NCOR1 TP53 MDM2
Apelin signaling pathway,Environmental Information Processing,PLCB3 NOS1 MAPK3 SLC9A1 MYL2 MTOR NRAS PRKACA TGFBR1 PRKAG1 RPS6 CCND1 NOS2 RAF1 AGTR1 MAP2K2 PRKACG BECN1 SPP1 MEF2C RYR1 SMAD2 GNAI2 HDAC4 RRAS2 CALM2 LIPE SPHK2 PIK3C3 GNA13 SMAD4 PLIN1 CALM3 MAPK1 AKT2 RPS6KB1 SMAD3 PDE3B ADCY6 ADCY3 HDAC5 RRAS MAP2K1 AKT3 PIK3CG EGR1 CALM1 SPHK1 PIK3R6 ITPR2 GNAI1 RPS6KB2 PRKAB1 MEF2D MYLK2 CAMK4 NRF1 ITPR1 CDH1 NOS3 RYR2 MYLK4 MEF2B PRKCE PRKAA1 GABARAPL2 MYLK3 HRAS PIK3R4 PRKACB MYLK PLCB1 PPARGC1A PRKAA2 AKT1 KRAS MEF2A TFAM
Glioma,Human Diseases,CAMK2B IGF1R CALM2 MAP2K1 PRKCB AKT3 PIK3R1 MAPK3 MTOR PTEN BRAF NRAS PDGFRA PDGFRB BAK1 PRKCA E2F1 CAMK2D CALM3 CAMK1G CCND1 CAMK1D RB1 HRAS RAF1 CALM1 ARAF MAPK1 AKT2 BAX SHC3 PIK3R3 PRKCG E2F3 MAP2K2 CAMK4 GRB2 MDM2 CDKN1A PLCG1 AKT1 SOS1 CDKN2A KRAS CAMK2A PLCG2 CDK4 SHC1 TP53 CAMK2G CDK6 SHC4 EGFR CAMK1
Platelet activation,Organismal Systems,PLCB3 MAPK12 FERMT3 MAPK11 GP1BB MYLK4 ARHGAP35 VASP PIK3R1 MAPK3 AKT3 ADCY3 LCP2 PIK3CG ITGB3 LYN RHOA FYN RASGRP1 PRKACA RAP1A GNA13 STIM1 PPP1R12A ITGB1 PRKCI PLA2G4A PRKG2 RAP1B MYLK3 PRKACB MAPK1 FCGR2A PIK3R6 MAPK14 ROCK1 AKT2 ITPR2 GNAI1 PPP1CC MYLK PIK3R3 PLCB1 MYL12A SRC PTGIR PRKCZ MYLK2 PRKACG FGA SNAP23 ORAI1 MYL12B RASGRP2 ITGA2 AKT1 ROCK2 MAPK13 NOS3 BTK ITPR1 PLCG2 PRKG1 ADCY6 SYK GNAI2 PPP1CA TBXA2R FCER1G ARHGEF1 GUCY1B1 TLN1
AGE-RAGE signaling pathway in diabetic complications,Human Diseases,PLCB3 MAPK12 MAPK11 STAT5B DIAPH1 NFATC1 JUN PIK3R1 PRKCB MAPK3 AKT3 PRKCE STAT3 TGFBR2 EGR1 CDC42 NRAS MAPK9 PRKCA SMAD4 TGFBR1 F3 TNF STAT1 JAK2 CCND1 AGER CASP3 HRAS MAPK1 MAPK8 COL4A3 AGTR1 MAPK14 AKT2 PRKCD PLCB1 FN1 STAT5A PIK3R3 RELA NOX4 PRKCZ NFKB1 BCL2 SMAD3 PLCG1 CDKN1B AKT1 MAPK13 MAPK10 FOXO1 KRAS MMP2 SMAD2 PLCG2 CDK4 PIM1 RAC1 BAX NOS3
Long-term potentiation,Organismal Systems,PLCB3 CAMK2B CALM2 PRKCB MAP2K1 MAPK3 ATF4 BRAF EP300 NRAS PRKACA RAP1A RPS6KA1 PRKCA RPS6KA3 CAMK2D CALM3 CREBBP RAP1B PRKACB HRAS RPS6KA2 GRIN1 ARAF RAF1 CALM1 GRIN2A ITPR2 PPP1CC PLCB1 GRIN2B RPS6KA6 PPP1R1A PRKCG MAP2K2 CAMK4 PRKACG GRM1 GRIA1 RAPGEF3 GRM5 GRIA2 KRAS CAMK2A MAPK1 ITPR1 GRIN2C PPP1CA CAMK2G CACNA1C
Mitophagy,Cellular Processes,RRAS JUN BCL2L1 PRKN USP8 CSNK2A3 CSNK2B ULK1 SQSTM1 GABARAPL2 ATF4 HIF1A NRAS MAPK9 FUNDC1 BNIP3 E2F1 MFN2 AMBRA1 RHOT1 ATG9A HRAS CSNK2A1 MAPK8 OPTN USP15 ATG5 MITF SRC TFEB PINK1 RELA MFN1 BNIP3L EIF2AK3 TBK1 CITED2 TAX1BP1 BECN1 MAPK10 FOXO3 KRAS SP1 NBR1 FIS1 UBC CSNK2A2 TFE3 RRAS2 TP53
Renal cell carcinoma,Human Diseases,PAK3 JUN MAP2K1 PIK3R1 FH BAD AKT3 MAPK3 MET ETS1 PAK6 PAK4 HIF1A EP300 BRAF CDC42 NRAS RAP1A SLC2A1 CREBBP RAPGEF1 VHL RAP1B HRAS RAF1 ARAF MAPK1 PAK1 AKT2 GAB1 PIK3R3 PAK2 MAP2K2 ARNT CRK GRB2 CDKN1A AKT1 SOS1 KRAS CRKL EPAS1 TFE3 EGLN2 RAC1 PTPN11 FLCN EGLN1
mTOR signaling pathway,Environmental Information Processing,IKBKB PIK3R1 IRS1 MAPK3 MTOR NRAS LRP6 RPS6KA1 TNF RPS6 DVL2 RAF1 CASTOR1 PIK3R3 MAP2K2 TTI1 STK11 FNIP1 DEPDC5 ULK2 LAMTOR5 PRR5 IGF1R TNFRSF1A FZD6 TBC1D7 TSC1 PRKCA AKT1S1 INSR MAPK1 EIF4B AKT2 RPS6KA6 PRKCG RPS6KB1 MAPKAP1 TELO2 GSK3B MAP2K1 AKT3 GRB10 ULK1 PTEN RHOA RHEB RPS6KB2 LAMTOR4 DEPTOR SOS1 LPIN1 STRADA DVL1 FZD3 EIF4EBP1 PRKCB PRKAA1 RRAGC SESN2 SLC3A2 BRAF PDPK1 RPTOR SGK1 RPS6KA3 CLIP1 EIF4E TSC2 HRAS RPS6KA2 GRB2 PRKAA2 AKT1 SKP2 KRAS DVL3 CHUK RICTOR FLCN
Th17 cell differentiation,Organismal Systems,MAPK12 HSP90AB1 IKBKB STAT5B MAPK11 IL2RB PRKCQ JUN NFATC1 FOS MAPK3 IL2RA CD3G STAT3 MTOR RXRA TGFBR2 CD3E AHR HIF1A MAPK9 LAT TBX21 RARA HSP90AA1 SMAD4 RORC TGFBR1 ZAP70 STAT1 JAK2 MAPK1 MAPK8 NFKBIB MAPK14 RUNX1 STAT5A RELA NFKB1 NFKBIA NFATC2 SMAD3 PLCG1 IFNGR1 MAPK13 MAPK10 NFATC3 STAT6 IKBKG SMAD2 IL6ST CHUK FOXP3 GATA3 CD4 JAK3 IRF4 LCK CD247 TYK2 JAK1 RORA
Leukocyte transendothelial migration,Organismal Systems,MAPK12 MAPK11 PTK2B ARHGAP35 VASP PIK3R1 PRKCB F11R CTNNB1 MYL2 CTNNA1 TXK CDC42 OCLN AFDN RHOA CLDN4 RAP1A PRKCA ARHGAP5 ITGB1 MYL9 NCF4 NCF1 PXN VCL RAP1B CLDN7 CYBA MAPK14 ROCK1 ITK GNAI1 PIK3R3 CLDN1 ACTN1 VAV1 PRKCG MYL12A CTNND1 ACTN4 MSN NCF2 ITGB2 EZR CDH5 BCAR1 PLCG1 RAPGEF3 CLDN11 MYL12B VAV2 PECAM1 ROCK2 MAPK13 CXCR4 MMP2 PLCG2 GNAI2 RAC1 PTPN11 VAV3 CLDN3 ITGA4 PTK2
Fluid shear stress and atherosclerosis,Human Diseases,MAPK12 HSP90AB1 IKBKB MAPK11 HMOX1 ACVR1 PIK3R1 JUN FOS MAP2K5 SDC4 MAP3K5 CALM2 TNFRSF1A AKT3 CTNNB1 CAV2 TRPV4 SQSTM1 PRKAA1 MAP2K6 CAV1 ITGB3 MAP2K7 MAP3K7 MAPK9 TXN RHOA ARHGEF2 HSP90AA1 ACVR2B SDC2 TNF NCF1 CALM3 HSP90B1 CALM1 MAPK8 CYBA MAPK14 AKT2 GSTP1 KEAP1 PIK3R3 BMPR1B SRC NFE2L2 RELA PRKCZ NFKB1 NCF2 BCL2 CDH5 MAP2K4 PRKAA2 AKT1 PECAM1 MAPK13 MAPK10 BMPR1A MEF2C SDC1 MMP2 IKBKG MEF2A NQO1 PIAS4 KDR CHUK RAC1 GSTA4 TP53 DUSP1 MAPK7 NOS3 PTK2
Necroptosis,Cellular Processes,H2AC11 HSP90AB1 STAT5B FAF1 CAPN2 CYLD IFNAR1 USP21 TNFRSF1A PYGB EIF2AK2 CAMK2B STAT4 STAT3 NLRP3 PARP1 SQSTM1 DNM1L STAT2 CHMP4C MAPK9 TRAF2 TNFAIP3 SHARPIN CFLAR HSP90AA1 HMGB1 MLKL TNF H2AC18 STAT1 VDAC1 CAMK2D JAK2 H2AC14 H2AC12 PLA2G4A TLR3 TRPM7 XIAP MAPK8 H2AC6 PYGM AIFM1 STAT5A RIPK3 TICAM2 TLR4 FADD PYCARD RIPK1 BCL2 PYGL SLC25A5 H2AC21 IFNGR1 BID MAPK10 CAMK2A SMPD1 CAPN1 STAT6 SLC25A4 CASP8 CASP1 H2AC1 H2AX JAK3 VDAC2 CAMK2G BAX TYK2 JAK1 TICAM1 CHMP7
Prolactin signaling pathway,Organismal Systems,MAPK12 GSK3B MAPK11 STAT5B MAP2K1 PIK3R1 FOS AKT3 MAPK3 STAT3 NRAS MAPK9 CYP17A1 ESR1 SOCS1 SLC2A2 STAT1 JAK2 CCND1 PRLR HRAS RAF1 MAPK8 MAPK1 MAPK14 AKT2 SOCS3 STAT5A SHC3 PIK3R3 SRC MAP2K2 RELA NFKB1 PRL GRB2 TH AKT1 MAPK13 MAPK10 SOS1 FOXO3 CCND2 KRAS IRF1 SHC1 SHC4 ESR2
TNF signaling pathway,Environmental Information Processing,MAPK12 IKBKB MAPK11 JUN PIK3R1 TNFRSF1A FOS MAPK3 MAP2K1 MAP3K5 AKT3 MAP2K6 DNM1L CASP7 CREB3 ATF4 MAP2K7 MAP3K7 MAPK9 TRAF2 MAP2K3 CEBPB TNFAIP3 CFLAR RPS6KA4 DAB2IP MLKL TNF CREB1 CASP3 TRAF1 MAPK1 MAPK8 MAPK14 AKT2 SOCS3 RIPK3 PIK3R3 RPS6KA5 MAP3K8 PTGS2 ATF2 RELA FADD NFKB1 NFKBIA RIPK1 BCL3 JUNB MAP2K4 AKT1 MAP3K14 ITCH MAPK13 MAPK10 MMP14 TAB3 IKBKG CHUK CASP8 IRF1 TRAF3 TAB1
Hepatocellular carcinoma,Human Diseases,PIK3R1 BAD MAPK3 MTOR NRAS LRP6 ELK1 LEF1 TGFBR1 CCND1 DVL2 ARAF RAF1 APC PIK3R3 MAP2K2 PLCG1 SMAD2 CDK4 SHC1 GSTA4 SHC4 BAX SMARCD3 BCL2L1 IGF1R FZD6 BAK1 PRKCA SMAD4 E2F1 MYC MAPK1 AKT2 KEAP1 AXIN2 PRKCG RPS6KB1 SMAD3 CDKN2A CSNK1A1 RB1 GSK3B MAP2K1 AKT3 MET PTEN GSTP1 PBRM1 TERT GAB1 AXIN1 SHC3 RPS6KB2 E2F3 NFE2L2 ARID1A SOS1 CSNK1A1L SMARCA4 PLCG2 DVL1 FZD3 TP53 HMOX1 TCF7L2 PRKCB CTNNB1 TGFBR2 DPF3 BRAF FRAT1 SMARCC2 HRAS GRB2 CDKN1A AKT1 KRAS DVL3 NQO1 CDK6 EGFR
Chemical carcinogenesis,Human Diseases,ARRB2 STAT5B JUN PIK3R1 FOS BAD MAPK3 MTOR AHR NRAS PRKACA RPS6KA1 HSP90AA1 CACNA1B AR CCND1 HSP90B1 RAF1 ADRB1 PIK3R3 PTGS2 PPARA CACNA1D MAP2K2 PRKACG NFKB1 NR1I3 ARNT GNAI2 GSTA4 ADRB2 HSP90AB1 UGT1A7 AIP CYP3A4 ARRB1 BCL6 KLF4 PRKCA E2F1 MYC CCND3 CHRNA7 CREB1 MAPK1 AKT2 UGT1A3 KLF5 RPS6KA6 STAT5A PTGES3 PRKCG SRC RELA RPS6KB1 IKBKE UGT2B7 CDC25A KPNA2 CYP2B6 ADCY6 CACNA1S RB1 ADCY3 MAP2K1 AKT3 STAT3 CDC6 ATF4 ESR1 JAK2 KPNA1 PGR GSTP1 GNAI1 RPS6KB2 SOS1 ESR2 EIF4EBP1 PRKCB RXRA CREB3 FGF2 BIRC5 VDR RPS6KA3 PRKACB XIAP HRAS RPS6KA2 NOTCH2 ATF2 BCL2 GRB2 AKT1 KRAS CACNA1C EGFR
Axon guidance,Organismal Systems,PAK3 PIK3R1 MAPK3 EPHB2 CDC42 NRAS DCC EPHA1 DPYSL2 ITGB1 ABL1 RAF1 PIK3R3 PAK2 NFATC2 PLCG1 TRPC4 CDK5 FES PLXNA1 GNAI2 EPHB4 RAC1 PTPN11 LIMK1 PTK2 EFNB2 CAMK2B EPHA7 EPHB3 PRKCA CAMK2D EPHA3 NFATC4 MAPK1 ROCK1 MYL12A BMPR1B SRC EPHA2 RASA1 CAMK2A PLXNB1 CFL2 CAMK2G RYK CFL1 ROBO1 SSH3 GSK3B LIMK2 RRAS LRRC4C MET PAK6 RHOA FYN TRPC6 UNC5B NGEF PAK1 GNAI1 SSH1 EPHA4 PLXNA2 MYL12B PARD6A ROCK2 TRPC3 DPYSL5 ILK PLCG2 FZD3 EPHA8 PAK4 PDPK1 EPHB6 MYL9 NCK1 HRAS PRKCZ ROBO3 EPHB1 KRAS CXCR4 NFATC3 L1CAM PARD3 EPHA5 EPHA6 TRPC1 TRPC5
Oocyte meiosis,Cellular Processes,MAPK12 MAPK11 CCNE1 CAMK2B IGF1R CALM2 MAP2K1 MAPK3 BUB1 PTTG2 SLK YWHAG AURKA MOS FBXO43 PRKACA MAD1L1 RPS6KA1 YWHAZ YWHAH BTRC RPS6KA3 ANAPC1 AR CAMK2D CALM3 CDC27 PTTG1 ESPL1 PGR CDC25C ANAPC7 PRKACB MAPK1 CALM1 YWHAQ RPS6KA2 MAPK14 CDK2 PPP2R5C YWHAE RPS6KA6 ITPR2 CDC16 PPP1CC PLK1 PRKACG SMC1A SMC3 PPP2R5D MAD2L1 PPP2R5A PPP2CA ANAPC4 CDC26 MAPK13 CAMK2A PKMYT1 SGO1 CDK1 CDC20 ITPR1 FBXO5 ADCY6 PPP1CA CAMK2G CDC23 CCNB1 YWHAB ADCY3
B cell receptor signaling pathway,Organismal Systems,FCGR2B GSK3B IKBKB BCL10 NFATC1 JUN PIK3R1 MAP2K1 FOS MAPK3 AKT3 PRKCB RASGRP3 NRAS LYN CD79A PIK3AP1 CD72 MALT1 HRAS RAF1 MAPK1 NFKBIB BLNK AKT2 PTPN6 CD19 PIK3R3 VAV1 DAPP1 MAP2K2 RELA NFKB1 NFKBIA NFATC2 GRB2 VAV2 AKT1 SOS1 KRAS NFATC3 BTK IKBKG CHUK PLCG2 SYK RAC1 VAV3 CARD11 INPPL1 CD79B
Hippo signaling pathway,Environmental Information Processing,CSNK1D AJUBA LEF1 TGFBR1 LATS2 LLGL2 CCND1 DVL2 YWHAE APC DLG3 ITGB2 PPP2CA STK3 SAV1 CCND2 BMPR1A DLG2 SMAD2 AMOT ID2 GLI2 DLG1 SOX2 FZD6 ID1 SMAD7 SNAI2 SMAD4 WWC1 MYC CCND3 AXIN2 BMPR1B YAP1 NF2 SMAD3 TP73 YWHAB GSK3B CTNNA1 YWHAG YWHAH BTRC RASSF1 MOB1A PAK1 YWHAQ PPP2R2B AXIN1 DLG4 PARD6A BBC3 SCRIB SMAD1 DVL1 PPP1CA FZD3 CDH1 TCF7L2 CTNNB1 LLGL1 TP53BP2 TGFBR2 BIRC5 FGF1 YWHAZ PRKCI PPP1CC LIMD1 NKD2 CSNK1E PRKCZ MOB1B WWTR1 PPP2R2A DVL3 PARD3 DLG5 LATS1
"Parathyroid hormone synthesis, secretion and action",Organismal Systems,PLCB3 ARRB2 JUND NACA TRPV5 AKAP13 MAP2K1 FOS MAPK3 FGFR1 NR4A2 PRKCB RXRA CREB3 PTH1R EGR1 ATF4 BRAF ARRB1 LRP6 RHOA PLD1 PRKACA GNA13 VDR PRKCA RUNX2 CREB1 RAF1 ARAF MAPK1 PRKACB PDE4B ITPR2 GNAI1 PLCB1 MAFB PRKCG ATF2 MEF2D PDE4A PRKACG SLC9A3R1 CASR BCL2 CDKN1A PLD2 SP1 MEF2C MMP14 MEF2A ITPR1 GATA3 ADCY6 GNAI2 PDE4D PTHLH GCM1 PDE4C ARHGEF1 EGFR ADCY3
Breast cancer,Human Diseases,GSK3B BRCA2 TCF7L2 JUN PIK3R1 IGF1R FOS MAPK3 MAP2K1 FGFR1 FZD6 AKT3 NOTCH1 MTOR KIT PTEN FGF2 BRAF NRAS FRAT1 BAK1 LRP6 ESR1 FGF1 LEF1 E2F1 CTNNB1 SHC4 MYC CCND1 PGR DVL2 RAF1 HES5 BRCA1 ARAF MAPK1 AKT2 FLT4 HRAS NOTCH2 APC PIK3R3 AXIN2 NCOA3 NFKB2 AXIN1 SHC3 MAP2K2 RPS6KB2 E2F3 RPS6KB1 NCOA1 GRB2 CDKN1A AKT1 SOS1 HES1 KRAS DVL3 SP1 CSNK1A1L DVL1 CDK4 SHC1 CSNK1A1 EGFR ERBB2 FZD3 TP53 CDK6 BAX ESR2 RB1
Endometrial cancer,Human Diseases,GSK3B TCF7L2 MAP2K1 PIK3R1 CTNNB1 BAD AKT3 MAPK3 CTNNA1 PTEN BRAF CASP9 PDPK1 NRAS BAK1 ELK1 LEF1 MYC CCND1 HRAS ARAF RAF1 MAPK1 AKT2 BAX APC AXIN1 AXIN2 PIK3R3 MAP2K2 GRB2 CDKN1A AKT1 SOS1 FOXO3 KRAS ILK ERBB2 TP53 MLH1 CDH1 EGFR
Fc epsilon RI signaling pathway,Organismal Systems,MAPK12 MAPK11 MAP2K1 PIK3R1 AKT3 MAPK3 LCP2 MAP2K6 PDPK1 MAP2K7 MAPK9 NRAS LYN LAT MAP2K3 FYN PRKCA TNF PLA2G4A HRAS RAF1 MAPK8 MAPK1 MAPK14 AKT2 PIK3R3 VAV1 MAP2K2 GRB2 ALOX5 PLCG1 VAV2 MAP2K4 AKT1 MAPK13 GAB2 MAPK10 SOS1 KRAS BTK PLCG2 SYK FCER1G RAC1 VAV3
Cushing syndrome,Human Diseases,PLCB3 GSK3B TCF7L2 CCNE1 CAMK2B RBBP5 AIP FH MAP2K1 PDE8A MAPK3 CTNNB1 USP8 FZD6 KCNA4 CREB3 ATF4 AHR BRAF CACNA1H CYP17A1 MEN1 PRKACA RAP1A KCNK3 STAR LEF1 E2F1 NR5A1 NR4A1 CAMK2D CCND1 RAP1B DVL2 CREB1 WDR5 MAPK1 PRKACB AGTR1 CDK2 ITPR2 GNAI1 PLCB1 APC AXIN1 AXIN2 ATF2 KMT2A CACNA1D MAP2K2 E2F3 PRKACG CRHR1 ARNT CDKN1A ORAI1 CDKN1B CDKN2A CAMK2A KMT2D SP1 DVL3 ITPR1 DVL1 ADCY6 CDK4 GNAI2 EGFR CACNA1S CAMK2G FZD3 CDK6 PDE11A CACNA1C RB1 ADCY3
Progesterone-mediated oocyte maturation,Organismal Systems,MAPK12 HSP90AB1 MAPK11 IGF1R PIK3R1 MAP2K1 MAPK3 FZR1 AKT3 CDC25B BUB1 BRAF MAPK9 AURKA MOS PRKACA MAD1L1 RPS6KA1 HSP90AA1 STK10 RPS6KA3 ANAPC1 CDC27 PGR CDC25C ANAPC7 ARAF RAF1 MAPK1 PRKACB MAPK8 MAPK14 AKT2 CDK2 GNAI1 RPS6KA6 RPS6KA2 CDC16 PIK3R3 PLK1 KIF22 PRKACG MAD2L1 ANAPC4 CDC26 AKT1 MAPK13 MAPK10 KRAS CDC25A PKMYT1 CDK1 CCNA2 PDE3B ADCY6 GNAI2 CDC23 CCNB1 ADCY3
Calcium signaling pathway,Environmental Information Processing,PLCB3 NOS1 HRH1 PRKACA PHKA1 NTRK3 CACNA1B FGFR3 RET CAMK1D GRIN1 NOS2 ADRB1 AGTR1 LTB4R2 PPIF CACNA1D MCU PRKACG ORAI1 PLCG1 SLC25A5 GRM5 RYR1 GRIN2C ADRB2 CAMK1 NTRK1 CAMK2B CALM2 ATP2A2 GNA15 SPHK2 PDGFRA ADRA1D PRKCA STIM1 MST1R VDAC1 CAMK2D CALM3 CHRNA7 CHRM2 FLT4 PHKG2 ADRA1B PRKCG ATP2B1 CAMK2A SLC25A4 OXTR KDR CACNA1S CAMK2G ADCY3 PTK2B ATP2B4 FGFR1 MET ITPKA NTRK2 PHKG1 CASQ2 CAMK1G CALM1 SPHK1 EDNRA ITPR2 BDKRB2 MYLK2 CAMK4 GRM1 PLN ATP2B2 ITPR1 PLCG2 RYR2 NOS3 FGFR4 MYLK4 PRKCB ITPKB FGFR2 FGF2 PDGFRB CACNA1H ERBB4 FGF1 HTR6 MCOLN1 ERBB3 FLT1 MYLK3 PRKACB GRIN2A MYLK CYSLTR1 PLCB1 CXCR4 TBXA2R ERBB2 VDAC2 CACNA1C EGFR
Amyotrophic lateral sclerosis,Human Diseases,PFN1 MAPK11 GLE1 NOS1 BAD MAP3K5 ATG2B MTOR TUBB2A TRAF2 MAP2K3 NUP107 TNF DCTN6 CAT ATG14 GRIN1 NOS2 MATR3 NUP98 OPTN PSMD1 DAXX KLC1 PSMD2 MCU PINK1 NRG1 GRIA1 ATG13 NDUFV3 TANK RAB8A BECN1 GRIA2 NDUFA12 ULK2 GRIN2C RAC1 BAX MAPK12 TUBB3 TNFRSF1A BCL2L1 CASP9 PIK3C3 NRBF2 GPX1 NDUFV1 NUP210 FUS VDAC1 DDIT3 PSMC5 PSMD11 KLC2 MAPK14 NDUFV2 GRIN2B TUBA1B NDUFS2 NUP62 RANBP2 BID KLC4 CASP1 RB1CC1 SRSF3 RAB1A TUBA1C NEFH NDUFB6 ULK1 SQSTM1 ATF4 ALYREF TARDBP CYCS PSMD3 PSMA5 AMBRA1 NDUFS4 CASP3 ATP5F1C PSMA3 HNRNPA2B1 ATF6 EIF2AK3 ERN1 TBK1 TPR PSMC4 TUBA1A NUP50 NUP214 SOD1 PSMA7 UBQLN4 TUBA4A TP53 SDHA SMCR8 NCBP1 PRKN MAP2K6 TUBB GABARAPL2 ERBB4 NUP133 ATG101 NUP153 NEFL EIF2S1 HNRNPA1 GRIN2A PIK3R4 RAB5A HDAC6 DCTN1 KIF5C BCL2 PRPH XBP1 MAPK13 ATXN2L APAF1 VCP
Spinocerebellar ataxia,Human Diseases,PLCB3 CIC PIK3R1 ATP2A2 DAB1 AKT3 PRKCB MAP3K5 ATG2B ATXN10 MTOR ULK1 PIK3C3 MAPK9 TRAF2 FGF14 NRBF2 PRKCA CYCS KAT5 PSMD3 ATG101 NFYA PSMA5 VDAC1 AMBRA1 KCND3 ATG14 GRIN1 PSMC5 RBPJ PSMD11 GRIN2A PSMD1 AKT2 ITPR2 PIK3R4 GRIN2B PSMA3 MAPK8 PLCB1 PIK3R3 PSMD2 PRKCG PPIF MCU GRM1 ATG13 GRIA1 ATXN3 ERN1 SLC25A5 BECN1 XBP1 GRIA2 AKT1 MAPK10 PSMC4 TRPC3 ULK2 SP1 RYR1 SLC25A4 ITPR1 GRIN2C PSMA7 MYOD1 VDAC2 ATXN2L RB1CC1 ATXN1 RORA
Toxoplasmosis,Human Diseases,MAPK12 IKBKB MAPK11 BCL2L1 TNFRSF1A BAD MAPK3 AKT3 PIK3CG STAT3 HSPA1A TRAF6 MAP2K6 IL10RA CASP9 PDPK1 MAP3K7 MAPK9 MAP2K3 IRAK4 IRAK1 CYCS ITGB1 HSPA1L TNF STAT1 SOCS1 JAK2 CASP3 NOS2 MAPK1 XIAP MAPK8 PIK3R6 MAPK14 AKT2 NFKBIB GNAI1 CCR5 TLR4 PPIF LY96 RELA NFKB1 NFKBIA LAMC1 BCL2 ALOX5 IFNGR1 AKT1 MAPK13 MAPK10 IKBKG CHUK CASP8 CIITA GNAI2 TAB1 TYK2 JAK1
Gastric cancer,Human Diseases,GSK3B TCF7L2 CCNE1 PIK3R1 MAP2K1 CDH1 MAPK3 AKT3 CTNNB1 FZD6 MET CTNNA1 MTOR RXRA FGFR2 TGFBR2 FGF2 BRAF NRAS FRAT1 BAK1 LRP6 FGF1 MLH1 LEF1 TGFBR1 SMAD4 E2F1 SHC4 MYC CCND1 DVL2 RAF1 ARAF MAPK1 HRAS AKT2 CDK2 TERT APC PIK3R3 AXIN2 GAB1 AXIN1 SHC3 RPS6KB2 MAP2K2 E2F3 RPS6KB1 BCL2 SMAD3 GRB2 CDKN1A CDKN1B AKT1 SOS1 KRAS DVL3 CSNK1A1L ABCB1 SMAD2 DVL1 SHC1 CSNK1A1 EGFR CDX2 JUP FZD3 TP53 ERBB2 BAX RB1
Signaling pathways regulating pluripotency of stem cells,Cellular Processes,MAPK12 GSK3B FGFR4 MAPK11 NANOG ACVR1 PIK3R1 PCGF6 IGF1R MAPK3 SOX2 MAP2K1 FZD6 FGFR1 AKT3 STAT3 CTNNB1 FGFR2 FGF2 ISL1 TBX3 NRAS ACVR1B ID1 ACVR1C POU5F1 KLF4 ACVR2B SMAD4 REST MYC JAK2 FGFR3 RIF1 PAX6 MYF5 DVL2 RAF1 MAPK1 KAT6A HRAS MAPK14 AKT2 SMAD9 APC PIK3R3 AXIN2 BMPR1B AXIN1 LIFR MAP2K2 DLX5 HAND1 ID3 SMAD3 GRB2 AKT1 NEUROG1 TCF3 MAPK13 KRAS DVL3 BMPR1A SMAD2 IL6ST SMAD1 DVL1 BMI1 PCGF2 ID2 JAK3 FZD3 SETDB1 JAK1
NF-kappa B signaling pathway,Environmental Information Processing,PIDD1 IKBKB CYLD PRKCQ BCL2L1 TNFRSF1A BCL10 PRKCB CSNK2A3 CSNK2B TRAF6 ATM PARP1 MAP3K7 LYN LAT TRAF2 TNFAIP3 CFLAR IRAK4 MALT1 IRAK1 TIRAP ZAP70 TNF TRIM25 XIAP CSNK2A1 TRAF1 BLNK TICAM2 TLR4 NFKB2 LY96 PTGS2 RELA NFKB1 NFKBIA RIPK1 BCL2 PLCG1 MAP3K14 UBE2I BTK PLAU TAB3 IKBKG CHUK PIAS4 TRAF3 CSNK2A2 SYK PLCG2 TAB1 CARD11 LCK TICAM1 RELB
Adrenergic signaling in cardiomyocytes,Organismal Systems,PLCB3 SCN5A TNNT2 MAPK11 MAPK12 CAMK2B CALM2 ATP2A2 ATP2B4 MAPK3 AKT3 SLC9A1 MYL2 PIK3CG PLCB1 CREB3 ATF4 ADRA1D PRKACA PRKCA ATP1A1 CAMK2D CALM3 PPP2R3A CREM CREB1 PRKACB MAPK1 ADRB1 CALM1 AGTR1 MAPK14 AKT2 PIK3R6 PPP2R5C PPP2R2B GNAI1 PPP1CC ADRA1B PPP1R1A KCNE1 RPS6KA5 CACNB2 CACNA1D ATF2 PRKACG KCNQ1 BCL2 PPP2R5D ATP2B1 RAPGEF3 PPP2CA PPP2R5A AKT1 CACNB1 PPP2R2A MAPK13 PLN CAMK2A ATP2B2 TNNI3 ADCY6 PPP1CA GNAI2 RYR2 CACNA1S CAMK2G ADRB2 CACNA1C TPM1 CACNG2 ADCY3
Estrogen signaling pathway,Organismal Systems,PLCB3 HSP90AB1 JUN PIK3R1 CALM2 FOS MAPK3 MAP2K1 AKT3 FKBP5 HSPA1A FKBP4 CREB3 ATF4 NRAS KCNJ5 KRT18 PRKACA ESR1 RARA HSP90AA1 HSPA1L CALM3 HSP90B1 PGR CREB1 RAF1 MAPK1 CALM1 PRKACB HRAS AKT2 ITPR2 PRKCD GNAI1 GABBR2 PLCB1 NCOA3 PIK3R3 SHC3 SRC ATF2 KRT20 MAP2K2 PRKACG GABBR1 GRM1 BCL2 NCOA1 GRB2 AKT1 SOS1 NOS3 KRAS NCOA2 KCNJ3 SP1 MMP2 KRT19 ITPR1 ADCY6 OPRM1 SHC1 GNAI2 SHC4 ESR2 EGFR ADCY3
Bacterial invasion of epithelial cells,Human Diseases,SEPTIN9 SEPTIN8 PIK3R1 CDH1 CTNNB1 MET CAV2 CTNNA1 CAV1 CDC42 SEPTIN3 RHOA CLTB HCLS1 ITGB1 PXN CTTN VCL ACTR2 WASF2 ELMO2 FN1 GAB1 PIK3R3 SEPTIN12 SHC3 ARPC1B SRC SEPTIN2 SEPTIN1 DOCK1 WASF1 DNM1 BCAR1 CRK ELMO1 WASL CRKL ARPC5 ILK CLTC SHC1 RAC1 DNM2 SHC4 CBL PTK2
Toll-like receptor signaling pathway,Organismal Systems,MAPK12 IRF3 IKBKB MAPK11 IFNAR1 TLR5 JUN PIK3R1 MAP2K1 FOS MAPK3 AKT3 MAP2K6 TRAF6 MAP2K7 MAP3K7 MAPK9 MAP2K3 IRAK4 IRAK1 TIRAP TNF STAT1 IRF7 TLR3 MAPK1 MAPK8 MAPK14 AKT2 TICAM2 PIK3R3 MAP3K8 TLR4 LY96 MAP2K2 RELA FADD NFKB1 IKBKE NFKBIA RIPK1 TBK1 MAP2K4 AKT1 MAPK13 MAPK10 SPP1 IKBKG CHUK CASP8 TRAF3 TAB1 RAC1 IRF5 TICAM1
Phospholipase D signaling pathway,Environmental Information Processing,PLCB3 PIP5K1C PTK2B RRAS PIK3R1 MAP2K1 DGKG MAPK3 AKT3 SPHK2 PIK3CG MTOR KIT NRAS PDGFRA PDGFRB RHOA PLD1 TSC1 FYN GNA13 PRKCA PIP5K1B PLA2G4A TSC2 CYTH1 RAF1 INSR MAPK1 RHEB AGTR1 AKT2 SPHK1 PIK3R6 HRAS DGKZ PLCB1 GAB1 DGKA PIK3R3 SHC3 RALA MAP2K2 DNM1 GRM1 CYTH2 RAPGEF3 PLCG1 GRB2 GRM5 AKT1 AVPR2 SOS1 GAB2 KRAS PLD2 RALB DGKD PLCG2 ADCY6 SYK SHC1 FCER1G RRAS2 PTPN11 DNM2 SHC4 EGFR ADCY3
Dopaminergic synapse,Organismal Systems,PLCB3 ARRB2 MAPK12 MAPK11 GSK3B CLOCK CAMK2B SLC6A3 CALM2 PRKCB FOS AKT3 CREB3 ATF4 KCNJ5 MAPK9 ARRB1 PRKACA DRD2 PRKCA CACNA1B CAMK2D CALM3 PPP2R3A GRIA4 PPP1R1B CREB1 PRKACB CALM1 GRIN2A SLC18A2 MAPK8 MAPK14 AKT2 PPP2R5C GRIN2B ITPR2 PPP2R2B GNAI1 PPP1CC PLCB1 PRKCG ATF2 GSK3A CACNA1D MAOA KIF5C PRKACG GRIA1 PPP2R5D DRD3 PPP2R5A PPP2CA TH GRIA2 AKT1 PPP2R2A MAPK13 MAPK10 CAMK2A KCNJ3 ITPR1 PPP1CA GNAI2 CAMK2G CACNA1C
Choline metabolism in cancer,Human Diseases,PIP5K1C EIF4EBP1 JUN PIK3R1 MAP2K1 FOS MAPK3 AKT3 PRKCB DGKG MTOR WAS HIF1A PDPK1 CHKA NRAS PDGFRA PCYT1A MAPK9 PDGFRB PLD1 TSC1 WASF3 PRKCA PIP5K1B PLA2G4A TSC2 HRAS RAF1 WASF2 MAPK1 RHEB MAPK8 AKT2 DGKZ DGKA PIK3R3 PRKCG RPS6KB2 MAP2K2 RPS6KB1 GRB2 PLCG1 CHKB AKT1 SOS1 MAPK10 KRAS PLD2 SP1 DGKD RAC1 EGFR WASF1
Glucagon signaling pathway,Organismal Systems,PLCB3 SIRT1 PFKP PYGB CAMK2B PCK1 CALM2 PDHA2 AKT3 PRKAA1 LDHB CREB3 ATF4 LDHA EP300 ACACB PRKACA PHKG1 PHKA1 SLC2A1 PRKAG1 SLC2A2 CAMK2D SIK2 CREBBP CALM3 CRTC2 PFKM PFKL CREB1 PDHA1 CALM1 GYS2 PRKACB AKT2 PHKG2 PYGM ITPR2 PLCB1 PGAM1 PRKAB1 ATF2 PPARA PPARGC1A PRKACG GYS1 PYGL SIK1 PRKAA2 AKT1 FOXO1 CAMK2A FBP1 PDE3B ITPR1 ACACA CAMK2G PKM
p53 signaling pathway,Cellular Processes,PIDD1 COP1 RRM2 CCNE1 RCHY1 BCL2L1 SESN2 ATM PTEN CASP9 IGFBP3 GTSE1 SIVA1 CYCS CCND3 CCND1 TSC2 CASP3 SIAH1 CDK2 BAX MDM4 BCL2 ATR PPM1D PMAIP1 TP73 CDKN1A SFN CHEK1 BID BBC3 CDKN2A CCND2 CDK1 CASP8 CDK4 RRM2B TP53 CDK6 MDM2 CCNB1 CHEK2 APAF1
Tuberculosis,Human Diseases,MAPK11 LAMP2 BAD MAPK3 RAB5B EP300 IRAK4 TIRAP TNF CREBBP LSP1 NOS2 RAF1 NFKB1 ITGB2 CORO1A SYK BAX MAPK12 CAMK2B TNFRSF1A CALM2 SPHK2 IL10RA CASP9 PIK3C3 CEBPB MALT1 NFYA STAT1 CAMK2D CALM3 KSR1 CREB1 MAPK1 MAPK14 AKT2 SRC RELA IFNGR1 BID CAMK2A CAMK2G JAK1 AKT3 TRAF6 IRAK2 EEA1 MAPK9 RHOA CYCS JAK2 CASP3 CALM1 SPHK1 FADD CARD9 HSPA9 FCGR2B BCL10 FCGR2C VDR IRAK1 FCGR2A MAPK8 RAB5A RIPK2 TLR4 BCL2 AKT1 MAPK13 MAPK10 CASP8 CIITA FCER1G PLK3 APAF1
Influenza A,Human Diseases,IRF3 HNRNPUL1 IKBKB NLRP3 IFNAR1 TNFRSF1A PIK3R1 ADAR EIF2AK2 MAPK3 MAP2K1 AKT3 PRKCB TICAM1 STAT2 EP300 CASP9 BAK1 RAB11A IRAK4 PRKCA CYCS TNF STAT1 VDAC1 JAK2 CREBBP CCND3 KPNA1 TRIM25 EIF2S1 IRF7 NUP98 TLR3 CASP3 RAF1 MAPK1 NFKBIB AKT2 SOCS3 PIK3R3 MAVS TLR4 MAP2K2 RELA FADD NFKB1 IKBKE PYCARD PML NFKBIA TBK1 SLC25A5 IFNGR1 DNAJB1 BID AKT1 RNASEL KPNA2 IKBKG SLC25A4 CHUK IFIH1 TRAF3 CASP8 CDK4 CASP1 CIITA XPO1 CDK6 BAX TYK2 JAK1 APAF1
Diabetic cardiomyopathy,Human Diseases,PLCB3 MAPK11 PIK3R1 IRS1 MTOR TGFBR1 NCF1 TBC1D4 CD36 AGTR1 PRKCD PIK3R3 PPIF PPARA NFKB1 NDUFV3 PDK4 SLC25A5 NDUFA12 SP1 SMAD2 RAC1 MAPK12 CAMK2B ATP2A2 GAPDH PRKCA NDUFV1 VDAC1 CAMK2D INSR PDHA1 CYBA MAPK14 AKT2 NDUFV2 GFPT1 PRKCG RELA SMAD3 NDUFS2 GFPT2 CAMK2A MMP2 SLC25A4 CAMK2G GSK3B G6PD AKT3 NDUFB6 PTEN MAPK9 NCF4 AGER NDUFS4 GYS2 ATP5F1C NCF2 GYS1 PLN TNNI3 GSR PPP1CA NOS3 RYR2 SDHA PDHA2 PRKCB TGFBR2 PARP1 SLC2A1 SLC2A4 MAPK8 PDK2 PPP1CC PLCB1 PRKCZ AKT1 MAPK13 MAPK10 ACE PDK3 VDAC2
Small cell lung cancer,Human Diseases,IKBKB CCNE1 BCL2L1 PIK3R1 AKT3 RXRA TRAF6 PTEN CASP9 TRAF2 BAK1 CYCS ITGB1 E2F1 MYC TRAF4 CCND1 RB1 CASP3 NOS2 TRAF1 XIAP COL4A3 CDK2 AKT2 FN1 PIK3R3 PTGS2 E2F3 RELA NFKB1 NFKBIA LAMC1 BCL2 CDKN1A CDKN1B ITGA2 AKT1 SKP2 FHIT IKBKG CHUK TRAF3 CDK4 MAX TP53 CDK6 BAX APAF1 PTK2
VEGF signaling pathway,Environmental Information Processing,MAPK12 MAPK11 MAP2K1 PRKCB PIK3R1 BAD AKT3 MAPK3 SPHK2 CDC42 CASP9 NRAS PRKCA PXN SH2D2A PLA2G4A HRAS RAF1 MAPK1 MAPKAPK2 SPHK1 MAPK14 AKT2 PIK3R3 PRKCG SRC PTGS2 MAP2K2 MAPKAPK3 NFATC2 PLCG1 AKT1 MAPK13 KRAS PLCG2 KDR RAC1 HSPB1 NOS3 PTK2
Parkinson disease,Human Diseases,MAP3K5 TUBB2A PRKACA UBA1 MAPT PSMD1 DAXX KLC1 PSMD2 PPIF MCU PINK1 MFN1 PRKACG NDUFV3 PLCG1 SLC25A5 SNCA NDUFA12 GNAI2 PARK7 BAX CAMK2B SLC6A3 SEPTIN5 CALM2 TUBB3 BCL2L1 CASP9 TXN TRAP1 NDUFV1 VDAC1 CAMK2D CALM3 DDIT3 PSMC5 PSMD11 KLC2 NDUFV2 TUBA1B NDUFS2 HTRA2 CAMK2A SLC25A4 KLC4 CAMK2G UBE2J1 TUBA1C NDUFB6 ATF4 MAPK9 DRD2 CYCS PSMD3 MFN2 PSMA5 NDUFS4 CASP3 CALM1 ATP5F1C SLC18A2 ITPR2 GNAI1 PSMA3 ATF6 MAOA NFE2L2 EIF2AK3 ERN1 PSMC4 TUBA1A UBC ITPR1 PSMA7 TUBA4A TP53 DUSP1 SDHA PRKN TUBB EIF2S1 PRKACB MAPK8 KIF5C TH XBP1 MAPK10 VDAC2 SNCAIP LRRK2 APAF1
Adipocytokine signaling pathway,Organismal Systems,IKBKB CAMKK2 PCK1 PRKCQ TNFRSF1A IRS1 ACSL4 AKT3 ADIPOR1 PRKAA1 RXRA STAT3 MTOR MAPK9 ACACB TRAF2 SLC2A1 PRKAG1 TNF JAK2 CD36 SLC2A4 MAPK8 NFKBIB AKT2 IRS4 SOCS3 PRKAB1 PPARGC1A PPARA RELA IRS2 NFKB1 NFKBIA STK11 PRKAA2 AKT1 MAPK10 IKBKG CHUK PTPN11 LEPR
Bladder cancer,Human Diseases,MAP2K1 MAPK3 DAPK3 BRAF NRAS DAPK1 E2F1 MYC RASSF1 FGFR3 CCND1 RB1 HRAS ARAF RAF1 MAPK1 RPS6KA5 SRC E2F3 MAP2K2 CDKN1A DAPK2 MDM2 CDKN2A KRAS MMP2 CDK4 ERBB2 TP53 CDH1 EGFR
IL-17 signaling pathway,Organismal Systems,MAPK12 HSP90AB1 JUND MAPK11 IKBKB GSK3B JUN SRSF1 FOS IL17RB MAPK3 TRAF6 S100A9 MAP3K7 MAPK9 IL17RA TRAF2 TRAF3IP2 CEBPB TNFAIP3 HSP90AA1 USP25 FOSB TNF TRAF4 HSP90B1 CASP3 MAPK1 MAPK8 MAPK14 PTGS2 RELA FOSL1 FADD NFKB1 IKBKE NFKBIA TBK1 MAPK4 MAPK13 MAPK10 MAPK15 MAPK6 TAB3 IKBKG ELAVL1 CHUK CASP8 TRAF3 MAPK7
Prion disease,Human Diseases,MAPK11 PIK3R1 BAD MAPK3 HSPA1A TUBB2A PRKACA CACNA1B TNF NCF1 GRIN1 CSNK2A1 PSMD1 PRKCD KLC1 PIK3R3 PSMD2 PPIF CACNA1D MCU PRKACG NDUFV3 SLC25A5 NDUFA12 RYR1 GRIN2C RAC1 BAX MAPK12 TUBB3 CASP9 STIP1 NDUFV1 VDAC1 DDIT3 PSMC5 CREB1 PSMD11 MAPK1 CYBA MAPK14 NDUFV2 KLC2 GRIN2B PRNP TUBA1B NDUFS2 SLC25A4 KLC4 CSNK2A2 CACNA1S GSK3B TUBA1C NOTCH1 CSNK2B NDUFB6 EGR1 ATF4 MAPK9 FYN CYCS PSMD3 HSPA1L PSMA5 NCF4 NDUFS4 CASP3 ATP5F1C ITPR2 PSMA3 NCF2 EIF2AK3 PSMC4 TUBA1A SOD1 ITPR1 NCAM1 PSMA7 TUBA4A RYR2 SDHA CSNK2A3 CAV2 CAV1 TUBB CREB3 EIF2S1 PRKACB GRIN2A MAPK8 ATF2 KIF5C LAMC1 MAPK13 MAPK10 VDAC2 CACNA1C APAF1
GnRH secretion,Organismal Systems,PLCB3 ARRB2 MAP2K1 PRKCB PIK3R1 AKT3 HCN2 MAPK3 KCNN1 NRAS KCNJ5 ARRB1 CACNA1H PRKCA TRPC1 HRAS RAF1 MAPK1 AKT2 ITPR2 PLCB1 GABBR2 PIK3R3 PRKCG KCNJ11 CACNA1D MAP2K2 GABBR1 AKT1 KCNN4 KRAS KCNJ3 SPP1 TRPC4 ITPR1 CACNA1S KCNN2 CACNA1C ESR2 TRPC5
Chagas disease,Human Diseases,PLCB3 MAPK12 IKBKB MAPK11 JUN PIK3R1 TNFRSF1A FOS MAPK3 GNA15 AKT3 CD3G TGFBR2 TRAF6 CD3E MAPK9 CFLAR IRAK4 IRAK1 TGFBR1 TNF NOS2 MAPK1 MAPK8 MAPK14 AKT2 PPP2R2B GNAI1 PLCB1 BDKRB2 PIK3R3 TLR4 RELA FADD NFKB1 NFKBIA PPP2CA MAP2K4 IFNGR1 AKT1 PPP2R2A MAPK13 MAPK10 IKBKG SMAD2 CHUK CASP8 ACE GNAI2 CD247 TICAM1
Th1 and Th2 cell differentiation,Organismal Systems,MAPK12 IKBKB STAT5B MAPK11 IL2RB PRKCQ JUN NFATC1 FOS MAPK3 STAT4 NOTCH1 IL2RA CD3G CD3E MAPK9 LAT TBX21 ZAP70 RUNX3 STAT1 JAK2 RBPJ MAPK1 MAPK8 NFKBIB MAPK14 NOTCH2 STAT5A RELA NFKB1 NFKBIA NFATC2 PLCG1 IFNGR1 MAPK13 MAPK10 NFATC3 STAT6 IKBKG CHUK GATA3 CD4 JAK3 LCK CD247 TYK2 JAK1
Huntington disease,Human Diseases,PLCB3 ATG2B MAP3K5 MTOR TUBB2A EP300 TRAF2 AP2M1 CACNA1B HIP1 CREBBP DCTN6 ATG14 GRIN1 PSMD1 SLC1A3 KLC1 PSMD2 PPIF ATG13 GRIA1 NDUFV3 SLC25A5 BECN1 GRM5 GRIA2 NDUFA12 ULK2 SP1 CLTC PPARG BAX MAP3K10 TUBB3 CASP9 PIK3C3 NRBF2 GPX1 NDUFV1 REST VDAC1 PSMC5 CREB1 PSMD11 KLC2 NDUFV2 GRIN2B TUBA1B NDUFS2 SLC25A4 KLC4 RB1CC1 TUBA1C NDUFB6 ULK1 MAPK9 CYCS PSMD3 POLR2A PSMA5 AMBRA1 GRIA4 NDUFS4 CASP3 ATP5F1C PSMA3 STX1A HDAC1 ERN1 DLG4 BDNF BBC3 PSMC4 NRF1 TUBA1A SOD1 ITPR1 SOD2 PSMA7 TUBA4A HDAC2 TP53 SDHA AP2B1 TUBB CREB3 TGM2 MAP2K7 CLTB ATG101 SIN3A PIK3R4 MAPK8 PLCB1 DCTN1 PPARGC1A HTT KIF5C MAPK10 TFAM CASP8 VDAC2 POLR2F APAF1
Relaxin signaling pathway,Organismal Systems,PLCB3 ARRB2 MAPK12 MAPK11 NOS1 JUN PIK3R1 MAP2K1 FOS MAPK3 GNA15 AKT3 TGFBR2 CREB3 ATF4 NRAS MAPK9 MAP2K7 ARRB1 PRKACA PRKCA TGFBR1 CREB1 NOS2 RAF1 MAPK1 PRKACB HRAS MAPK14 AKT2 MAPK8 GNAI1 COL4A3 PLCB1 PIK3R3 SHC3 SRC ATF2 MAP2K2 RELA PRKCZ NFKB1 PRKACG NFKBIA GRB2 MAP2K4 AKT1 SOS1 NOS3 MAPK13 MAPK10 KRAS MMP2 SMAD2 ADCY6 SHC1 GNAI2 SHC4 EGFR ADCY3
Wnt signaling pathway,Environmental Information Processing,PLCB3 GSK3B TCF7L2 CAMK2B NFATC1 JUN PRKCB CTNNB1 CSNK2A3 FZD6 CSNK2B EP300 FRAT1 CTNND2 MAP3K7 MAPK9 LRP6 RHOA PRKACA PRKCA LEF1 SMAD4 PSEN1 PRICKLE1 BTRC CAMK2D MYC CREBBP CCND3 CTBP1 CCND1 DVL2 NFATC4 CSNK2A1 PRKACB TLE1 MAPK8 PPARD PLCB1 APC SENP2 AXIN2 PRKCG AXIN1 NKD2 TBL1XR1 CSNK1E FOSL1 SERPINF1 PRKACG NFATC2 NLK SMAD3 ROR1 CBY1 ROCK2 CTBP2 MAPK10 RUVBL1 CCND2 CAMK2A DVL3 CSNK1A1L NFATC3 CSNK2A2 DVL1 CSNK1A1 RAC1 INVS CAMK2G FZD3 TP53 RYK SIAH1 ROR2 DAAM1
Non-alcoholic fatty liver disease,Human Diseases,MAPK12 GSK3B IKBKB MAPK11 SDHA JUN PIK3R1 IRS1 FOS TNFRSF1A AKT3 MAP3K5 MAP3K11 ADIPOR1 PRKAA1 NDUFB6 RXRA CASP7 ATF4 CDC42 MAPK9 TRAF2 MLXIPL CYCS NDUFV1 NR1H3 BCL2L11 PRKAG1 TNF EIF2S1 DDIT3 CEBPA INSR NDUFS4 CASP3 MAPK8 MAPK14 AKT2 NDUFV2 SOCS3 PIK3R3 PRKAB1 PPARA GSK3A RELA IRS2 NFKB1 EIF2AK3 ERN1 NDUFV3 NDUFS2 XBP1 PRKAA2 BID AKT1 MAPK13 NDUFA12 MAPK10 ITCH SREBF1 CASP8 PPARG RAC1 BAX LEPR
Inflammatory mediator regulation of TRP channels,Organismal Systems,PLCB3 MAPK12 NTRK1 TRPM8 MAPK11 CAMK2B PRKCQ PIK3R1 CALM2 PRKCB PRKCE MAP2K6 TRPV4 TRPV3 MAPK9 HRH1 MAP2K3 PRKACA PRKCA CAMK2D CALM3 PLA2G4A PRKACB CALM1 MAPK8 MAPK14 ITPR2 PRKCD PPP1CC PLCB1 BDKRB2 PIK3R3 PRKCG SRC ASIC1 PRKACG PTGER4 PLCG1 MAPK13 MAPK10 CAMK2A ITPR1 PLCG2 ADCY6 PPP1CA TRPV1 TRPA1 PRKCH CAMK2G ASIC3 ADCY3
Amphetamine addiction,Human Diseases,SIRT1 CAMK2B SLC6A3 JUN CALM2 PRKCB FOS CREB3 ATF4 PRKACA PRKCA FOSB CAMK2D CALM3 GRIA4 PPP1R1B CREB1 GRIN1 CALM1 GRIN2A SLC18A2 PRKACB PPP1CC GRIN2B PRKCG STX1A ATF2 MAOA CACNA1D CAMK4 PRKACG GRIA1 HDAC1 TH GRIA2 CAMK2A GRIN2C PPP1CA HDAC2 CAMK2G CACNA1C
Gap junction,Cellular Processes,PLCB3 CSNK1D TUBB3 MAP2K1 TUBA1C PRKCB MAP2K5 MAPK3 TUBB2A TUBB GUCY1B1 NRAS PDGFRA PDGFRB PRKACA DRD2 PRKCA PRKG2 HRAS RAF1 MAPK1 ADRB1 PRKACB ITPR2 GNAI1 PLCB1 PRKCG SRC MAP2K2 PRKACG GRM1 TUBA1B GRB2 GRM5 SOS1 KRAS TUBA1A CDK1 ITPR1 PRKG1 ADCY6 GNAI2 TUBA4A EGFR GJA1 MAPK7 MAP3K2 ADCY3
Aldosterone synthesis and secretion,Organismal Systems,PLCB3 CAMK2B CALM2 ATF1 ATP2B4 PRKCB PRKCE NR4A2 LIPE CREB3 ATF4 KCNJ5 DAGLA CACNA1H NPR1 STAR PRKACA KCNK3 PRKCA ATP1A1 NR4A1 CAMK2D CALM3 CAMK1G CAMK1D CREB1 PRKD1 CALM1 PRKACB AGTR1 ITPR2 PLCB1 PRKCG ATF2 CACNA1D KCNK9 PRKACG CAMK4 ATP2B1 ORAI1 PRKD2 CAMK2A ATP2B2 PRKD3 ITPR1 ADCY6 CACNA1S CAMK2G CACNA1C ADCY3 CAMK1
Pertussis,Human Diseases,MAPK12 NLRP3 IRF3 MAPK11 JUN CALM2 FOS MAPK3 TRAF6 CASP7 MAPK9 RHOA C1R IRAK4 IRAK1 TIRAP ITGB1 TNF CALM3 CASP3 NOS2 CALM1 MAPK8 MAPK1 MAPK14 GNAI1 TICAM2 TLR4 LY96 RELA NFKB1 PYCARD ITGB2 MAPK13 MAPK10 IRF1 CASP1 GNAI2 CFL2 CFL1 TICAM1
RIG-I-like receptor signaling pathway,Organismal Systems,MAP3K1 IRF3 MAPK12 MAPK11 IKBKB CYLD TRAF6 MAPK9 MAP3K7 TRAF2 STING1 SIKE1 TNF TRIM25 IRF7 MAPK8 NFKBIB MAPK14 ATG5 MAVS RELA FADD NFKB1 NFKBIA RIPK1 IKBKE OTUD5 TBK1 TANK MAPK13 MAPK10 IKBKG DDX3X CHUK CASP8 TRAF3 IFIH1 PIN1
Type II diabetes mellitus,Human Diseases,IKBKB PIK3R1 IRS1 MAPK3 PRKCE MTOR HK2 MAPK9 CACNA1B SLC2A2 TNF SOCS1 SLC2A4 MAPK1 INSR MAPK8 PRKCD IRS4 SOCS3 PIK3R3 KCNJ11 CACNA1D PRKCZ IRS2 MAFA MAPK10 HK1 PKM CACNA1C PDX1
Melanoma,Human Diseases,IGF1R MAP2K1 PIK3R1 FGFR1 BAD AKT3 MAPK3 MET PTEN FGF2 BRAF NRAS PDGFRA PDGFRB BAK1 FGF1 E2F1 CCND1 HRAS RAF1 ARAF MAPK1 AKT2 BAX MITF PIK3R3 E2F3 MAP2K2 MDM2 CDKN1A AKT1 CDKN2A KRAS CDK4 EGFR TP53 CDK6 CDH1 RB1
Leishmaniasis,Human Diseases,MAPK12 MAPK11 JUN EEF1A2 FOS MAPK3 FCGR2C PRKCB EEF1A1 TRAF6 MAP3K7 IRAK4 IRAK1 ELK1 ITGB1 TNF STAT1 NCF1 NCF4 JAK2 NOS2 MAPK1 FCGR2A NFKBIB CYBA MAPK14 PTPN6 TLR4 PTGS2 RELA NFKB1 NCF2 NFKBIA ITGB2 MARCKSL1 IFNGR1 MAPK13 TAB1 JAK1 ITGA4
Cholinergic synapse,Organismal Systems,PLCB3 KCNQ5 KCNJ4 CAMK2B PIK3R1 MAP2K1 FOS MAPK3 AKT3 PRKCB PIK3CG CREB3 ATF4 NRAS FYN PRKACA PRKCA KCNJ2 CACNA1B CAMK2D JAK2 CHRNA7 CREB1 PRKACB MAPK1 HRAS PIK3R6 CHRM2 AKT2 ITPR2 GNAI1 KCNQ2 PLCB1 PIK3R3 PRKCG CACNA1D PRKACG CAMK4 KCNQ1 BCL2 CHAT AKT1 KRAS CAMK2A KCNJ3 ITPR1 ADCY6 GNAI2 CACNA1S CAMK2G CACNA1C KCNJ12 ADCY3
Thyroid cancer,Human Diseases,TCF7L2 NTRK1 TFG MAP2K1 CTNNB1 MAPK3 RXRA BRAF NRAS BAK1 LEF1 MYC RET CCND1 PAX8 HRAS MAPK1 BAX MAP2K2 CDKN1A TPR KRAS CCDC6 PPARG TP53 CDH1
Long-term depression,Organismal Systems,PLCB3 PPP1R17 NOS1 IGF1R MAP2K1 PRKCB MAPK3 BRAF NRAS LYN GNA13 PRKCA GNAZ PLA2G4A PRKG2 HRAS RAF1 ARAF MAPK1 ITPR2 PLCB1 GNAI1 PRKCG MAP2K2 CRHR1 GRM1 GRIA1 PPP2CA GRIA2 KRAS RYR1 ITPR1 PRKG1 GNAI2 GUCY1B1
Coronavirus disease,Human Diseases,IKBKB MAPK11 JUN PIK3R1 FOS EIF2AK2 MAPK3 STAT2 IRAK4 RPL8 CGAS TNF RPS6 RPL13A RPL21 AGTR1 PIK3R3 NFKB1 RPL13 PLCG1 SYK TYK2 MAPK12 IRF3 IFNAR1 TNFRSF1A PRKCA STAT1 RPS11 MAPK1 MAPK14 PRKCG RELA IKBKE RPL7A IL6ST TRAF3 CASP1 JAK1 ADAR RPS27 RPLP2 STAT3 TRAF6 MAP3K7 MAPK9 STING1 TLR3 RPS27L RPS19 RPL19 RPL11 NFKBIA TBK1 FGA IKBKG PLCG2 IFIH1 NLRP3 PRKCB ACE2 RPL10 RPS3A C1R IRAK1 RPS3 RPS15 FCGR2A MAPK8 NFKBIB MAVS RPS10 TLR4 ADAM17 MAPK13 MAPK10 RPL12 C5AR1 CHUK ACE EGFR
Vascular smooth muscle contraction,Organismal Systems,PLCB3 KCNMA1 PRKCQ MYLK4 CALM2 NPR2 MAP2K1 MAPK3 MYH9 PRKCB PRKCE BRAF ADRA1D NPR1 RHOA PPP1R14A PRKACA PPP1R12B GNA13 PRKCA PPP1R12A MYL9 CALM3 PLA2G4A MYLK3 PRKACB ARAF RAF1 MAPK1 CALM1 AGTR1 ROCK1 ITPR2 PRKCD EDNRA PPP1CC MYLK PLCB1 ADRA1B PRKCG CACNA1D MAP2K2 PTGIR MYLK2 PRKACG IRAG1 PPP1R12C ROCK2 ITPR1 PRKG1 ADCY6 PPP1CA PRKCH CALD1 CACNA1S MYH10 CACNA1C ARHGEF1 GUCY1B1 ADCY3
Ubiquitin mediated proteolysis,Genetic Information Processing,MAP3K1 COP1 FBXW7 RCHY1 UBE2O FZR1 NEDD4 UBE2J1 PRKN UBE2S TRAF6 PRPF19 UBA1 TRIP12 SOCS1 BTRC ANAPC1 CDC27 RNF7 UBE2R2 CUL5 VHL ANAPC7 SIAH1 BRCA1 XIAP FBXO4 CDC16 KEAP1 SOCS3 UBE2A NEDD4L PML AIRE UBE3A SMURF2 MDM2 FANCL ANAPC4 CDC26 CDC34 HUWE1 SKP2 UBE2I ITCH PIAS2 UBR5 UBC CDC20 DDB1 PIAS4 CBLB CDC23 CBL CBLC TRIM32 PIAS1
JAK-STAT signaling pathway,Environmental Information Processing,IL2RB STAT5B IFNAR1 PTPN2 BCL2L1 PIK3R1 IL2RA AKT3 STAT4 STAT3 MTOR IL10RA CSF2RB STAT2 EP300 PDGFRA PDGFRB GFAP SOCS1 STAT1 MYC CREBBP CCND3 JAK2 CCND1 PRLR HRAS RAF1 FHL1 AKT2 PTPN6 EPOR GHR STAT5A PIK3R3 SOCS3 LIFR BCL2 STAM2 PRL GRB2 CDKN1A IFNGR1 AKT1 SOS1 CSF3R PIAS2 CCND2 STAT6 IL6ST PIAS4 MCL1 PIM1 IL15RA JAK3 PTPN11 LEPR TYK2 JAK1 EGFR PIAS1
Circadian entrainment,Organismal Systems,PLCB3 NOS1 CAMK2B CALM2 PRKCB FOS MAPK3 KCNJ5 CACNA1H PRKACA PRKCA CAMK2D CALM3 PER3 GRIA4 PRKG2 GRIN1 CREB1 MAPK1 CALM1 PRKACB GRIN2A GRIN2B GNAI1 PLCB1 RPS6KA5 PRKCG CACNA1D PRKACG GRIA1 PER2 GRIA2 CAMK2A KCNJ3 RYR1 ITPR1 PRKG1 GRIN2C ADCY6 GNAI2 RYR2 CAMK2G CACNA1C GUCY1B1 ADCY3
Natural killer cell mediated cytotoxicity,Organismal Systems,PTK2B IFNAR1 KIR3DL1 NFATC1 PIK3R1 MAP2K1 PRKCB MAPK3 LCP2 TYROBP BRAF NRAS LAT FYN PRKCA HLA-A ZAP70 TNF CASP3 ARAF RAF1 MAPK1 PAK1 HRAS PTPN6 PIK3R3 SHC3 VAV1 PRKCG MAP2K2 SH3BP2 ITGB2 NFATC2 GRB2 PLCG1 HLA-B VAV2 IFNGR1 BID SOS1 KRAS PLCG2 SYK SHC1 FCER1G RAC1 PTPN11 VAV3 LCK CD247 SHC4
Cocaine addiction,Human Diseases,SLC6A3 JUN CREB3 ATF4 DRD2 PRKACA FOSB PPP1R1B PRKACB CREB1 GRIN1 GRIN2A SLC18A2 GNAI1 GRIN2B ATF2 MAOA RELA NFKB1 PRKACG CDK5R1 TH BDNF DLG4 GRIA2 CDK5 GRIN2C GNAI2
Homologous recombination,Genetic Information Processing,RBBP8 BRCA2 RAD54L ATM BARD1 MUS81 BABAM1 TOPBP1 POLD2 RPA2 BRCA1 NBN POLD1 XRCC2 POLD3 BLM RAD50 UIMC1 XRCC3 SSBP1 MRE11 RAD51 RAD52 ABRAXAS1
Serotonergic synapse,Organismal Systems,PLCB3 GABRB2 MAP2K1 PRKCB MAPK3 KCND2 APP BRAF TPH2 NRAS KCNJ5 PRKACA DUSP1 SLC6A4 PRKCA HTR6 CACNA1B PLA2G4A HTR1A TPH1 RAF1 ARAF MAPK1 CASP3 SLC18A2 PRKACB ITPR2 HRAS GNAI1 PLCB1 PRKCG PTGS2 MAOA CACNA1D PRKACG RAPGEF3 ALOX5 GABRB1 KRAS KCNJ3 ITPR1 GNAI2 CACNA1S KCNN2 CACNA1C TRPC1
Melanogenesis,Organismal Systems,PLCB3 GSK3B TCF7L2 CAMK2B CALM2 MAP2K1 PRKCB MAPK3 CTNNB1 FZD6 KIT TYR CREB3 EP300 NRAS PRKACA PRKCA LEF1 CAMK2D CREBBP CALM3 DVL2 RAF1 CREB1 MAPK1 CALM1 PRKACB HRAS GNAI1 PLCB1 MITF PRKCG MAP2K2 PRKACG KRAS CAMK2A DVL3 DVL1 ADCY6 GNAI2 FZD3 CAMK2G ADCY3
Non-homologous end-joining,Genetic Information Processing,LIG4 POLL FEN1 POLM XRCC5 DCLRE1C XRCC6 PRKDC NHEJ1 MRE11 XRCC4 RAD50
Renin secretion,Organismal Systems,PLCB3 KCNMA1 CALM2 AQP1 NPR1 PRKACA PDE3A KCNJ2 CALM3 PRKG2 PRKACB CREB1 CALM1 ADRB1 AGTR1 EDNRA ITPR2 PLCB1 GNAI1 CACNA1D PRKACG PTGER4 ORAI1 PDE3B ITPR1 ACE ADCY6 GNAI2 CACNA1S ADRB2 CACNA1C GUCY1B1
Epithelial cell signaling in Helicobacter pylori infection,Human Diseases,MAPK12 IKBKB MAPK11 CSK JUN F11R MET CDC42 MAPK9 LYN GIT1 CASP3 MAPK8 PAK1 MAPK14 SRC RELA ADAM17 NFKB1 NFKBIA PLCG1 MAP2K4 MAP3K14 MAPK13 MAPK10 IKBKG CHUK PLCG2 RAC1 PTPN11 EGFR
RNA transport,Genetic Information Processing,EIF5 EIF4G3 EIF4EBP1 GLE1 TACC3 EIF4A3 EIF3J EEF1A2 NCBP1 EEF1A1 SMN1 PRMT5 RBM8A FMR1 FXR1 ALYREF RAN EIF4G2 TARDBP NUP107 SRRM1 NUP210 UPF1 FUS NUP133 POP4 NUP153 EIF4E EIF2S1 NUP98 EIF2B5 EIF4B TGS1 XPO5 SENP2 RANGAP1 EIF2S3 THOC5 EIF3F NUP62 RANBP2 TPR UBE2I DDX19A EIF2S2 NUP50 STRAP NUP214 RNPS1 ACIN1 XPO1 EIF3A DDX19B EIF4G1
Circadian rhythm,Organismal Systems,BHLHE40 CSNK1D CLOCK NR1D1 CRY1 PRKAB1 PER2 RORC PRKAG1 BTRC PRKAA1 CSNK1E CRY2 PER3 CREB1 PRKAA2 RORA
Regulation of lipolysis in adipocytes,Organismal Systems,PIK3R1 IRS1 AKT3 LIPE NPR1 PRKACA PLIN1 FABP4 PRKG2 PRKACB INSR ADRB1 AKT2 IRS4 GNAI1 PIK3R3 PTGS2 IRS2 PRKACG AKT1 PDE3B PRKG1 ADCY6 GNAI2 ADRB2 ADCY3
Legionellosis,Human Diseases,RAB1A TLR5 EEF1A2 EEF1A1 HSPA1A CLK4 CASP7 CASP9 CYCS BNIP3 HSPA1L TNF HSF1 CASP3 CLK1 TLR4 NLRC4 NFKB2 RELA NFKB1 NFKBIA PYCARD ITGB2 CASP8 CASP1 APAF1 VCP
Aldosterone-regulated sodium reabsorption,Organismal Systems,PIK3R1 PRKCB IRS1 MAPK3 PDPK1 NR3C2 PRKCA SGK1 ATP1A1 SCNN1B INSR MAPK1 SLC9A3R2 PIK3R3 PRKCG SCNN1G NEDD4L SFN KRAS KCNJ1
Retrograde endocannabinoid signaling,Organismal Systems,PLCB3 MAPK12 MAPK11 GABRB2 PRKCB MAPK3 NDUFB6 KCNJ5 DAGLA GABRG2 MAPK9 PRKACA PRKCA NDUFV1 CACNA1B GABRR1 GRIA4 NDUFS4 PRKACB MAPK1 MAPK8 MAPK14 NDUFV2 ITPR2 GNAI1 PLCB1 PRKCG PTGS2 CACNA1D PRKACG GRM1 GRIA1 NDUFV3 NDUFS2 GRM5 GRIA2 MAPK13 NDUFA12 MAPK10 GABRB1 KCNJ3 ITPR1 ADCY6 GNAI2 RIMS1 CACNA1S CACNA1C ADCY3
Gastric acid secretion,Organismal Systems,PLCB3 CAMK2B MYLK4 CALM2 PRKCB SLC9A1 PRKACA ATP1A1 PRKCA KCNJ2 SSTR2 CAMK2D CALM3 MYLK3 PRKACB CALM1 ITPR2 MYLK PLCB1 GNAI1 PRKCG MYLK2 PRKACG KCNQ1 CFTR EZR CAMK2A GAST ITPR1 ADCY6 GNAI2 CAMK2G KCNJ1 ADCY3
Notch signaling pathway,Environmental Information Processing,PSEN2 NCSTN NOTCH1 EP300 NCOR2 PSEN1 CREBBP CTBP1 KAT2B DVL2 RBPJ HES5 TLE1 SNW1 NOTCH2 ADAM17 HDAC1 HES1 CTBP2 DVL3 NUMB DVL1 KAT2A HDAC2 ATXN1
Fanconi anemia pathway,Genetic Information Processing,BRCA2 FANCA ATRIP USP1 MUS81 FANCE RMI2 SLX4 FANCD2 RPA2 BRCA1 FANCM ATR POLH BLM FANCL TELO2 HES1 FANCG FANCI REV3L MLH1 RAD51
Insulin secretion,Organismal Systems,PLCB3 KCNMA1 CAMK2B PRKCB KCNN1 CREB3 ATF4 PRKACA PRKCA ATP1A1 SLC2A1 SLC2A2 CAMK2D CREB1 PRKACB PLCB1 PRKCG KCNJ11 STX1A CACNA1D ATF2 PRKACG KCNN4 SNAP25 CAMK2A TRPM4 ADCY6 RYR2 CACNA1S CAMK2G KCNN2 CACNA1C PDX1 ADCY3
Systemic lupus erythematosus,Human Diseases,H2AC11 H2BC21 H4C1 C1R H2BC5 H2BC4 TNF H2AC18 H2AC14 H2BC3 H2AC12 H3-3A H2BC13 GRIN2A H2AC6 FCGR2A SSB GRIN2B ACTN1 ACTN4 H3-4 H2BC17 H2AC21 H3C15 H2BC15 H2BC12 H2BC9 H2BC11 H3C1 H2AC1 CD28 H2AX H2BC14 H2BC18
Endocrine and other factor-regulated calcium reabsorption,Organismal Systems,PLCB3 TRPV5 ATP2B4 PRKCB AP2B1 PTH1R AP2M1 RAB11A ESR1 CLTB VDR PRKACA ATP1A1 PRKCA PRKACB PLCB1 BDKRB2 PRKCG PRKACG DNM1 ATP2B1 ATP2B2 CLTC ADCY6 DNM2
Cortisol synthesis and secretion,Organismal Systems,PLCB3 PDE8A KCNA4 CREB3 ATF4 CACNA1H CYP17A1 STAR PRKACA KCNK3 NR5A1 NR4A1 PRKACB CREB1 AGTR1 ITPR2 PLCB1 ATF2 CACNA1D PRKACG ORAI1 SP1 ITPR1 ADCY6 CACNA1S CACNA1C ADCY3
Primary immunodeficiency,Human Diseases,BLNK CD19 AICDA BTK IKBKG ZAP70 CIITA UNG CD4 DCLRE1C JAK3 PTPRC AIRE CD3E LCK ORAI1 CD79A RAG2
Vasopressin-regulated water reabsorption,Organismal Systems,DYNC1LI1 RAB5B AQP4 DYNC1I2 CREB3 RAB11A PRKACA DCTN6 PRKACB CREB1 RAB5A ARHGDIB ARHGDIA DCTN1 PRKACG AVPR2 DYNLL1 NSF ADCY6 AQP2 ADCY3
Thermogenesis,Organismal Systems,MAPK12 SDHA MAPK11 SMARCD3 FGFR1 ACSL4 MAP3K5 LIPE PRKAA1 MTOR NDUFB6 CREB3 DPF3 RPTOR NRAS MAP2K3 NPR1 TSC1 PRKACA RPS6KA1 NDUFV1 PRKAG1 PLIN1 RPS6KA3 RPS6 SIRT6 AKT1S1 PRKG2 NDUFS4 CREB1 TSC2 PRKACB ATP5F1C RHEB HRAS MAPK14 NDUFV2 SMARCC2 RPS6KA2 RPS6KA6 RPS6KB2 KDM1A PRKAB1 ATF2 PPARGC1A PRKACG RPS6KB1 NDUFV3 NDUFS2 GRB2 ARID1A PRKAA2 SOS1 NDUFA12 MAPK13 KRAS SMARCA4 PRKG1 ADCY6 PPARG KDM3A ADCY3
Morphine addiction,Human Diseases,ARRB2 GABRB2 PDE8A PRKCB GRK5 PDE10A KCNJ5 ARRB1 GABRG2 PRKACA GRK6 PRKCA PDE3A CACNA1B GABRR1 PRKACB PDE4B GNAI1 GABBR2 PRKCG PDE4A PRKACG GABBR1 GABRB1 GRK4 KCNJ3 PDE3B ADCY6 OPRM1 GNAI2 PDE4D PDE11A PDE4C ADCY3
Salivary secretion,Organismal Systems,PLCB3 KCNMA1 NOS1 CALM2 ATP2B4 PRKCB SLC9A1 ADRA1D PRKACA PRKCA ATP1A1 CALM3 PRKG2 PRKACB CALM1 ADRB1 ITPR2 PLCB1 ADRA1B PRKCG PRKACG ATP2B1 TRPV6 PRH1 KCNN4 ATP2B2 ITPR1 PRKG1 ADCY6 SLC12A2 AQP5 ADRB2 GUCY1B1 ADCY3
Phosphatidylinositol signaling system,Environmental Information Processing,PLCB3 PIP5K1C PIK3R1 CALM2 PRKCB DGKG ITPKB PTEN ITPKA PIK3C3 PI4KB PRKCA PIP5K1B CALM3 MTMR2 CALM1 IP6K2 ITPR2 PLCB1 DGKZ PIK3R3 DGKA PRKCG PIK3C2A PIP4K2C PLCG1 SYNJ2 DGKD PIP4K2A ITPR1 PLCG2 INPPL1 PIKFYVE PIP4K2B
Arrhythmogenic right ventricular cardiomyopathy,Human Diseases,TCF7L2 ITGB5 DSP ATP2A2 CTNNB1 DAG1 CTNNA1 ITGB3 PKP2 LEF1 ITGB1 CDH2 DES ITGB4 CACNB2 CACNA1D EMD ITGB7 ITGA2 CACNB1 LMNA JUP CACNA1S GJA1 ITGA4 CACNA1C CACNG2 RYR2
Protein processing in endoplasmic reticulum,Genetic Information Processing,HSP90AB1 SEC63 CANX CAPN2 UBXN1 EIF2AK4 EIF2AK2 MAP3K5 PRKN HSPA1A SSR1 ATF4 MAP2K7 CRYAB MAPK9 PREB TRAF2 BAK1 DNAJB2 SEC23B BAG2 HSP90AA1 HSPA1L DNAJC5 EIF2S1 HSP90B1 DDIT3 MAPK8 ATF6 NFE2L2 EIF2AK1 BCL2 EIF2AK3 ATXN3 ERN1 NSFL1C XBP1 AMFR DNAJB1 MAPK10 SEC23A CAPN1 UBQLN4 PDIA3 PDIA6 HSPH1 BAX UBE2J1 UFD1 VCP
Hypertrophic cardiomyopathy,Human Diseases,ITGB5 TNNT2 ATP2A2 MYL2 PRKAA1 DAG1 ITGB3 ITGB1 PRKAG1 TNF DES PRKAB1 ITGB4 CACNB2 CACNA1D EMD ITGB7 MYBPC3 TTN ITGA2 PRKAA2 CACNB1 TNNI3 LMNA ACE CACNA1S ITGA4 CACNA1C TPM1 CACNG2 RYR2
Dilated cardiomyopathy,Human Diseases,ITGB5 TNNT2 ATP2A2 MYL2 DAG1 ITGB3 PRKACA ITGB1 TNF PRKACB ADRB1 DES ITGB4 EMD CACNA1D CACNB2 PRKACG ITGB7 MYBPC3 TTN ITGA2 CACNB1 PLN TNNI3 LMNA ADCY6 RYR2 CACNA1S ITGA4 CACNA1C TPM1 CACNG2 ADCY3
Glutamatergic synapse,Organismal Systems,PLCB3 GRIK2 PRKCB MAPK3 GLS HOMER3 PLD1 PRKACA PRKCA GRIA4 PLA2G4A GRIN1 PRKACB MAPK1 GRIN2A SLC1A3 ITPR2 GRIN2B GNAI1 PLCB1 PRKCG CACNA1D PRKACG GRM1 GRIA1 DLG4 GRM5 GRIA2 PLD2 KCNJ3 DLGAP1 ITPR1 GRIN2C ADCY6 GNAI2 CACNA1C TRPC1 ADCY3
Base excision repair,Genetic Information Processing,LIG1 LIG3 PCNA FEN1 POLL XRCC1 HMGB1 NEIL1 UNG POLD2 APEX1 PARP1 POLD1 POLD3 MBD4
TGF-beta signaling pathway,Environmental Information Processing,ACVR1 MAPK3 TGFBR2 EP300 ACVR1B ID1 ACVR1C SMAD7 RHOA ACVR2B SMAD4 TGFBR1 TNF MYC CREBBP MAPK1 ROCK1 SMAD9 TFDP1 RPS6KB2 BMPR1B RPS6KB1 ID3 SMURF2 SMAD3 PPP2CA SMAD6 RBL1 PITX2 SP1 BMPR1A SMAD2 SMAD1 ID2 E2F4
Cell adhesion molecules,Environmental Information Processing,LRRC4C NRXN1 F11R SDC4 NLGN4X PTPRF OCLN CD34 CLDN4 HLA-A ITGB1 SDC2 CDH2 CD226 CLDN7 TIGIT CLDN1 SPN CD6 ITGB7 ITGB2 CDH5 MAG CLDN11 HLA-B PECAM1 CD274 SDC3 SDC1 L1CAM MPZL1 NRCAM NCAM1 CTLA4 CD4 CD28 PTPRC ITGA4 CLDN3 CDH1 ICAM3 ICOSLG
Maturity onset diabetes of the young,Human Diseases,HES1 HNF4A HNF1A NEUROD1 SLC2A2 NR5A2 MAFA FOXA2 PAX6 MNX1 PDX1 HHEX
Glycolysis / Gluconeogenesis,Metabolism,PFKP PCK1 PDHA2 LDHB HK2 LDHA GAPDH ENO1 ALDH2 DLD ACSS2 PFKM PFKL PDHA1 PGK1 PGAM1 PGM1 TPI1 HK1 FBP1 PKM GPI
Hedgehog signaling pathway,Environmental Information Processing,GSK3B ARRB2 CSNK1D CSNK1G2 ARRB1 SPOP SUFU PRKACA BTRC CCND1 PRKACB CSNK1G1 GLI3 CSNK1E CSNK1G3 PRKACG BCL2 SMURF2 CCND2 CSNK1A1L GLI1 KIF3A CSNK1A1 GLI2
mRNA surveillance pathway,Genetic Information Processing,GLE1 EIF4A3 NCBP1 RBM8A SYMPK SSU72 ALYREF TARDBP SRRM1 UPF1 FUS RNMT PPP2R3A FIP1L1 PPP2R5C PCF11 PPP2R2B PPP1CC SMG1 PPP2R5D PPP2R5A PPP2CA PPP2R2A DDX19A RNPS1 ACIN1 PPP1CA DAZAP1 DDX19B
Cytosolic DNA-sensing pathway,Organismal Systems,IRF3 IKBKB STING1 CGAS IRF7 NFKBIB RIPK3 MAVS RELA NFKB1 NFKBIA PYCARD RIPK1 IKBKE TBK1 IKBKG CHUK CASP1 POLR2F ADAR
Spliceosome,Genetic Information Processing,SRSF3 HNRNPK PCBP1 SRSF1 EIF4A3 HNRNPC CDC5L NCBP1 HSPA1A RBM8A SRSF9 SRSF5 U2AF2 RBMXL1 RBM17 ALYREF PRPF19 FUS HSPA1L PQBP1 RP9 PLRG1 HNRNPA1 DHX38 SRSF2 HNRNPM SNW1 HNRNPU SF3B2 PRPF31 SF3B1 ACIN1 DDX5 RBMX SNRNP70 PRPF3
DNA replication,Genetic Information Processing,LIG1 PCNA FEN1 MCM4 MCM3 POLD2 RFC1 MCM7 MCM5 POLD1 SSBP1 RPA2 POLD3 MCM2
Thyroid hormone synthesis,Organismal Systems,PLCB3 CANX PRKCB CREB3 ATF4 GPX1 PRKACA ATP1A1 PRKCA HSP90B1 PAX8 PRKACB CREB1 ITPR2 PLCB1 PRKCG ATF2 DUOX1 SLC26A4 PRKACG ASGR2 ITPR1 GSR ADCY6 ADCY3
Ferroptosis,Cellular Processes,HMOX1 MAP1LC3C TFRC ATG5 MAP1LC3A SAT1 PCBP1 SLC7A11 ACSL4 PCBP2 PRNP VDAC2 TP53 SLC3A2 MAP1LC3B
Phagosome,Cellular Processes,FCGR2B ITGB5 DYNC1LI1 CANX LAMP2 NOS1 TUBB3 TUBA1C FCGR2C RAB5B DYNC1I2 TUBB2A TUBB ITGB3 EEA1 PIK3C3 C1R HLA-A ITGB1 NCF4 NCF1 FCAR CD36 FCGR2A CYBA TFRC RAB5A TLR4 NCF2 ITGB2 TUBA1B CORO1A HLA-B ITGA2 TUBA1A TUBA4A RAC1 PIKFYVE HGS
Purine metabolism,Metabolism,RRM2 PPAT NME1 GUCY2F NPR2 PDE8A DCK GUCY2D PDE10A PKM PFAS NPR1 PDE5A PDE3A IMPDH2 NME2 PRPS1 PAICS PRPS2 GMPS PDE4B PGM1 PDE4A XDH FHIT PDE3B ADCY6 PDE6G GMPR PDE4D GUCY2C RRM2B ATIC PDE11A PDE4C RRM1 GUCY1B1 ADCY3
Basal cell carcinoma,Human Diseases,GSK3B TCF7L2 CTNNB1 FZD6 BAK1 SUFU LEF1 DVL2 APC AXIN1 AXIN2 GLI3 CDKN1A DVL3 DVL1 GLI1 FZD3 TP53 GLI2 BAX
Viral myocarditis,Human Diseases,EIF4G3 CAV1 DAG1 CASP9 EIF4G2 FYN CYCS HLA-A ABL1 CCND1 CASP3 ITGB2 HLA-B BID CASP8 ABL2 CD28 RAC1 EIF4G1
Mismatch repair,Genetic Information Processing,LIG1 PCNA MLH1 EXO1 POLD2 RFC1 POLD1 SSBP1 RPA2 POLD3
GABAergic synapse,Organismal Systems,GABRB2 PRKCB GLS GABARAPL2 SLC12A5 GABRG2 PRKACA PRKCA CACNA1B GABRR1 PRKACB GNAI1 GABBR2 PRKCG SRC CACNA1D PRKACG GABBR1 GPHN GAD1 GABRB1 NSF ADCY6 GNAI2 CACNA1S CACNA1C ADCY3
Bile secretion,Organismal Systems,UGT1A7 CYP3A4 SLC9A1 AQP4 RXRA AQP1 SLCO1B1 PRKACA ATP1A1 SLC2A1 HMGCR NR0B2 PRKACB UGT1A3 ABCG2 PRKACG CFTR NR1H4 UGT2B7 ABCB1 SLC4A4 ADCY6 AQP9 SLC9A3 KCNN2 ADCY3
Nucleotide excision repair,Genetic Information Processing,LIG1 ERCC3 PCNA XPA ERCC6 DDB1 POLD2 CETN2 RFC1 CCNH POLD1 XPC RPA2 POLD3 CDK7
Amoebiasis,Human Diseases,PLCB3 PIK3R1 PRKCB GNA15 RAB5B PRKACA PRKCA TNF VCL CASP3 NOS2 PRKACB COL4A3 RAB5A PLCB1 FN1 PIK3R3 ACTN1 PRKCG TLR4 ACTN4 RELA NFKB1 PRKACG LAMC1 ITGB2 PRDX1 HSPB1 PTK2
Inositol phosphate metabolism,Metabolism,PLCB3 PIP5K1C ITPKB PIK3CG PTEN ITPKA PIK3C3 PI4KB PIP5K1B MTMR2 PLCB1 PIK3C2A TPI1 PIP4K2C PLCG1 SYNJ2 PIP4K2A PLCG2 INPPL1 PIKFYVE PIP4K2B
Pancreatic secretion,Organismal Systems,PLCB3 KCNMA1 ATP2B4 ATP2A2 PRKCB SLC9A1 RHOA RAB11A RAP1A PRKCA ATP1A1 RAP1B ITPR2 PLCB1 PRKCG KCNQ1 CFTR ATP2B1 RAB8A ATP2B2 ITPR1 SLC4A4 ADCY6 SLC12A2 RYR2 RAC1 TRPC1 ADCY3
Folate biosynthesis,Metabolism,PAH GCH1 PTS GPHN SPR TH TPH2 QDPR TPH1 DHFR
Pentose phosphate pathway,Metabolism,PFKP G6PD PGM1 FBP1 TKT PRPS1 PGD PFKM PFKL GPI PRPS2
Citrate cycle (TCA cycle),Metabolism,SDHA IDH1 PCK1 IDH2 PDHA2 FH ACO1 ACLY ACO2 DLD PDHA1
Pyruvate metabolism,Metabolism,ACAT1 ME1 PCK1 PDHA2 FH ALDH2 LDHB DLD GLO1 ACSS2 ACACA LDHA PDHA1 ACACB PKM
Inflammatory bowel disease,Human Diseases,TLR5 NFATC1 JUN STAT4 STAT3 TBX21 RORC TNF STAT1 TLR4 RELA NFKB1 SMAD3 IFNGR1 STAT6 SMAD2 FOXP3 GATA3 RORA
Nicotine addiction,Human Diseases,GABRB1 GABRB2 GRIN2B CACNA1B GRIN2C GABRR1 GRIA1 GRIA4 CHRNA7 GRIN1 GRIN2A GABRG2 GRIA2
Carbohydrate digestion and absorption,Organismal Systems,PLCB3 AKT2 HK1 PLCB1 ATP1A1 PIK3R1 PRKCB PIK3R3 AKT3 CACNA1D SLC2A2 AKT1 HK2 SI
PPAR signaling pathway,Organismal Systems,PCK1 SORBS1 ACSL4 RXRA PDPK1 ME1 NR1H3 PLIN1 DBI FABP4 CD36 PLIN2 PPARD HMGCS1 SCD PPARA UBC ILK PPARG
RNA degradation,Genetic Information Processing,PFKP EXOSC9 XRN2 CNOT2 ENO1 PAN3 EDC3 DCP1A BTG1 PFKM PFKL BTG2 TOB1 PAN2 PARN PATL1 EDC4 TOB2 PNPT1 HSPA9
Phototransduction,Organismal Systems,GRK7 RHO CALM2 GUCY2F PDE6G GNAT1 GRK1 CALM3 GUCY2D GUCA1B CALM1
Hematopoietic cell lineage,Organismal Systems,GP1BB CD5 IL2RA CD44 CD3G KIT MME CD3E ITGB3 CD34 TNF CD36 TFRC CD19 FLT3 EPOR ITGA2 MS4A1 CSF1R CSF3R CD4 CD33 ITGA4
